{"type": "FeatureCollection", "features": [{"type": "Feature", "geometry": {"type": "Point", "coordinates": [77.5980003, 12.9936865]}, "properties": {"name": "Bangalore Cantonment", "category": "station", "osm_id": 246397026, "osm_type": "node"}}, {"type": "Feature", "geometry": {"type": "Point", "coordinates": [77.5857517, 12.9235041]}, "properties": {"name": "Shanti Hospital", "category": "hospital", "osm_id": 303924572, "osm_type": "node"}}, {"type": "Feature", "geometry": {"type": "Point", "coordinates": [77.4183276, 12.8484112]}, "properties": {"name": "Hejjala", "category": "station", "osm_id": 308061696, "osm_type": "node"}}, {"type": "Feature", "geometry": {"type": "Point", "coordinates": [77.4837568, 12.9176571]}, "properties": {"name": "Kengeri", "category": "station", "osm_id": 308062102, "osm_type": "node"}}, {"type": "Feature", "geometry": {"type": "Point", "coordinates": [77.5212118, 12.9413253]}, "properties": {"name": "Nayandahalli", "category": "station", "osm_id": 308062851, "osm_type": "node"}}, {"type": "Feature", "geometry": {"type": "Point", "coordinates": [77.5745968, 12.9207173]}, "properties": {"name": "JBS Hospital", "category": "hospital", "osm_id": 364629422, "osm_type": "node"}}, {"type": "Feature", "geometry": {"type": "Point", "coordinates": [77.584433, 12.9231684]}, "properties": {"name": "Jayanagar heart Centre", "category": "hospital", "osm_id": 364629734, "osm_type": "node"}}, {"type": "Feature", "geometry": {"type": "Point", "coordinates": [77.5404836, 12.9981215]}, "properties": {"name": "Chord Road Hospital Pvt Ltd", "category": "hospital", "osm_id": 519549595, "osm_type": "node"}}, {"type": "Feature", "geometry": {"type": "Point", "coordinates": [77.5436127, 12.9978931]}, "properties": {"name": "Pristline Hospital", "category": "hospital", "osm_id": 530353033, "osm_type": "node"}}, {"type": "Feature", "geometry": {"type": "Point", "coordinates": [77.5802836, 12.9376734]}, "properties": {"name": "Bengaluru Hospital, Susruta Medical Aid AndResearch Home Limited", "category": "hospital", "osm_id": 582384953, "osm_type": "node"}}, {"type": "Feature", "geometry": {"type": "Point", "coordinates": [77.5924585, 12.9100629]}, "properties": {"name": "Divakars speciality Hospital", "category": "hospital", "osm_id": 665727326, "osm_type": "node"}}, {"type": "Feature", "geometry": {"type": "Point", "coordinates": [77.5923374, 12.9234317]}, "properties": {"name": "BMTC Hospital", "category": "hospital", "osm_id": 691930445, "osm_type": "node"}}, {"type": "Feature", "geometry": {"type": "Point", "coordinates": [77.583477, 12.9364329]}, "properties": {"name": "Ramakrishna Nursing Home and Hospital", "category": "hospital", "osm_id": 769216417, "osm_type": "node"}}, {"type": "Feature", "geometry": {"type": "Point", "coordinates": [77.5510802, 12.939058]}, "properties": {"name": "Sri Vinayaka Poly Clinic", "category": "hospital", "osm_id": 954623054, "osm_type": "node"}}, {"type": "Feature", "geometry": {"type": "Point", "coordinates": [77.5803846, 12.985247]}, "properties": {"name": "Mallige Medical Centre", "category": "hospital", "osm_id": 1006462338, "osm_type": "node"}}, {"type": "Feature", "geometry": {"type": "Point", "coordinates": [77.5861734, 12.9452313]}, "properties": {"name": "Lalbagh Nursing Home", "category": "hospital", "osm_id": 1085786951, "osm_type": "node"}}, {"type": "Feature", "geometry": {"type": "Point", "coordinates": [77.5817424, 12.9988604]}, "properties": {"name": "Government Maternity Hospital", "category": "hospital", "osm_id": 1101622501, "osm_type": "node"}}, {"type": "Feature", "geometry": {"type": "Point", "coordinates": [77.54325, 12.9681189]}, "properties": {"name": "Soujanya Clinic", "category": "hospital", "osm_id": 1108014134, "osm_type": "node"}}, {"type": "Feature", "geometry": {"type": "Point", "coordinates": [77.5429164, 12.967291]}, "properties": {"name": "Kanva Diagnostics Collection Centre", "category": "hospital", "osm_id": 1108040901, "osm_type": "node"}}, {"type": "Feature", "geometry": {"type": "Point", "coordinates": [77.4974982, 12.90306]}, "properties": {"name": "BGS Gleneagles Hospitals", "category": "hospital", "osm_id": 1228960966, "osm_type": "node"}}, {"type": "Feature", "geometry": {"type": "Point", "coordinates": [77.5830655, 12.9073391]}, "properties": {"name": "Srinivas Clinic", "category": "hospital", "osm_id": 1272424543, "osm_type": "node"}}, {"type": "Feature", "geometry": {"type": "Point", "coordinates": [77.560715, 12.8915893]}, "properties": {"name": "Metro Hospital", "category": "hospital", "osm_id": 1318987638, "osm_type": "node"}}, {"type": "Feature", "geometry": {"type": "Point", "coordinates": [77.5907094, 12.9367955]}, "properties": {"name": "SDS Tuberculosis Research Centre and Rajiv Gandhi Institute of Chest diseases", "category": "hospital", "osm_id": 1438212033, "osm_type": "node"}}, {"type": "Feature", "geometry": {"type": "Point", "coordinates": [77.5854533, 12.942614]}, "properties": {"name": "Maiya Multispecialty Hospital", "category": "hospital", "osm_id": 1440343668, "osm_type": "node"}}, {"type": "Feature", "geometry": {"type": "Point", "coordinates": [77.5129757, 12.9746134]}, "properties": {"name": "Vasan Eye Care Hospital, Nagarabhavi", "category": "hospital", "osm_id": 1463507632, "osm_type": "node"}}, {"type": "Feature", "geometry": {"type": "Point", "coordinates": [77.5153776, 12.930936]}, "properties": {"name": "Rc Hospital", "category": "hospital", "osm_id": 1463555571, "osm_type": "node"}}, {"type": "Feature", "geometry": {"type": "Point", "coordinates": [77.5156579, 12.9263226]}, "properties": {"name": "Veturi Child Health Centre", "category": "hospital", "osm_id": 1463563608, "osm_type": "node"}}, {"type": "Feature", "geometry": {"type": "Point", "coordinates": [77.5913594, 12.9126298]}, "properties": {"name": "Chirag Hospital and Maternity Center", "category": "hospital", "osm_id": 1464921265, "osm_type": "node"}}, {"type": "Feature", "geometry": {"type": "Point", "coordinates": [77.5489346, 12.9256842]}, "properties": {"name": "Udhbhava Hospital", "category": "hospital", "osm_id": 1466477036, "osm_type": "node"}}, {"type": "Feature", "geometry": {"type": "Point", "coordinates": [77.5598673, 12.9206648]}, "properties": {"name": "DG Hospital", "category": "hospital", "osm_id": 1466576385, "osm_type": "node"}}, {"type": "Feature", "geometry": {"type": "Point", "coordinates": [77.5660602, 12.9336501]}, "properties": {"name": "Kangila Clinic", "category": "hospital", "osm_id": 1467778591, "osm_type": "node"}}, {"type": "Feature", "geometry": {"type": "Point", "coordinates": [77.5877091, 12.9293288]}, "properties": {"name": "Jayanagar Orthopaedic Centre", "category": "hospital", "osm_id": 1473296715, "osm_type": "node"}}, {"type": "Feature", "geometry": {"type": "Point", "coordinates": [77.5675192, 12.9458714]}, "properties": {"name": "Shekar Hospital", "category": "hospital", "osm_id": 1473921774, "osm_type": "node"}}, {"type": "Feature", "geometry": {"type": "Point", "coordinates": [77.5788941, 12.9135707]}, "properties": {"name": "Parimala Clinic", "category": "hospital", "osm_id": 1474277938, "osm_type": "node"}}, {"type": "Feature", "geometry": {"type": "Point", "coordinates": [77.5937737, 12.9387115]}, "properties": {"name": "NIMHANS Screening block", "category": "hospital", "osm_id": 1474472488, "osm_type": "node"}}, {"type": "Feature", "geometry": {"type": "Point", "coordinates": [77.5942994, 12.9388056]}, "properties": {"name": "NIMHANS OPD", "category": "hospital", "osm_id": 1474472859, "osm_type": "node"}}, {"type": "Feature", "geometry": {"type": "Point", "coordinates": [77.5940621, 12.9483598]}, "properties": {"name": "Manjunath Hospital", "category": "hospital", "osm_id": 1474511948, "osm_type": "node"}}, {"type": "Feature", "geometry": {"type": "Point", "coordinates": [77.5942592, 12.9484356]}, "properties": {"name": "Karthik Hospital", "category": "hospital", "osm_id": 1474512442, "osm_type": "node"}}, {"type": "Feature", "geometry": {"type": "Point", "coordinates": [77.5510696, 12.9956506]}, "properties": {"name": "Citi Hospital", "category": "hospital", "osm_id": 1474819896, "osm_type": "node"}}, {"type": "Feature", "geometry": {"type": "Point", "coordinates": [77.5505328, 12.9995223]}, "properties": {"name": "Vasan Eye Care Hospital, Rajaji Nagar", "category": "hospital", "osm_id": 1474819897, "osm_type": "node"}}, {"type": "Feature", "geometry": {"type": "Point", "coordinates": [77.55045, 12.9998205]}, "properties": {"name": "Ananya Hospital", "category": "hospital", "osm_id": 1474819898, "osm_type": "node"}}, {"type": "Feature", "geometry": {"type": "Point", "coordinates": [77.5719766, 12.9970915]}, "properties": {"name": "Baptist", "category": "hospital", "osm_id": 1474820321, "osm_type": "node"}}, {"type": "Feature", "geometry": {"type": "Point", "coordinates": [77.5479135, 12.973967]}, "properties": {"name": "Shivakrupa Hospital", "category": "hospital", "osm_id": 1474827898, "osm_type": "node"}}, {"type": "Feature", "geometry": {"type": "Point", "coordinates": [77.5742046, 12.9926441]}, "properties": {"name": "Sri Maruthi hospital, Sheshadripuram", "category": "hospital", "osm_id": 1617398469, "osm_type": "node"}}, {"type": "Feature", "geometry": {"type": "Point", "coordinates": [77.5265054, 12.9593144]}, "properties": {"name": "Gurushree Hitech Multispeciality Hospital", "category": "hospital", "osm_id": 1778854020, "osm_type": "node"}}, {"type": "Feature", "geometry": {"type": "Point", "coordinates": [77.5313495, 12.9755854]}, "properties": {"name": "Shobha Hospital, Bengaluru Urban", "category": "hospital", "osm_id": 1778897704, "osm_type": "node"}}, {"type": "Feature", "geometry": {"type": "Point", "coordinates": [77.5426819, 12.9744053]}, "properties": {"name": "Gayathri Hospital, Bengaluru Urban", "category": "hospital", "osm_id": 1778953072, "osm_type": "node"}}, {"type": "Feature", "geometry": {"type": "Point", "coordinates": [77.4929837, 12.9309944]}, "properties": {"name": "MEDSOL Hospital", "category": "hospital", "osm_id": 1794111895, "osm_type": "node"}}, {"type": "Feature", "geometry": {"type": "Point", "coordinates": [77.5326369, 12.9761294]}, "properties": {"name": "Bharathy Hospital", "category": "hospital", "osm_id": 1809734261, "osm_type": "node"}}, {"type": "Feature", "geometry": {"type": "Point", "coordinates": [77.5598033, 12.9202791]}, "properties": {"name": "Yogananda Medical and Research Centre", "category": "hospital", "osm_id": 1812673570, "osm_type": "node"}}, {"type": "Feature", "geometry": {"type": "Point", "coordinates": [77.5850591, 12.9411061]}, "properties": {"name": "Kottakkal Arya Vaidya Sala", "category": "hospital", "osm_id": 1905152108, "osm_type": "node"}}, {"type": "Feature", "geometry": {"type": "Point", "coordinates": [77.5841671, 12.8807554]}, "properties": {"name": "T.R.Hospital", "category": "hospital", "osm_id": 2002686385, "osm_type": "node"}}, {"type": "Feature", "geometry": {"type": "Point", "coordinates": [77.5816961, 12.891484]}, "properties": {"name": "Rainbow Clinic and Diagnostic Laboratory", "category": "hospital", "osm_id": 2012122119, "osm_type": "node"}}, {"type": "Feature", "geometry": {"type": "Point", "coordinates": [77.5606403, 12.9993857]}, "properties": {"name": "Nayak Hospital, Gayathri Nagar", "category": "hospital", "osm_id": 2026076836, "osm_type": "node"}}, {"type": "Feature", "geometry": {"type": "Point", "coordinates": [77.5701276, 12.8845448]}, "properties": {"name": "Rajnandani Hospital, Bangalore", "category": "hospital", "osm_id": 2122595759, "osm_type": "node"}}, {"type": "Feature", "geometry": {"type": "Point", "coordinates": [77.5550223, 12.915903]}, "properties": {"name": "Maharaja Agrasen Hospital, Bengaluru Urban", "category": "hospital", "osm_id": 2123564200, "osm_type": "node"}}, {"type": "Feature", "geometry": {"type": "Point", "coordinates": [77.5642974, 12.9231342]}, "properties": {"name": "Banashankari Referral Hospital", "category": "hospital", "osm_id": 2123630630, "osm_type": "node"}}, {"type": "Feature", "geometry": {"type": "Point", "coordinates": [77.555816, 12.9179548]}, "properties": {"name": "Bangalore Kidney Foundation - NU Hospital", "category": "hospital", "osm_id": 2124813862, "osm_type": "node"}}, {"type": "Feature", "geometry": {"type": "Point", "coordinates": [77.511726, 12.9613237]}, "properties": {"name": "Panacea Hospital, Nagarabhavi", "category": "hospital", "osm_id": 2212459207, "osm_type": "node"}}, {"type": "Feature", "geometry": {"type": "Point", "coordinates": [77.5435424, 12.9856882]}, "properties": {"name": "Shanbhag Hospital", "category": "hospital", "osm_id": 2249069522, "osm_type": "node"}}, {"type": "Feature", "geometry": {"type": "Point", "coordinates": [77.5397544, 12.9946566]}, "properties": {"name": "Trupti Nursing Home", "category": "hospital", "osm_id": 2268407035, "osm_type": "node"}}, {"type": "Feature", "geometry": {"type": "Point", "coordinates": [77.5336479, 12.9744193]}, "properties": {"name": "Happy Tooth", "category": "hospital", "osm_id": 2480870848, "osm_type": "node"}}, {"type": "Feature", "geometry": {"type": "Point", "coordinates": [77.532699, 12.9745812]}, "properties": {"name": "Rishi Women and Child Clinic", "category": "hospital", "osm_id": 2480884777, "osm_type": "node"}}, {"type": "Feature", "geometry": {"type": "Point", "coordinates": [77.5369482, 12.9736894]}, "properties": {"name": "Penta Care Ayurvedic Hospital", "category": "hospital", "osm_id": 2483779679, "osm_type": "node"}}, {"type": "Feature", "geometry": {"type": "Point", "coordinates": [77.5419997, 12.9436624]}, "properties": {"name": "Shalini Nursing & MAternity Home", "category": "hospital", "osm_id": 2484900084, "osm_type": "node"}}, {"type": "Feature", "geometry": {"type": "Point", "coordinates": [77.5394723, 12.9729127]}, "properties": {"name": "Shreya Poly Clinic", "category": "hospital", "osm_id": 2487658338, "osm_type": "node"}}, {"type": "Feature", "geometry": {"type": "Point", "coordinates": [77.5271683, 12.9612829]}, "properties": {"name": "Anurag Medical Center", "category": "hospital", "osm_id": 2514705828, "osm_type": "node"}}, {"type": "Feature", "geometry": {"type": "Point", "coordinates": [77.555666, 12.9843701]}, "properties": {"name": "Pragathi Ayurvedic Center", "category": "hospital", "osm_id": 2554302512, "osm_type": "node"}}, {"type": "Feature", "geometry": {"type": "Point", "coordinates": [77.5695603, 12.9781739]}, "properties": {"name": "Krantivira Sangolli Rayanna (Bengaluru)", "category": "station", "osm_id": 2669084978, "osm_type": "node"}}, {"type": "Feature", "geometry": {"type": "Point", "coordinates": [77.5342853, 12.9623406]}, "properties": {"name": "Sharavathi Hospitals (P) Ltd.", "category": "hospital", "osm_id": 2914260121, "osm_type": "node"}}, {"type": "Feature", "geometry": {"type": "Point", "coordinates": [77.5592568, 12.9169288]}, "properties": {"name": "Dr.Agarwal's Eye Hospital Ltd, Padmanabha Nagar", "category": "hospital", "osm_id": 2932851733, "osm_type": "node"}}, {"type": "Feature", "geometry": {"type": "Point", "coordinates": [77.5555842, 12.9184617]}, "properties": {"name": "Shraddha Eye Care", "category": "hospital", "osm_id": 2984295033, "osm_type": "node"}}, {"type": "Feature", "geometry": {"type": "Point", "coordinates": [77.5154779, 12.931334]}, "properties": {"name": "Vasan Eye Care Hospital, Rajarajeswari Nagar", "category": "hospital", "osm_id": 3004275434, "osm_type": "node"}}, {"type": "Feature", "geometry": {"type": "Point", "coordinates": [77.5858347, 12.9055088]}, "properties": {"name": "Cloud Nine Fertility", "category": "hospital", "osm_id": 3016090364, "osm_type": "node"}}, {"type": "Feature", "geometry": {"type": "Point", "coordinates": [77.5466715, 12.8827229]}, "properties": {"name": "Aikya Healthcare", "category": "hospital", "osm_id": 3037310855, "osm_type": "node"}}, {"type": "Feature", "geometry": {"type": "Point", "coordinates": [77.5664029, 12.8840897]}, "properties": {"name": "Konanakunte Government Hospital", "category": "hospital", "osm_id": 3100475907, "osm_type": "node"}}, {"type": "Feature", "geometry": {"type": "Point", "coordinates": [77.5088745, 12.8002465]}, "properties": {"name": "Anand Clinic", "category": "hospital", "osm_id": 3120578217, "osm_type": "node"}}, {"type": "Feature", "geometry": {"type": "Point", "coordinates": [77.5084507, 12.8011096]}, "properties": {"name": "Sanjeevani Clinic", "category": "hospital", "osm_id": 3120578218, "osm_type": "node"}}, {"type": "Feature", "geometry": {"type": "Point", "coordinates": [77.5109371, 12.8047243]}, "properties": {"name": "Government Hospital", "category": "hospital", "osm_id": 3120578551, "osm_type": "node"}}, {"type": "Feature", "geometry": {"type": "Point", "coordinates": [77.4618775, 12.896052]}, "properties": {"name": "Rajarajeshwari Hospital and Medical College", "category": "hospital", "osm_id": 3120590213, "osm_type": "node"}}, {"type": "Feature", "geometry": {"type": "Point", "coordinates": [77.418604, 12.9069608]}, "properties": {"name": "Rajarajeshwari Dental College", "category": "hospital", "osm_id": 3120594392, "osm_type": "node"}}, {"type": "Feature", "geometry": {"type": "Point", "coordinates": [77.5999663, 12.916731]}, "properties": {"name": "Jayadeva Hospital", "category": "station", "osm_id": 3302642058, "osm_type": "node"}}, {"type": "Feature", "geometry": {"type": "Point", "coordinates": [77.5878222, 12.968031]}, "properties": {"name": "Dr. Rajkumar Blood Bank", "category": "hospital", "osm_id": 3400223541, "osm_type": "node"}}, {"type": "Feature", "geometry": {"type": "Point", "coordinates": [77.5986921, 12.9474222]}, "properties": {"name": "Krishna Nursing Home", "category": "hospital", "osm_id": 3710210170, "osm_type": "node"}}, {"type": "Feature", "geometry": {"type": "Point", "coordinates": [77.5988107, 12.9900105]}, "properties": {"name": "Shifa Hospital, Bengaluru Urban", "category": "hospital", "osm_id": 3714125744, "osm_type": "node"}}, {"type": "Feature", "geometry": {"type": "Point", "coordinates": [77.5856011, 12.9159249]}, "properties": {"name": "Milann Fertility Center", "category": "hospital", "osm_id": 3719549886, "osm_type": "node"}}, {"type": "Feature", "geometry": {"type": "Point", "coordinates": [77.5930493, 12.9603157]}, "properties": {"name": "HCG Cancer Hospital", "category": "hospital", "osm_id": 3773028057, "osm_type": "node"}}, {"type": "Feature", "geometry": {"type": "Point", "coordinates": [77.5919279, 12.9584755]}, "properties": {"name": "Health Care Global", "category": "hospital", "osm_id": 3922280181, "osm_type": "node"}}, {"type": "Feature", "geometry": {"type": "Point", "coordinates": [77.5893625, 12.9292418]}, "properties": {"name": "Gulecha Dental Care", "category": "hospital", "osm_id": 4097027897, "osm_type": "node"}}, {"type": "Feature", "geometry": {"type": "Point", "coordinates": [77.5424167, 12.9767055]}, "properties": {"name": "hospital 4171032289", "category": "hospital", "osm_id": 4171032289, "osm_type": "node"}}, {"type": "Feature", "geometry": {"type": "Point", "coordinates": [77.5460481, 12.9850421]}, "properties": {"name": "Dr Raos Maternity Hospital", "category": "hospital", "osm_id": 4343881190, "osm_type": "node"}}, {"type": "Feature", "geometry": {"type": "Point", "coordinates": [77.5748248, 12.9485535]}, "properties": {"name": "Sagar Chandramma Hospitals", "category": "hospital", "osm_id": 4349307192, "osm_type": "node"}}, {"type": "Feature", "geometry": {"type": "Point", "coordinates": [77.5493718, 12.9717049]}, "properties": {"name": "Shiva Kumaraswamy Building", "category": "hospital", "osm_id": 4406333893, "osm_type": "node"}}, {"type": "Feature", "geometry": {"type": "Point", "coordinates": [77.5999324, 12.8615976]}, "properties": {"name": "Myo Medex - Ace Speciality Clinic", "category": "hospital", "osm_id": 4440769883, "osm_type": "node"}}, {"type": "Feature", "geometry": {"type": "Point", "coordinates": [77.5950098, 12.8750879]}, "properties": {"name": "Narayana Nethralaya", "category": "hospital", "osm_id": 4440987271, "osm_type": "node"}}, {"type": "Feature", "geometry": {"type": "Point", "coordinates": [77.5624888, 12.9151071]}, "properties": {"name": "NRS Medical & Dental Specialists Centre", "category": "hospital", "osm_id": 4443301971, "osm_type": "node"}}, {"type": "Feature", "geometry": {"type": "Point", "coordinates": [77.5619057, 12.9390944]}, "properties": {"name": "Sarvodaya Hospital", "category": "hospital", "osm_id": 4444989840, "osm_type": "node"}}, {"type": "Feature", "geometry": {"type": "Point", "coordinates": [77.5349228, 12.966771]}, "properties": {"name": "Employees State Insurance Dispensary", "category": "hospital", "osm_id": 4445356902, "osm_type": "node"}}, {"type": "Feature", "geometry": {"type": "Point", "coordinates": [77.5738144, 12.9951627]}, "properties": {"name": "Dr Solankis Eye Hospital", "category": "hospital", "osm_id": 4445397516, "osm_type": "node"}}, {"type": "Feature", "geometry": {"type": "Point", "coordinates": [77.5834769, 12.9705436]}, "properties": {"name": "St. Martha's Heart Centre", "category": "hospital", "osm_id": 4446346449, "osm_type": "node"}}, {"type": "Feature", "geometry": {"type": "Point", "coordinates": [77.5793154, 12.9863736]}, "properties": {"name": "Desai Nursing Home", "category": "hospital", "osm_id": 4446518811, "osm_type": "node"}}, {"type": "Feature", "geometry": {"type": "Point", "coordinates": [77.5548179, 12.9881648]}, "properties": {"name": "Fortis Hospital", "category": "hospital", "osm_id": 4446664412, "osm_type": "node"}}, {"type": "Feature", "geometry": {"type": "Point", "coordinates": [77.5573329, 12.9378359]}, "properties": {"name": "\" NRS Medical & Dental Specialists Centre\"", "category": "hospital", "osm_id": 4446881168, "osm_type": "node"}}, {"type": "Feature", "geometry": {"type": "Point", "coordinates": [77.5518394, 12.9386994]}, "properties": {"name": "Chiranjeevi Hospital & Maternity Home", "category": "hospital", "osm_id": 4446891375, "osm_type": "node"}}, {"type": "Feature", "geometry": {"type": "Point", "coordinates": [77.5494778, 12.9373748]}, "properties": {"name": "Vinayaka Hospital, Hanumantha Nagar", "category": "hospital", "osm_id": 4446893667, "osm_type": "node"}}, {"type": "Feature", "geometry": {"type": "Point", "coordinates": [77.5477956, 12.9354293]}, "properties": {"name": "Diavista Diabetes & Multispeciality Hospital", "category": "hospital", "osm_id": 4446894388, "osm_type": "node"}}, {"type": "Feature", "geometry": {"type": "Point", "coordinates": [77.553698, 12.9420715]}, "properties": {"name": "Meenakshi Hospital", "category": "hospital", "osm_id": 4446897063, "osm_type": "node"}}, {"type": "Feature", "geometry": {"type": "Point", "coordinates": [77.5603657, 12.9408667]}, "properties": {"name": "Medi-Tech Multi Speciality Hospital", "category": "hospital", "osm_id": 4446899253, "osm_type": "node"}}, {"type": "Feature", "geometry": {"type": "Point", "coordinates": [77.5506918, 12.9420124]}, "properties": {"name": "Kusuma Hospital", "category": "hospital", "osm_id": 4446900247, "osm_type": "node"}}, {"type": "Feature", "geometry": {"type": "Point", "coordinates": [77.5516293, 12.9274553]}, "properties": {"name": "Ring Road Hospital", "category": "hospital", "osm_id": 4446907220, "osm_type": "node"}}, {"type": "Feature", "geometry": {"type": "Point", "coordinates": [77.5438808, 12.9389007]}, "properties": {"name": "Pulse Multispecialty Hospital", "category": "hospital", "osm_id": 4446907712, "osm_type": "node"}}, {"type": "Feature", "geometry": {"type": "Point", "coordinates": [77.5450887, 12.9316792]}, "properties": {"name": "Surya Galaxy Hospital", "category": "hospital", "osm_id": 4446909294, "osm_type": "node"}}, {"type": "Feature", "geometry": {"type": "Point", "coordinates": [77.5403887, 12.9984229]}, "properties": {"name": "Pristine Hospital", "category": "hospital", "osm_id": 4447009524, "osm_type": "node"}}, {"type": "Feature", "geometry": {"type": "Point", "coordinates": [77.5276466, 12.9575029]}, "properties": {"name": "Sri Vinayaka Hospital", "category": "hospital", "osm_id": 4447013195, "osm_type": "node"}}, {"type": "Feature", "geometry": {"type": "Point", "coordinates": [77.5276882, 12.9573897]}, "properties": {"name": "Shathayu Ayurveda Wellness Centre", "category": "hospital", "osm_id": 4447015118, "osm_type": "node"}}, {"type": "Feature", "geometry": {"type": "Point", "coordinates": [77.5275515, 12.9594984]}, "properties": {"name": "Hospital Sharavathi", "category": "hospital", "osm_id": 4447072265, "osm_type": "node"}}, {"type": "Feature", "geometry": {"type": "Point", "coordinates": [77.5443283, 12.9735891]}, "properties": {"name": "Arogya Kendra", "category": "hospital", "osm_id": 4447072624, "osm_type": "node"}}, {"type": "Feature", "geometry": {"type": "Point", "coordinates": [77.5333324, 12.9644231]}, "properties": {"name": "Venkat Charmalaya", "category": "hospital", "osm_id": 4447075424, "osm_type": "node"}}, {"type": "Feature", "geometry": {"type": "Point", "coordinates": [77.5403581, 12.9787049]}, "properties": {"name": "V Care\u00a0Medical\u00a0Systems P Ltd", "category": "hospital", "osm_id": 4447076167, "osm_type": "node"}}, {"type": "Feature", "geometry": {"type": "Point", "coordinates": [77.5246297, 12.968821]}, "properties": {"name": "Manasa Hospital", "category": "hospital", "osm_id": 4447076314, "osm_type": "node"}}, {"type": "Feature", "geometry": {"type": "Point", "coordinates": [77.5351921, 12.9691657]}, "properties": {"name": "Saikrupa Hospital For Women's and Surgical Centre", "category": "hospital", "osm_id": 4447079172, "osm_type": "node"}}, {"type": "Feature", "geometry": {"type": "Point", "coordinates": [77.5449094, 12.9768117]}, "properties": {"name": "Cutis Academy of Cutaneous Sciences", "category": "hospital", "osm_id": 4447082866, "osm_type": "node"}}, {"type": "Feature", "geometry": {"type": "Point", "coordinates": [77.533401, 12.9621516]}, "properties": {"name": "Shreya Hearing Clinic", "category": "hospital", "osm_id": 4447083784, "osm_type": "node"}}, {"type": "Feature", "geometry": {"type": "Point", "coordinates": [77.5300796, 12.9603312]}, "properties": {"name": "Prasad Nethralaya", "category": "hospital", "osm_id": 4447088630, "osm_type": "node"}}, {"type": "Feature", "geometry": {"type": "Point", "coordinates": [77.5372864, 12.9717905]}, "properties": {"name": "Vijayanagar Global Hospital", "category": "hospital", "osm_id": 4447097087, "osm_type": "node"}}, {"type": "Feature", "geometry": {"type": "Point", "coordinates": [77.5389842, 12.9649703]}, "properties": {"name": "Blossom Infertility Center", "category": "hospital", "osm_id": 4447100075, "osm_type": "node"}}, {"type": "Feature", "geometry": {"type": "Point", "coordinates": [77.5350434, 12.958321]}, "properties": {"name": "Padmashree Nursing Home and Maternity Home", "category": "hospital", "osm_id": 4447105332, "osm_type": "node"}}, {"type": "Feature", "geometry": {"type": "Point", "coordinates": [77.5302683, 12.9639998]}, "properties": {"name": "hospital 4447119911", "category": "hospital", "osm_id": 4447119911, "osm_type": "node"}}, {"type": "Feature", "geometry": {"type": "Point", "coordinates": [77.5151893, 12.9706209]}, "properties": {"name": "Dhanush Hospital", "category": "hospital", "osm_id": 4447142720, "osm_type": "node"}}, {"type": "Feature", "geometry": {"type": "Point", "coordinates": [77.5184436, 12.957572]}, "properties": {"name": "S K Hospital, Bengaluru Urban", "category": "hospital", "osm_id": 4447155158, "osm_type": "node"}}, {"type": "Feature", "geometry": {"type": "Point", "coordinates": [77.580682, 12.9062193]}, "properties": {"name": "Green City Hospital, Bengaluru Urban", "category": "hospital", "osm_id": 4447156427, "osm_type": "node"}}, {"type": "Feature", "geometry": {"type": "Point", "coordinates": [77.5715879, 12.9947201]}, "properties": {"name": "The Homoeo World", "category": "hospital", "osm_id": 4447171840, "osm_type": "node"}}, {"type": "Feature", "geometry": {"type": "Point", "coordinates": [77.5327211, 12.9698405]}, "properties": {"name": "Modern Family Doctor Pvt Ltd", "category": "hospital", "osm_id": 4447213952, "osm_type": "node"}}, {"type": "Feature", "geometry": {"type": "Point", "coordinates": [77.5756907, 12.9312101]}, "properties": {"name": "Oxford Hospital", "category": "hospital", "osm_id": 4447273084, "osm_type": "node"}}, {"type": "Feature", "geometry": {"type": "Point", "coordinates": [77.5904192, 12.9059465]}, "properties": {"name": "R R Hospital & Trauma Centre", "category": "hospital", "osm_id": 4447316956, "osm_type": "node"}}, {"type": "Feature", "geometry": {"type": "Point", "coordinates": [77.5859569, 12.9039905]}, "properties": {"name": "M N Speciality Clinic", "category": "hospital", "osm_id": 4447383325, "osm_type": "node"}}, {"type": "Feature", "geometry": {"type": "Point", "coordinates": [77.5986641, 12.9009278]}, "properties": {"name": "Parimala Health Care", "category": "hospital", "osm_id": 4447978869, "osm_type": "node"}}, {"type": "Feature", "geometry": {"type": "Point", "coordinates": [77.5877756, 12.9458746]}, "properties": {"name": "Vijay Diagnostic Centre", "category": "hospital", "osm_id": 4448075597, "osm_type": "node"}}, {"type": "Feature", "geometry": {"type": "Point", "coordinates": [77.5680927, 12.924274]}, "properties": {"name": "Dr Lal PathLabs", "category": "hospital", "osm_id": 4448118314, "osm_type": "node"}}, {"type": "Feature", "geometry": {"type": "Point", "coordinates": [77.5682821, 12.8943049]}, "properties": {"name": "Sri Sai Ram Hospital", "category": "hospital", "osm_id": 4456339090, "osm_type": "node"}}, {"type": "Feature", "geometry": {"type": "Point", "coordinates": [77.5354215, 12.995573]}, "properties": {"name": "ChanRe Rheumatology and Immunology Center and Research", "category": "hospital", "osm_id": 4509817152, "osm_type": "node"}}, {"type": "Feature", "geometry": {"type": "Point", "coordinates": [77.4788534, 12.9838763]}, "properties": {"name": "Anupama Hospital", "category": "hospital", "osm_id": 4518518893, "osm_type": "node"}}, {"type": "Feature", "geometry": {"type": "Point", "coordinates": [77.5451059, 12.9709463]}, "properties": {"name": "Manasa Hospital, Vijayanagar", "category": "hospital", "osm_id": 4533735695, "osm_type": "node"}}, {"type": "Feature", "geometry": {"type": "Point", "coordinates": [77.5426964, 12.9056092]}, "properties": {"name": "Nagarathna Hospital", "category": "hospital", "osm_id": 4547191103, "osm_type": "node"}}, {"type": "Feature", "geometry": {"type": "Point", "coordinates": [77.5794541, 12.9306876]}, "properties": {"name": "Lucid Medical Diagnostics", "category": "hospital", "osm_id": 4578753189, "osm_type": "node"}}, {"type": "Feature", "geometry": {"type": "Point", "coordinates": [77.5504219, 12.9984887]}, "properties": {"name": "Cauvery Orthopaedic Centre", "category": "hospital", "osm_id": 4597833389, "osm_type": "node"}}, {"type": "Feature", "geometry": {"type": "Point", "coordinates": [77.5851878, 12.9168014]}, "properties": {"name": "Apollo Bengaluru Cradle Limited, Jayanagar", "category": "hospital", "osm_id": 4609603646, "osm_type": "node"}}, {"type": "Feature", "geometry": {"type": "Point", "coordinates": [77.5509423, 12.997613]}, "properties": {"name": "Nethradhama Superspeciality Eye Hospital, Rajajinagar", "category": "hospital", "osm_id": 4623723101, "osm_type": "node"}}, {"type": "Feature", "geometry": {"type": "Point", "coordinates": [77.59445, 12.9397588]}, "properties": {"name": "NIMHANS - Ashwini Block", "category": "hospital", "osm_id": 4680014207, "osm_type": "node"}}, {"type": "Feature", "geometry": {"type": "Point", "coordinates": [77.5931597, 12.9400669]}, "properties": {"name": "National Institute of Mental Health and Neuro Sciences", "category": "hospital", "osm_id": 4729472422, "osm_type": "node"}}, {"type": "Feature", "geometry": {"type": "Point", "coordinates": [77.5988406, 12.9404277]}, "properties": {"name": "NBRC(National Brain Research Center)", "category": "hospital", "osm_id": 4729478014, "osm_type": "node"}}, {"type": "Feature", "geometry": {"type": "Point", "coordinates": [77.5918347, 12.9555357]}, "properties": {"name": "Respigen healthcare", "category": "hospital", "osm_id": 4843104321, "osm_type": "node"}}, {"type": "Feature", "geometry": {"type": "Point", "coordinates": [77.5569222, 12.9849537]}, "properties": {"name": "Altius Hospital", "category": "hospital", "osm_id": 5157373807, "osm_type": "node"}}, {"type": "Feature", "geometry": {"type": "Point", "coordinates": [77.5968531, 12.9918415]}, "properties": {"name": "Bangalore Diabetes Hospital", "category": "hospital", "osm_id": 5174903787, "osm_type": "node"}}, {"type": "Feature", "geometry": {"type": "Point", "coordinates": [77.5966914, 12.9472091]}, "properties": {"name": "V. S. Achar Multispeciality Hospital", "category": "hospital", "osm_id": 5234723863, "osm_type": "node"}}, {"type": "Feature", "geometry": {"type": "Point", "coordinates": [77.5842632, 12.933223]}, "properties": {"name": "Nature Cure Hospital", "category": "hospital", "osm_id": 5234739990, "osm_type": "node"}}, {"type": "Feature", "geometry": {"type": "Point", "coordinates": [77.5549647, 12.966103]}, "properties": {"name": "Government Hospital", "category": "hospital", "osm_id": 5259407821, "osm_type": "node"}}, {"type": "Feature", "geometry": {"type": "Point", "coordinates": [77.5945391, 12.9403849]}, "properties": {"name": "Emergency Block , NIMHANS", "category": "hospital", "osm_id": 5265649228, "osm_type": "node"}}, {"type": "Feature", "geometry": {"type": "Point", "coordinates": [77.5273633, 12.9138086]}, "properties": {"name": "Usha Vikranth Diagnostic Center and Hospital", "category": "hospital", "osm_id": 5277512112, "osm_type": "node"}}, {"type": "Feature", "geometry": {"type": "Point", "coordinates": [77.5709473, 12.9542624]}, "properties": {"name": "Sri Shankara Cancer Hospital And Research Centre (A Service Unit Of Sscf)", "category": "hospital", "osm_id": 5716797221, "osm_type": "node"}}, {"type": "Feature", "geometry": {"type": "Point", "coordinates": [77.5883015, 12.9170807]}, "properties": {"name": "Ragigudda", "category": "station", "osm_id": 5760198239, "osm_type": "node"}}, {"type": "Feature", "geometry": {"type": "Point", "coordinates": [77.5391801, 12.9939752]}, "properties": {"name": "Vathsalya Speciality Hospital", "category": "hospital", "osm_id": 5825292845, "osm_type": "node"}}, {"type": "Feature", "geometry": {"type": "Point", "coordinates": [77.5413282, 12.9677607]}, "properties": {"name": "Maruthi Hospital", "category": "hospital", "osm_id": 5879132707, "osm_type": "node"}}, {"type": "Feature", "geometry": {"type": "Point", "coordinates": [77.5631963, 12.9965253]}, "properties": {"name": "Srirampura", "category": "station", "osm_id": 5960788726, "osm_type": "node"}}, {"type": "Feature", "geometry": {"type": "Point", "coordinates": [77.5975756, 12.9809575]}, "properties": {"name": "Cubbon Park", "category": "station", "osm_id": 6400857555, "osm_type": "node"}}, {"type": "Feature", "geometry": {"type": "Point", "coordinates": [77.5916385, 12.9787419]}, "properties": {"name": "Dr. B. R. Ambedkar Station, Vidhana Soudha", "category": "station", "osm_id": 6400857556, "osm_type": "node"}}, {"type": "Feature", "geometry": {"type": "Point", "coordinates": [77.58422, 12.9745197]}, "properties": {"name": "Sir M. Visvesvaraya Stn., Central College", "category": "station", "osm_id": 6400857557, "osm_type": "node"}}, {"type": "Feature", "geometry": {"type": "Point", "coordinates": [77.5728757, 12.9757079]}, "properties": {"name": "Nadaprabhu Kempegowda Station, Majestic", "category": "station", "osm_id": 6400857558, "osm_type": "node"}}, {"type": "Feature", "geometry": {"type": "Point", "coordinates": [77.5653767, 12.9758768]}, "properties": {"name": "Krantivira Sangolli Rayanna Railway Station", "category": "station", "osm_id": 6400857559, "osm_type": "node"}}, {"type": "Feature", "geometry": {"type": "Point", "coordinates": [77.5553523, 12.975632]}, "properties": {"name": "Magadi Road", "category": "station", "osm_id": 6400857560, "osm_type": "node"}}, {"type": "Feature", "geometry": {"type": "Point", "coordinates": [77.5456215, 12.9742933]}, "properties": {"name": "Sri Balagangadharanatha Swamiji Station, Hosahalli", "category": "station", "osm_id": 6400857561, "osm_type": "node"}}, {"type": "Feature", "geometry": {"type": "Point", "coordinates": [77.5374044, 12.9709559]}, "properties": {"name": "Vijayanagar", "category": "station", "osm_id": 6400857562, "osm_type": "node"}}, {"type": "Feature", "geometry": {"type": "Point", "coordinates": [77.5335788, 12.9618931]}, "properties": {"name": "Attiguppe", "category": "station", "osm_id": 6400857563, "osm_type": "node"}}, {"type": "Feature", "geometry": {"type": "Point", "coordinates": [77.5370122, 12.9520578]}, "properties": {"name": "Deepanjali Nagar", "category": "station", "osm_id": 6400857564, "osm_type": "node"}}, {"type": "Feature", "geometry": {"type": "Point", "coordinates": [77.5301588, 12.9467183]}, "properties": {"name": "Mysore Road", "category": "station", "osm_id": 6400857565, "osm_type": "node"}}, {"type": "Feature", "geometry": {"type": "Point", "coordinates": [77.5707293, 12.9904629]}, "properties": {"name": "Mantri Square Sampige Road", "category": "station", "osm_id": 6410706688, "osm_type": "node"}}, {"type": "Feature", "geometry": {"type": "Point", "coordinates": [77.5568986, 12.9985297]}, "properties": {"name": "Mahakavi Kuvempu Road", "category": "station", "osm_id": 6410706689, "osm_type": "node"}}, {"type": "Feature", "geometry": {"type": "Point", "coordinates": [77.5701194, 12.8960498]}, "properties": {"name": "Yelachenahalli", "category": "station", "osm_id": 6432710292, "osm_type": "node"}}, {"type": "Feature", "geometry": {"type": "Point", "coordinates": [77.5731279, 12.9074747]}, "properties": {"name": "Jaya Prakash Nagar", "category": "station", "osm_id": 6432710293, "osm_type": "node"}}, {"type": "Feature", "geometry": {"type": "Point", "coordinates": [77.573598, 12.9152208]}, "properties": {"name": "Banashankari", "category": "station", "osm_id": 6432710294, "osm_type": "node"}}, {"type": "Feature", "geometry": {"type": "Point", "coordinates": [77.5802015, 12.9215807]}, "properties": {"name": "Rashtreeya Vidyalaya Road", "category": "station", "osm_id": 6432710295, "osm_type": "node"}}, {"type": "Feature", "geometry": {"type": "Point", "coordinates": [77.5801439, 12.9295069]}, "properties": {"name": "Jayanagar", "category": "station", "osm_id": 6432710296, "osm_type": "node"}}, {"type": "Feature", "geometry": {"type": "Point", "coordinates": [77.5800556, 12.9382573]}, "properties": {"name": "South End Circle", "category": "station", "osm_id": 6432710297, "osm_type": "node"}}, {"type": "Feature", "geometry": {"type": "Point", "coordinates": [77.580016, 12.9465265]}, "properties": {"name": "Lalbagh", "category": "station", "osm_id": 6432710298, "osm_type": "node"}}, {"type": "Feature", "geometry": {"type": "Point", "coordinates": [77.5736898, 12.9505266]}, "properties": {"name": "National College", "category": "station", "osm_id": 6432710299, "osm_type": "node"}}, {"type": "Feature", "geometry": {"type": "Point", "coordinates": [77.5746578, 12.9608788]}, "properties": {"name": "Krishna Rajendra Market", "category": "station", "osm_id": 6432710300, "osm_type": "node"}}, {"type": "Feature", "geometry": {"type": "Point", "coordinates": [77.5745566, 12.9668974]}, "properties": {"name": "Chickpete", "category": "station", "osm_id": 6432710301, "osm_type": "node"}}, {"type": "Feature", "geometry": {"type": "Point", "coordinates": [77.5493143, 12.9821954]}, "properties": {"name": "The Eye Surgical Centre", "category": "hospital", "osm_id": 6502980174, "osm_type": "node"}}, {"type": "Feature", "geometry": {"type": "Point", "coordinates": [77.4808065, 12.9156896]}, "properties": {"name": "Kengeri Upanagara Government Hospital", "category": "hospital", "osm_id": 6809801083, "osm_type": "node"}}, {"type": "Feature", "geometry": {"type": "Point", "coordinates": [77.5593919, 12.9158516]}, "properties": {"name": "Yogananda Multi Speciality Hospital", "category": "hospital", "osm_id": 6852266953, "osm_type": "node"}}, {"type": "Feature", "geometry": {"type": "Point", "coordinates": [77.5501121, 12.9998982]}, "properties": {"name": "Dr. Agrawal's Eye Hospital", "category": "hospital", "osm_id": 6855409793, "osm_type": "node"}}, {"type": "Feature", "geometry": {"type": "Point", "coordinates": [77.5347984, 12.9948905]}, "properties": {"name": "Ashok Hospital", "category": "hospital", "osm_id": 6937748988, "osm_type": "node"}}, {"type": "Feature", "geometry": {"type": "Point", "coordinates": [77.5666429, 12.9376087]}, "properties": {"name": "Balaji Hospital and Gastroenterology Center", "category": "hospital", "osm_id": 6937814427, "osm_type": "node"}}, {"type": "Feature", "geometry": {"type": "Point", "coordinates": [77.4939886, 12.9517481]}, "properties": {"name": "Abhay Hospital", "category": "hospital", "osm_id": 6937844482, "osm_type": "node"}}, {"type": "Feature", "geometry": {"type": "Point", "coordinates": [77.568151, 12.9981979]}, "properties": {"name": "Dr. B. Venkatasubbarao Memorial Hospital", "category": "hospital", "osm_id": 6937892396, "osm_type": "node"}}, {"type": "Feature", "geometry": {"type": "Point", "coordinates": [77.5802779, 12.9497745]}, "properties": {"name": "South City Hospital, Bengaluru Urban", "category": "hospital", "osm_id": 6937898160, "osm_type": "node"}}, {"type": "Feature", "geometry": {"type": "Point", "coordinates": [77.5663653, 12.9998457]}, "properties": {"name": "Jupiter Hospital And Institute Of Vascular Surgery", "category": "hospital", "osm_id": 6938414183, "osm_type": "node"}}, {"type": "Feature", "geometry": {"type": "Point", "coordinates": [77.5309655, 12.9829857]}, "properties": {"name": "Shreyas Hospital, Bengaluru Urban", "category": "hospital", "osm_id": 6938540502, "osm_type": "node"}}, {"type": "Feature", "geometry": {"type": "Point", "coordinates": [77.5688544, 12.9690441]}, "properties": {"name": "Radha Maternity and Surgical Hospital", "category": "hospital", "osm_id": 6938690597, "osm_type": "node"}}, {"type": "Feature", "geometry": {"type": "Point", "coordinates": [77.5809833, 12.9878104]}, "properties": {"name": "Hitech Kidney Stone Hospital, Bengaluru Urban", "category": "hospital", "osm_id": 6938690598, "osm_type": "node"}}, {"type": "Feature", "geometry": {"type": "Point", "coordinates": [77.5599374, 12.9822186]}, "properties": {"name": "Sri Dhavantari Ayurveda Hoapital", "category": "hospital", "osm_id": 6938690600, "osm_type": "node"}}, {"type": "Feature", "geometry": {"type": "Point", "coordinates": [77.5528322, 12.9845512]}, "properties": {"name": "Vaidyam Hospital", "category": "hospital", "osm_id": 6938690603, "osm_type": "node"}}, {"type": "Feature", "geometry": {"type": "Point", "coordinates": [77.5551014, 12.9897745]}, "properties": {"name": "Suresh Hospital - Bangalore", "category": "hospital", "osm_id": 6938690604, "osm_type": "node"}}, {"type": "Feature", "geometry": {"type": "Point", "coordinates": [77.580691, 12.9932806]}, "properties": {"name": "Samprathi Eye Hospital And Squint Centre", "category": "hospital", "osm_id": 6938690626, "osm_type": "node"}}, {"type": "Feature", "geometry": {"type": "Point", "coordinates": [77.5799654, 12.8919509]}, "properties": {"name": "Supra South City Hospital", "category": "hospital", "osm_id": 6938692472, "osm_type": "node"}}, {"type": "Feature", "geometry": {"type": "Point", "coordinates": [77.550269, 12.9992083]}, "properties": {"name": "ChanRe Rheumatology and Immunology Center and Research", "category": "hospital", "osm_id": 6938695148, "osm_type": "node"}}, {"type": "Feature", "geometry": {"type": "Point", "coordinates": [77.5114394, 12.9579894]}, "properties": {"name": "Chandana Hospital", "category": "hospital", "osm_id": 6938695149, "osm_type": "node"}}, {"type": "Feature", "geometry": {"type": "Point", "coordinates": [77.5655432, 12.9215013]}, "properties": {"name": "Sri Krishna Hospital", "category": "hospital", "osm_id": 6938708338, "osm_type": "node"}}, {"type": "Feature", "geometry": {"type": "Point", "coordinates": [77.5716037, 12.9966677]}, "properties": {"name": "Malleswaram Eye Day Care Hospital - Bengalore", "category": "hospital", "osm_id": 6938717990, "osm_type": "node"}}, {"type": "Feature", "geometry": {"type": "Point", "coordinates": [77.5729595, 12.9933551]}, "properties": {"name": "Mahaveer Eye Hospital Private Limited", "category": "hospital", "osm_id": 6938717991, "osm_type": "node"}}, {"type": "Feature", "geometry": {"type": "Point", "coordinates": [77.5802015, 12.9989833]}, "properties": {"name": "Bilva Hospital", "category": "hospital", "osm_id": 6938717993, "osm_type": "node"}}, {"type": "Feature", "geometry": {"type": "Point", "coordinates": [77.5773127, 12.9256932]}, "properties": {"name": "Nethradhama Superspeciality Eye Hospital, Jayanagar", "category": "hospital", "osm_id": 6938727983, "osm_type": "node"}}, {"type": "Feature", "geometry": {"type": "Point", "coordinates": [77.5994906, 12.9122295]}, "properties": {"name": "Dr Agarwals Eye Hospital Ltd", "category": "hospital", "osm_id": 6938741378, "osm_type": "node"}}, {"type": "Feature", "geometry": {"type": "Point", "coordinates": [77.5825109, 12.8130672]}, "properties": {"name": "Fosa Humanitarian Hospital", "category": "hospital", "osm_id": 6938762135, "osm_type": "node"}}, {"type": "Feature", "geometry": {"type": "Point", "coordinates": [77.5528805, 12.9118831]}, "properties": {"name": "C.S. Hospital", "category": "hospital", "osm_id": 6938772336, "osm_type": "node"}}, {"type": "Feature", "geometry": {"type": "Point", "coordinates": [77.5435022, 12.9650437]}, "properties": {"name": "Sri Kalabyraveshwara Swamy Ayurvedic Medical College hospital", "category": "hospital", "osm_id": 6938774143, "osm_type": "node"}}, {"type": "Feature", "geometry": {"type": "Point", "coordinates": [77.5455876, 12.9765645]}, "properties": {"name": "Anugraha Hospital, Vijayanagar", "category": "hospital", "osm_id": 6938775801, "osm_type": "node"}}, {"type": "Feature", "geometry": {"type": "Point", "coordinates": [77.5781228, 12.9711822]}, "properties": {"name": "Amar Hospital", "category": "hospital", "osm_id": 6938775840, "osm_type": "node"}}, {"type": "Feature", "geometry": {"type": "Point", "coordinates": [77.5640827, 12.95727]}, "properties": {"name": "Retina Institute Of Karnataka", "category": "hospital", "osm_id": 6938775845, "osm_type": "node"}}, {"type": "Feature", "geometry": {"type": "Point", "coordinates": [77.5644522, 12.9572978]}, "properties": {"name": "The Venlakh Hospital", "category": "hospital", "osm_id": 6938775846, "osm_type": "node"}}, {"type": "Feature", "geometry": {"type": "Point", "coordinates": [77.5644596, 12.9406698]}, "properties": {"name": "Vishwabharathi Hospital Pvt. Ltd", "category": "hospital", "osm_id": 6938775854, "osm_type": "node"}}, {"type": "Feature", "geometry": {"type": "Point", "coordinates": [77.5578493, 12.9404548]}, "properties": {"name": "Sunetra Eye Hospital, Bengaluru Urban", "category": "hospital", "osm_id": 6938775855, "osm_type": "node"}}, {"type": "Feature", "geometry": {"type": "Point", "coordinates": [77.5711893, 12.9253299]}, "properties": {"name": "Sri Vivekananda Sevashrama", "category": "hospital", "osm_id": 6938775856, "osm_type": "node"}}, {"type": "Feature", "geometry": {"type": "Point", "coordinates": [77.568896, 12.9276382]}, "properties": {"name": "Saraswathi Hospital", "category": "hospital", "osm_id": 6938775857, "osm_type": "node"}}, {"type": "Feature", "geometry": {"type": "Point", "coordinates": [77.5944105, 12.9386321]}, "properties": {"name": "National Institute of Mental Health and Neuro Sciences", "category": "hospital", "osm_id": 6938777910, "osm_type": "node"}}, {"type": "Feature", "geometry": {"type": "Point", "coordinates": [77.5461361, 12.9291283]}, "properties": {"name": "Netraspandana Healthcare and Research Pvt. Ltd", "category": "hospital", "osm_id": 6938777925, "osm_type": "node"}}, {"type": "Feature", "geometry": {"type": "Point", "coordinates": [77.5550705, 12.9176216]}, "properties": {"name": "Nu Trust", "category": "hospital", "osm_id": 6938777945, "osm_type": "node"}}, {"type": "Feature", "geometry": {"type": "Point", "coordinates": [77.5333714, 12.9817311]}, "properties": {"name": "Padmavathi Hospital, Bengaluru Urban", "category": "hospital", "osm_id": 6938777957, "osm_type": "node"}}, {"type": "Feature", "geometry": {"type": "Point", "coordinates": [77.5031644, 12.9957177]}, "properties": {"name": "Panchamukhi Specialityu Hospital", "category": "hospital", "osm_id": 6938777962, "osm_type": "node"}}, {"type": "Feature", "geometry": {"type": "Point", "coordinates": [77.5087273, 12.9881868]}, "properties": {"name": "Sri Lakshmi Multi Speciality Hospital", "category": "hospital", "osm_id": 6938779562, "osm_type": "node"}}, {"type": "Feature", "geometry": {"type": "Point", "coordinates": [77.5519297, 12.9278657]}, "properties": {"name": "Ring Road Hospital", "category": "hospital", "osm_id": 6938783140, "osm_type": "node"}}, {"type": "Feature", "geometry": {"type": "Point", "coordinates": [77.5957945, 12.8822813]}, "properties": {"name": "Vasan Eye Care Hospital, Bannergatta Road", "category": "hospital", "osm_id": 6938787285, "osm_type": "node"}}, {"type": "Feature", "geometry": {"type": "Point", "coordinates": [77.5948906, 12.917589]}, "properties": {"name": "Shekhar Hospital, Jayanagar", "category": "hospital", "osm_id": 6938863247, "osm_type": "node"}}, {"type": "Feature", "geometry": {"type": "Point", "coordinates": [77.5732398, 12.9103393]}, "properties": {"name": "Vasan Eye Care Hospital, Sarakki", "category": "hospital", "osm_id": 6938876210, "osm_type": "node"}}, {"type": "Feature", "geometry": {"type": "Point", "coordinates": [77.5937748, 12.9255233]}, "properties": {"name": "Sunayana Eye Hospital", "category": "hospital", "osm_id": 6938912267, "osm_type": "node"}}, {"type": "Feature", "geometry": {"type": "Point", "coordinates": [77.5847384, 12.9163994]}, "properties": {"name": "Dr Kamini Rao Hospital(A Unit Of Bacc Health Care Pvt Ltd)", "category": "hospital", "osm_id": 6938995621, "osm_type": "node"}}, {"type": "Feature", "geometry": {"type": "Point", "coordinates": [77.592659, 12.9605309]}, "properties": {"name": "HCG", "category": "hospital", "osm_id": 6939048258, "osm_type": "node"}}, {"type": "Feature", "geometry": {"type": "Point", "coordinates": [77.5588015, 12.9929043]}, "properties": {"name": "Supriya Hospital, Bengaluru Urban", "category": "hospital", "osm_id": 6939075872, "osm_type": "node"}}, {"type": "Feature", "geometry": {"type": "Point", "coordinates": [77.5096312, 12.974865]}, "properties": {"name": "Essential Hospital", "category": "hospital", "osm_id": 6939257334, "osm_type": "node"}}, {"type": "Feature", "geometry": {"type": "Point", "coordinates": [77.5672585, 12.9548208]}, "properties": {"name": "Kalasa Maternity Home", "category": "hospital", "osm_id": 6939319393, "osm_type": "node"}}, {"type": "Feature", "geometry": {"type": "Point", "coordinates": [77.5493681, 12.982442]}, "properties": {"name": "Sidvin Hospital Pvt Ltd", "category": "hospital", "osm_id": 6939438895, "osm_type": "node"}}, {"type": "Feature", "geometry": {"type": "Point", "coordinates": [77.5509238, 12.9246384]}, "properties": {"name": "Abhilash Hospital And Sara Rehabilitation Centre", "category": "hospital", "osm_id": 6939444286, "osm_type": "node"}}, {"type": "Feature", "geometry": {"type": "Point", "coordinates": [77.5457901, 12.9275311]}, "properties": {"name": "Sg Hospital", "category": "hospital", "osm_id": 6939582677, "osm_type": "node"}}, {"type": "Feature", "geometry": {"type": "Point", "coordinates": [77.5819892, 12.9988238]}, "properties": {"name": "Place Guttahalli Maternity Home", "category": "hospital", "osm_id": 6939699617, "osm_type": "node"}}, {"type": "Feature", "geometry": {"type": "Point", "coordinates": [77.5911717, 12.9608027]}, "properties": {"name": "Phoenix Hospital, Bengaluru Urban", "category": "hospital", "osm_id": 6939719899, "osm_type": "node"}}, {"type": "Feature", "geometry": {"type": "Point", "coordinates": [77.4832503, 12.9215104]}, "properties": {"name": "Shreya Hospital, Bengaluru Rural", "category": "hospital", "osm_id": 6944095844, "osm_type": "node"}}, {"type": "Feature", "geometry": {"type": "Point", "coordinates": [77.4857756, 12.9255704]}, "properties": {"name": "Sri Annapoorneshwari Hospital", "category": "hospital", "osm_id": 6944096856, "osm_type": "node"}}, {"type": "Feature", "geometry": {"type": "Point", "coordinates": [77.5747874, 12.9563016]}, "properties": {"name": "Kims Hospital and Research Centre", "category": "hospital", "osm_id": 6944128588, "osm_type": "node"}}, {"type": "Feature", "geometry": {"type": "Point", "coordinates": [77.5949925, 12.9489406]}, "properties": {"name": "Karthik Hospital, Bengaluru Urban", "category": "hospital", "osm_id": 6944138103, "osm_type": "node"}}, {"type": "Feature", "geometry": {"type": "Point", "coordinates": [77.5892667, 12.9670215]}, "properties": {"name": "Bangalore Kidney Stones Hospital", "category": "hospital", "osm_id": 6944138105, "osm_type": "node"}}, {"type": "Feature", "geometry": {"type": "Point", "coordinates": [77.5471291, 12.9271131]}, "properties": {"name": "Abhaya Eye Hospital, Super Speciality Eye Care Centre", "category": "hospital", "osm_id": 6944201468, "osm_type": "node"}}, {"type": "Feature", "geometry": {"type": "Point", "coordinates": [77.4806057, 12.9110975]}, "properties": {"name": "Mathru Hospital - Bangalore", "category": "hospital", "osm_id": 6944231472, "osm_type": "node"}}, {"type": "Feature", "geometry": {"type": "Point", "coordinates": [77.5473283, 12.9424801]}, "properties": {"name": "The Pulse Multi Speciality Hospital", "category": "hospital", "osm_id": 6944256036, "osm_type": "node"}}, {"type": "Feature", "geometry": {"type": "Point", "coordinates": [77.5703564, 12.9514854]}, "properties": {"name": "Popular Hospital", "category": "hospital", "osm_id": 6944256037, "osm_type": "node"}}, {"type": "Feature", "geometry": {"type": "Point", "coordinates": [77.5548633, 12.9526505]}, "properties": {"name": "Gavipuramguttahalli Maternity Home", "category": "hospital", "osm_id": 6944269353, "osm_type": "node"}}, {"type": "Feature", "geometry": {"type": "Point", "coordinates": [77.5493883, 12.9745134]}, "properties": {"name": "Spine Care And Ortho Care Hospital", "category": "hospital", "osm_id": 6944276882, "osm_type": "node"}}, {"type": "Feature", "geometry": {"type": "Point", "coordinates": [77.5892687, 12.8579673]}, "properties": {"name": "Vijayashree Hospitals", "category": "hospital", "osm_id": 6944283814, "osm_type": "node"}}, {"type": "Feature", "geometry": {"type": "Point", "coordinates": [77.5474034, 12.9733764]}, "properties": {"name": "Tanmay Hospital", "category": "hospital", "osm_id": 6944287716, "osm_type": "node"}}, {"type": "Feature", "geometry": {"type": "Point", "coordinates": [77.5427189, 12.9645006]}, "properties": {"name": "Susheel Hospital", "category": "hospital", "osm_id": 6944309977, "osm_type": "node"}}, {"type": "Feature", "geometry": {"type": "Point", "coordinates": [77.52312, 12.9654318]}, "properties": {"name": "Dhanush Hospital", "category": "hospital", "osm_id": 6944332151, "osm_type": "node"}}, {"type": "Feature", "geometry": {"type": "Point", "coordinates": [77.5786096, 12.938853]}, "properties": {"name": "Av Hospital", "category": "hospital", "osm_id": 6944392363, "osm_type": "node"}}, {"type": "Feature", "geometry": {"type": "Point", "coordinates": [77.5602901, 12.9632506]}, "properties": {"name": "Balaji Hospital, K.H. Ranganath Colony", "category": "hospital", "osm_id": 6944392364, "osm_type": "node"}}, {"type": "Feature", "geometry": {"type": "Point", "coordinates": [77.4800451, 12.9110766]}, "properties": {"name": "Belaku Eye Hospital", "category": "hospital", "osm_id": 6944400794, "osm_type": "node"}}, {"type": "Feature", "geometry": {"type": "Point", "coordinates": [77.5903161, 12.9670615]}, "properties": {"name": "Bhavatprabhu Hospitals Pvt Limited", "category": "hospital", "osm_id": 6944400815, "osm_type": "node"}}, {"type": "Feature", "geometry": {"type": "Point", "coordinates": [77.5485635, 12.9559644]}, "properties": {"name": "Azad Nagar Maternity Home", "category": "hospital", "osm_id": 6944464994, "osm_type": "node"}}, {"type": "Feature", "geometry": {"type": "Point", "coordinates": [77.5764705, 12.9403012]}, "properties": {"name": "Gunasheela Surgical and Maternity Hospital", "category": "hospital", "osm_id": 6944507652, "osm_type": "node"}}, {"type": "Feature", "geometry": {"type": "Point", "coordinates": [77.5736019, 12.9207314]}, "properties": {"name": "Excel Care Hospital", "category": "hospital", "osm_id": 6944507653, "osm_type": "node"}}, {"type": "Feature", "geometry": {"type": "Point", "coordinates": [77.5819811, 12.9292015]}, "properties": {"name": "Vasan Eye Care Hospital, Jayanagar", "category": "hospital", "osm_id": 6944507654, "osm_type": "node"}}, {"type": "Feature", "geometry": {"type": "Point", "coordinates": [77.579028, 12.9271389]}, "properties": {"name": "Hi Tech Kidney Stone Hospital", "category": "hospital", "osm_id": 6944507655, "osm_type": "node"}}, {"type": "Feature", "geometry": {"type": "Point", "coordinates": [77.573217, 12.9242515]}, "properties": {"name": "Dr. Vidyananda's Surgery and Dia Centre", "category": "hospital", "osm_id": 6944507660, "osm_type": "node"}}, {"type": "Feature", "geometry": {"type": "Point", "coordinates": [77.583809, 12.8443653]}, "properties": {"name": "Banashankari Hospital", "category": "hospital", "osm_id": 6944507682, "osm_type": "node"}}, {"type": "Feature", "geometry": {"type": "Point", "coordinates": [77.5108275, 12.9819768]}, "properties": {"name": "Unity Lifline Hospital Pvt Ltd", "category": "hospital", "osm_id": 6944525393, "osm_type": "node"}}, {"type": "Feature", "geometry": {"type": "Point", "coordinates": [77.5207892, 12.910823]}, "properties": {"name": "Unity Hospital, Bengaluru Urban", "category": "hospital", "osm_id": 6944578226, "osm_type": "node"}}, {"type": "Feature", "geometry": {"type": "Point", "coordinates": [77.4784157, 12.9085981]}, "properties": {"name": "HK Hospital", "category": "hospital", "osm_id": 6944616329, "osm_type": "node"}}, {"type": "Feature", "geometry": {"type": "Point", "coordinates": [77.5790786, 12.9496114]}, "properties": {"name": "Jyothi The Lasik Vision Centre", "category": "hospital", "osm_id": 6944888150, "osm_type": "node"}}, {"type": "Feature", "geometry": {"type": "Point", "coordinates": [77.4794832, 12.9868695]}, "properties": {"name": "S.S.G. Hospital", "category": "hospital", "osm_id": 6944895084, "osm_type": "node"}}, {"type": "Feature", "geometry": {"type": "Point", "coordinates": [77.5830996, 12.9563042]}, "properties": {"name": "Bengaluru West Lions Hospital", "category": "hospital", "osm_id": 6944925493, "osm_type": "node"}}, {"type": "Feature", "geometry": {"type": "Point", "coordinates": [77.5371969, 12.9716291]}, "properties": {"name": "Vijayanagar Hospital", "category": "hospital", "osm_id": 6944983789, "osm_type": "node"}}, {"type": "Feature", "geometry": {"type": "Point", "coordinates": [77.5683897, 12.9550181]}, "properties": {"name": "Abhinava Eye Hospital", "category": "hospital", "osm_id": 6945001435, "osm_type": "node"}}, {"type": "Feature", "geometry": {"type": "Point", "coordinates": [77.5849275, 12.9067079]}, "properties": {"name": "North Star Maternity and Nursing Home", "category": "hospital", "osm_id": 6945010490, "osm_type": "node"}}, {"type": "Feature", "geometry": {"type": "Point", "coordinates": [77.5843965, 12.9685305]}, "properties": {"name": "Punarjyoti Eye Hospital, Bengaluru Urban", "category": "hospital", "osm_id": 6945020140, "osm_type": "node"}}, {"type": "Feature", "geometry": {"type": "Point", "coordinates": [77.5315556, 12.9601022]}, "properties": {"name": "A.M. Hospital", "category": "hospital", "osm_id": 6945309984, "osm_type": "node"}}, {"type": "Feature", "geometry": {"type": "Point", "coordinates": [77.5352668, 12.9586907]}, "properties": {"name": "Divya Drishti Eye Hospital, Vijayanagar", "category": "hospital", "osm_id": 6945348721, "osm_type": "node"}}, {"type": "Feature", "geometry": {"type": "Point", "coordinates": [77.5217172, 12.9617045]}, "properties": {"name": "Shridevi Hospital, Bengaluru Urban", "category": "hospital", "osm_id": 6945398483, "osm_type": "node"}}, {"type": "Feature", "geometry": {"type": "Point", "coordinates": [77.5725357, 12.9732706]}, "properties": {"name": "Sreeniwasa Hospital", "category": "hospital", "osm_id": 6945768862, "osm_type": "node"}}, {"type": "Feature", "geometry": {"type": "Point", "coordinates": [77.5078006, 12.988865]}, "properties": {"name": "Ashraya Medinova Pvt Ltd", "category": "hospital", "osm_id": 6946978667, "osm_type": "node"}}, {"type": "Feature", "geometry": {"type": "Point", "coordinates": [77.561823, 12.9741253]}, "properties": {"name": "Magadi Road Maternity Home", "category": "hospital", "osm_id": 6947003707, "osm_type": "node"}}, {"type": "Feature", "geometry": {"type": "Point", "coordinates": [77.5432779, 12.9980009]}, "properties": {"name": "Pristine Hospital", "category": "hospital", "osm_id": 6947033494, "osm_type": "node"}}, {"type": "Feature", "geometry": {"type": "Point", "coordinates": [77.5473364, 12.89708]}, "properties": {"name": "Samastha Hospitals Pvt Ltd", "category": "hospital", "osm_id": 6947375064, "osm_type": "node"}}, {"type": "Feature", "geometry": {"type": "Point", "coordinates": [77.5982255, 12.964162]}, "properties": {"name": "Republic Hospital", "category": "hospital", "osm_id": 6947504038, "osm_type": "node"}}, {"type": "Feature", "geometry": {"type": "Point", "coordinates": [77.5716318, 12.9074269]}, "properties": {"name": "R.R. Hospital and Trauma Centre", "category": "hospital", "osm_id": 6947556032, "osm_type": "node"}}, {"type": "Feature", "geometry": {"type": "Point", "coordinates": [77.5728562, 12.9619528]}, "properties": {"name": "Institute Of Nephro Urology hospital", "category": "hospital", "osm_id": 6947682067, "osm_type": "node"}}, {"type": "Feature", "geometry": {"type": "Point", "coordinates": [77.5374853, 12.9862161]}, "properties": {"name": "Punya Hospital, Bengaluru Urban", "category": "hospital", "osm_id": 6947707895, "osm_type": "node"}}, {"type": "Feature", "geometry": {"type": "Point", "coordinates": [77.48376, 12.9418827]}, "properties": {"name": "Vijaya Hospital, Bengaluru Urban", "category": "hospital", "osm_id": 6947707903, "osm_type": "node"}}, {"type": "Feature", "geometry": {"type": "Point", "coordinates": [77.5261763, 12.9761802]}, "properties": {"name": "Sandhyashree Hospital", "category": "hospital", "osm_id": 6947716888, "osm_type": "node"}}, {"type": "Feature", "geometry": {"type": "Point", "coordinates": [77.5589544, 12.9162753]}, "properties": {"name": "Hillside Hospital", "category": "hospital", "osm_id": 6947750361, "osm_type": "node"}}, {"type": "Feature", "geometry": {"type": "Point", "coordinates": [77.5926509, 12.9646359]}, "properties": {"name": "Pd Hinduja Sindhi Hospital", "category": "hospital", "osm_id": 6947915400, "osm_type": "node"}}, {"type": "Feature", "geometry": {"type": "Point", "coordinates": [77.542782, 12.9986239]}, "properties": {"name": "Sri Ranga Arogyadhama", "category": "hospital", "osm_id": 6948030294, "osm_type": "node"}}, {"type": "Feature", "geometry": {"type": "Point", "coordinates": [77.5115959, 12.978053]}, "properties": {"name": "Brinda Hospital", "category": "hospital", "osm_id": 6948059664, "osm_type": "node"}}, {"type": "Feature", "geometry": {"type": "Point", "coordinates": [77.4918039, 12.95119]}, "properties": {"name": "Sankalpa Hospital", "category": "hospital", "osm_id": 6948187839, "osm_type": "node"}}, {"type": "Feature", "geometry": {"type": "Point", "coordinates": [77.5108503, 12.9705902]}, "properties": {"name": "Deepashri Hospital", "category": "hospital", "osm_id": 6948391975, "osm_type": "node"}}, {"type": "Feature", "geometry": {"type": "Point", "coordinates": [77.5549364, 12.9817233]}, "properties": {"name": "Rotary Eye Hospital (A Unit Of Bangalore North Rotary Trust)", "category": "hospital", "osm_id": 6948438892, "osm_type": "node"}}, {"type": "Feature", "geometry": {"type": "Point", "coordinates": [77.5755649, 12.9543465]}, "properties": {"name": "Venkateswara Hospital, Bengaluru Urban", "category": "hospital", "osm_id": 6950124308, "osm_type": "node"}}, {"type": "Feature", "geometry": {"type": "Point", "coordinates": [77.5612113, 12.8914666]}, "properties": {"name": "Metro Hospital, Bengaluru Rural", "category": "hospital", "osm_id": 6950185729, "osm_type": "node"}}, {"type": "Feature", "geometry": {"type": "Point", "coordinates": [77.5429603, 12.9783164]}, "properties": {"name": "Madhu Hospital, Bengaluru Urban", "category": "hospital", "osm_id": 6950185730, "osm_type": "node"}}, {"type": "Feature", "geometry": {"type": "Point", "coordinates": [77.5436792, 12.9745983]}, "properties": {"name": "Padmashree Diagnostics", "category": "hospital", "osm_id": 7139631443, "osm_type": "node"}}, {"type": "Feature", "geometry": {"type": "Point", "coordinates": [77.4485, 12.938541]}, "properties": {"name": "Government Hospital SULIKERE", "category": "hospital", "osm_id": 7202723984, "osm_type": "node"}}, {"type": "Feature", "geometry": {"type": "Point", "coordinates": [77.4751834, 12.9629127]}, "properties": {"name": "Ullalu Government Hospital", "category": "hospital", "osm_id": 7202935821, "osm_type": "node"}}, {"type": "Feature", "geometry": {"type": "Point", "coordinates": [77.5694167, 12.993382]}, "properties": {"name": "K.C. General Hospital", "category": "hospital", "osm_id": 7202935829, "osm_type": "node"}}, {"type": "Feature", "geometry": {"type": "Point", "coordinates": [77.4927128, 12.9358669]}, "properties": {"name": "Sree Ranga Hospital", "category": "hospital", "osm_id": 7213514086, "osm_type": "node"}}, {"type": "Feature", "geometry": {"type": "Point", "coordinates": [77.5454024, 12.9853993]}, "properties": {"name": "Yashas Neurocare", "category": "hospital", "osm_id": 7235403686, "osm_type": "node"}}, {"type": "Feature", "geometry": {"type": "Point", "coordinates": [77.549951, 12.9870634]}, "properties": {"name": "Focus Diagnostic Center", "category": "hospital", "osm_id": 7235403985, "osm_type": "node"}}, {"type": "Feature", "geometry": {"type": "Point", "coordinates": [77.5412566, 12.931298]}, "properties": {"name": "Vittal Eye HOspital", "category": "hospital", "osm_id": 7258378647, "osm_type": "node"}}, {"type": "Feature", "geometry": {"type": "Point", "coordinates": [77.534972, 12.975501]}, "properties": {"name": "Kamadhenu Hospital", "category": "hospital", "osm_id": 7572526686, "osm_type": "node"}}, {"type": "Feature", "geometry": {"type": "Point", "coordinates": [77.5289448, 12.9835824]}, "properties": {"name": "Benaka Hospital", "category": "hospital", "osm_id": 7572526693, "osm_type": "node"}}, {"type": "Feature", "geometry": {"type": "Point", "coordinates": [77.5342045, 12.9744928]}, "properties": {"name": "Goverment Hospital, Hosahalli", "category": "hospital", "osm_id": 7572526698, "osm_type": "node"}}, {"type": "Feature", "geometry": {"type": "Point", "coordinates": [77.5226459, 12.96767]}, "properties": {"name": "Vijaya Hospital", "category": "hospital", "osm_id": 7572526700, "osm_type": "node"}}, {"type": "Feature", "geometry": {"type": "Point", "coordinates": [77.5251934, 12.9780731]}, "properties": {"name": "Government Hospital", "category": "hospital", "osm_id": 7572526703, "osm_type": "node"}}, {"type": "Feature", "geometry": {"type": "Point", "coordinates": [77.5462808, 12.9734087]}, "properties": {"name": "Sriprasad Ayurveda", "category": "hospital", "osm_id": 7572526708, "osm_type": "node"}}, {"type": "Feature", "geometry": {"type": "Point", "coordinates": [77.5377684, 12.9707429]}, "properties": {"name": "Vidya Eye Hospital", "category": "hospital", "osm_id": 7572526709, "osm_type": "node"}}, {"type": "Feature", "geometry": {"type": "Point", "coordinates": [77.5222312, 12.9615606]}, "properties": {"name": "Shree Dhanvantari Ayurveda Hospital", "category": "hospital", "osm_id": 7572526718, "osm_type": "node"}}, {"type": "Feature", "geometry": {"type": "Point", "coordinates": [77.523151, 12.961509]}, "properties": {"name": "Srinivasam Cancer Care Multi Speciality Hospital", "category": "hospital", "osm_id": 7572526728, "osm_type": "node"}}, {"type": "Feature", "geometry": {"type": "Point", "coordinates": [77.5548818, 12.9802303]}, "properties": {"name": "G.R. Hospital", "category": "hospital", "osm_id": 7572526752, "osm_type": "node"}}, {"type": "Feature", "geometry": {"type": "Point", "coordinates": [77.5358001, 12.9754301]}, "properties": {"name": "Sneha Horizon Hospital", "category": "hospital", "osm_id": 7572526753, "osm_type": "node"}}, {"type": "Feature", "geometry": {"type": "Point", "coordinates": [77.524492, 12.968292]}, "properties": {"name": "Jagjeevanram Hospital", "category": "hospital", "osm_id": 7572526756, "osm_type": "node"}}, {"type": "Feature", "geometry": {"type": "Point", "coordinates": [77.542325, 12.974339]}, "properties": {"name": "Kangroo Hospital", "category": "hospital", "osm_id": 7572526757, "osm_type": "node"}}, {"type": "Feature", "geometry": {"type": "Point", "coordinates": [77.553782, 12.9757486]}, "properties": {"name": "Abhinav Hospital", "category": "hospital", "osm_id": 7572526762, "osm_type": "node"}}, {"type": "Feature", "geometry": {"type": "Point", "coordinates": [77.534951, 12.969102]}, "properties": {"name": "Suhusannidhi Hospital", "category": "hospital", "osm_id": 7572526763, "osm_type": "node"}}, {"type": "Feature", "geometry": {"type": "Point", "coordinates": [77.4973049, 12.963967]}, "properties": {"name": "Abivrud Cancer Care & Research Centre", "category": "hospital", "osm_id": 7572526764, "osm_type": "node"}}, {"type": "Feature", "geometry": {"type": "Point", "coordinates": [77.5208943, 12.9745497]}, "properties": {"name": "Panchsheela Nagar Hospital", "category": "hospital", "osm_id": 7572526766, "osm_type": "node"}}, {"type": "Feature", "geometry": {"type": "Point", "coordinates": [77.5360801, 12.9698191]}, "properties": {"name": "Sai Ortho and Dental Centre", "category": "hospital", "osm_id": 7572526776, "osm_type": "node"}}, {"type": "Feature", "geometry": {"type": "Point", "coordinates": [77.5441641, 12.9794315]}, "properties": {"name": "Ammashrees Hospital", "category": "hospital", "osm_id": 7572526781, "osm_type": "node"}}, {"type": "Feature", "geometry": {"type": "Point", "coordinates": [77.5188899, 12.9639829]}, "properties": {"name": "Government Hospital", "category": "hospital", "osm_id": 7572526783, "osm_type": "node"}}, {"type": "Feature", "geometry": {"type": "Point", "coordinates": [77.5015759, 12.9679971]}, "properties": {"name": "Revathi Hospital", "category": "hospital", "osm_id": 7572526785, "osm_type": "node"}}, {"type": "Feature", "geometry": {"type": "Point", "coordinates": [77.5188263, 12.9637162]}, "properties": {"name": "Shanthakumari Hospital", "category": "hospital", "osm_id": 7572526787, "osm_type": "node"}}, {"type": "Feature", "geometry": {"type": "Point", "coordinates": [77.5461246, 12.9735574]}, "properties": {"name": "Bengaluru Child Neurology and Rehabilitaion Centre", "category": "hospital", "osm_id": 7572526791, "osm_type": "node"}}, {"type": "Feature", "geometry": {"type": "Point", "coordinates": [77.524439, 12.976379]}, "properties": {"name": "Sumati Hospital", "category": "hospital", "osm_id": 7572526792, "osm_type": "node"}}, {"type": "Feature", "geometry": {"type": "Point", "coordinates": [77.540659, 12.975423]}, "properties": {"name": "Dr. Nothesh Child Specialist", "category": "hospital", "osm_id": 7572526800, "osm_type": "node"}}, {"type": "Feature", "geometry": {"type": "Point", "coordinates": [77.5332834, 12.9698787]}, "properties": {"name": "Sastry Memorial Hospital", "category": "hospital", "osm_id": 7572526804, "osm_type": "node"}}, {"type": "Feature", "geometry": {"type": "Point", "coordinates": [77.549675, 12.93753]}, "properties": {"name": "Vinayaka Hospital", "category": "hospital", "osm_id": 7576958025, "osm_type": "node"}}, {"type": "Feature", "geometry": {"type": "Point", "coordinates": [77.5790145, 12.9633185]}, "properties": {"name": "Unani Hospital", "category": "hospital", "osm_id": 7576958028, "osm_type": "node"}}, {"type": "Feature", "geometry": {"type": "Point", "coordinates": [77.5794387, 12.9405198]}, "properties": {"name": "Bangaluru Unani Hospital", "category": "hospital", "osm_id": 7576958033, "osm_type": "node"}}, {"type": "Feature", "geometry": {"type": "Point", "coordinates": [77.574203, 12.953049]}, "properties": {"name": "Medcare Hospital", "category": "hospital", "osm_id": 7576958037, "osm_type": "node"}}, {"type": "Feature", "geometry": {"type": "Point", "coordinates": [77.5601782, 12.9417439]}, "properties": {"name": "Sumanjara Hospital", "category": "hospital", "osm_id": 7576958039, "osm_type": "node"}}, {"type": "Feature", "geometry": {"type": "Point", "coordinates": [77.560893, 12.961345]}, "properties": {"name": "Corporation Hospital", "category": "hospital", "osm_id": 7576958043, "osm_type": "node"}}, {"type": "Feature", "geometry": {"type": "Point", "coordinates": [77.5712865, 12.945591]}, "properties": {"name": "Mitralaya Hospital", "category": "hospital", "osm_id": 7576958045, "osm_type": "node"}}, {"type": "Feature", "geometry": {"type": "Point", "coordinates": [77.553598, 12.942076]}, "properties": {"name": "People Tree Hospitals", "category": "hospital", "osm_id": 7576958048, "osm_type": "node"}}, {"type": "Feature", "geometry": {"type": "Point", "coordinates": [77.584422, 12.936459]}, "properties": {"name": "Apollo Specialty Hospital", "category": "hospital", "osm_id": 7576958051, "osm_type": "node"}}, {"type": "Feature", "geometry": {"type": "Point", "coordinates": [77.5613939, 12.9609494]}, "properties": {"name": "Government Hospital", "category": "hospital", "osm_id": 7576958052, "osm_type": "node"}}, {"type": "Feature", "geometry": {"type": "Point", "coordinates": [77.5580361, 12.940404]}, "properties": {"name": "Verna Hospital", "category": "hospital", "osm_id": 7576958060, "osm_type": "node"}}, {"type": "Feature", "geometry": {"type": "Point", "coordinates": [77.5573456, 12.9587464]}, "properties": {"name": "Government Hospital, Banglore", "category": "hospital", "osm_id": 7576958061, "osm_type": "node"}}, {"type": "Feature", "geometry": {"type": "Point", "coordinates": [77.568274, 12.960311]}, "properties": {"name": "Royan Maternity & Child Welfare Centre", "category": "hospital", "osm_id": 7576958062, "osm_type": "node"}}, {"type": "Feature", "geometry": {"type": "Point", "coordinates": [77.567404, 12.945944]}, "properties": {"name": "Shekhar Hospital", "category": "hospital", "osm_id": 7576958065, "osm_type": "node"}}, {"type": "Feature", "geometry": {"type": "Point", "coordinates": [77.563226, 12.949104]}, "properties": {"name": "Government Hospital", "category": "hospital", "osm_id": 7576958066, "osm_type": "node"}}, {"type": "Feature", "geometry": {"type": "Point", "coordinates": [77.5641917, 12.9415883]}, "properties": {"name": "Jeevini Sarvodaya Hospital", "category": "hospital", "osm_id": 7576958068, "osm_type": "node"}}, {"type": "Feature", "geometry": {"type": "Point", "coordinates": [77.5695045, 12.9569684]}, "properties": {"name": "Mahaveer Ortho Care Speciality Centre", "category": "hospital", "osm_id": 7576958070, "osm_type": "node"}}, {"type": "Feature", "geometry": {"type": "Point", "coordinates": [77.554296, 12.938787]}, "properties": {"name": "Raghavendra Hospital", "category": "hospital", "osm_id": 7576958071, "osm_type": "node"}}, {"type": "Feature", "geometry": {"type": "Point", "coordinates": [77.551329, 12.938453]}, "properties": {"name": "Apaara Multi Speciality", "category": "hospital", "osm_id": 7576958074, "osm_type": "node"}}, {"type": "Feature", "geometry": {"type": "Point", "coordinates": [77.573989, 12.939882]}, "properties": {"name": "Khincha Orthopaedic Centre", "category": "hospital", "osm_id": 7576958078, "osm_type": "node"}}, {"type": "Feature", "geometry": {"type": "Point", "coordinates": [77.563543, 12.948971]}, "properties": {"name": "Parameshwari Hospital", "category": "hospital", "osm_id": 7576958080, "osm_type": "node"}}, {"type": "Feature", "geometry": {"type": "Point", "coordinates": [77.5506328, 12.9422541]}, "properties": {"name": "Drishti Nethralaya", "category": "hospital", "osm_id": 7576958083, "osm_type": "node"}}, {"type": "Feature", "geometry": {"type": "Point", "coordinates": [77.5894756, 12.9654649]}, "properties": {"name": "Furtde Hospital", "category": "hospital", "osm_id": 7576958084, "osm_type": "node"}}, {"type": "Feature", "geometry": {"type": "Point", "coordinates": [77.5734571, 12.9702549]}, "properties": {"name": "Manavarthapet Pregnancy Hospital", "category": "hospital", "osm_id": 7576958086, "osm_type": "node"}}, {"type": "Feature", "geometry": {"type": "Point", "coordinates": [77.5796583, 12.9434996]}, "properties": {"name": "Trinity Hospital and Heart Foundation", "category": "hospital", "osm_id": 7576958089, "osm_type": "node"}}, {"type": "Feature", "geometry": {"type": "Point", "coordinates": [77.566486, 12.957222]}, "properties": {"name": "Spandana Heart Centre", "category": "hospital", "osm_id": 7576958091, "osm_type": "node"}}, {"type": "Feature", "geometry": {"type": "Point", "coordinates": [77.575634, 12.9420276]}, "properties": {"name": "Matha Pitha Hospital", "category": "hospital", "osm_id": 7576958093, "osm_type": "node"}}, {"type": "Feature", "geometry": {"type": "Point", "coordinates": [77.573351, 12.972126]}, "properties": {"name": "ESI Hospital", "category": "hospital", "osm_id": 7576958095, "osm_type": "node"}}, {"type": "Feature", "geometry": {"type": "Point", "coordinates": [77.5609696, 12.960972]}, "properties": {"name": "Herige Hospital", "category": "hospital", "osm_id": 7576958096, "osm_type": "node"}}, {"type": "Feature", "geometry": {"type": "Point", "coordinates": [77.5999044, 12.9654497]}, "properties": {"name": "Gleneagles Global Hospitals", "category": "hospital", "osm_id": 7576958106, "osm_type": "node"}}, {"type": "Feature", "geometry": {"type": "Point", "coordinates": [77.589928, 12.9658901]}, "properties": {"name": "Punarjyoti Eye Hospital", "category": "hospital", "osm_id": 7576958116, "osm_type": "node"}}, {"type": "Feature", "geometry": {"type": "Point", "coordinates": [77.5696395, 12.9479647]}, "properties": {"name": "Swastik Eye Hospital", "category": "hospital", "osm_id": 7576958117, "osm_type": "node"}}, {"type": "Feature", "geometry": {"type": "Point", "coordinates": [77.5799015, 12.9458294]}, "properties": {"name": "Dave Gray Hospital", "category": "hospital", "osm_id": 7576958118, "osm_type": "node"}}, {"type": "Feature", "geometry": {"type": "Point", "coordinates": [77.5954946, 12.9650303]}, "properties": {"name": "Dr. Rudrappa's Hospital", "category": "hospital", "osm_id": 7576958120, "osm_type": "node"}}, {"type": "Feature", "geometry": {"type": "Point", "coordinates": [77.5724702, 12.9215119]}, "properties": {"name": "Sevakshetra Hospital", "category": "hospital", "osm_id": 7579924715, "osm_type": "node"}}, {"type": "Feature", "geometry": {"type": "Point", "coordinates": [77.5425258, 12.9055752]}, "properties": {"name": "Perfetual Help Hospital", "category": "hospital", "osm_id": 7579924725, "osm_type": "node"}}, {"type": "Feature", "geometry": {"type": "Point", "coordinates": [77.5622345, 12.9334096]}, "properties": {"name": "Bharathi Hospitals", "category": "hospital", "osm_id": 7579924732, "osm_type": "node"}}, {"type": "Feature", "geometry": {"type": "Point", "coordinates": [77.565797, 12.924153]}, "properties": {"name": "Devagiri Hospital", "category": "hospital", "osm_id": 7579924744, "osm_type": "node"}}, {"type": "Feature", "geometry": {"type": "Point", "coordinates": [77.593019, 12.916234]}, "properties": {"name": "Center for Liver Disease Hospital", "category": "hospital", "osm_id": 7579924754, "osm_type": "node"}}, {"type": "Feature", "geometry": {"type": "Point", "coordinates": [77.5467101, 12.9254569]}, "properties": {"name": "Sudha Prevention Centre", "category": "hospital", "osm_id": 7579924760, "osm_type": "node"}}, {"type": "Feature", "geometry": {"type": "Point", "coordinates": [77.5746118, 12.920651]}, "properties": {"name": "Sahasra Hospital", "category": "hospital", "osm_id": 7579924762, "osm_type": "node"}}, {"type": "Feature", "geometry": {"type": "Point", "coordinates": [77.5772991, 12.9202202]}, "properties": {"name": "Shanti Hospital", "category": "hospital", "osm_id": 7579924768, "osm_type": "node"}}, {"type": "Feature", "geometry": {"type": "Point", "coordinates": [77.585258, 12.916885]}, "properties": {"name": "Apollo Cradle Maternity & Children's Hospital", "category": "hospital", "osm_id": 7579924780, "osm_type": "node"}}, {"type": "Feature", "geometry": {"type": "Point", "coordinates": [77.542548, 12.906113]}, "properties": {"name": "St. Martha's Hospital", "category": "hospital", "osm_id": 7579924783, "osm_type": "node"}}, {"type": "Feature", "geometry": {"type": "Point", "coordinates": [77.551173, 12.998238]}, "properties": {"name": "Poornayu Ayurveda Hospital", "category": "hospital", "osm_id": 8188038705, "osm_type": "node"}}, {"type": "Feature", "geometry": {"type": "Point", "coordinates": [77.5730038, 12.9969996]}, "properties": {"name": "Supra Diagnostics Spine Care And Ortho Care Hospital", "category": "hospital", "osm_id": 8188038712, "osm_type": "node"}}, {"type": "Feature", "geometry": {"type": "Point", "coordinates": [77.5693714, 12.9960244]}, "properties": {"name": "K.C.General Hospital", "category": "hospital", "osm_id": 8188038718, "osm_type": "node"}}, {"type": "Feature", "geometry": {"type": "Point", "coordinates": [77.5539007, 12.9916924]}, "properties": {"name": "ESIC Model Hospital", "category": "hospital", "osm_id": 8188038735, "osm_type": "node"}}, {"type": "Feature", "geometry": {"type": "Point", "coordinates": [77.5566355, 12.9905045]}, "properties": {"name": "Government Hospital", "category": "hospital", "osm_id": 8188038742, "osm_type": "node"}}, {"type": "Feature", "geometry": {"type": "Point", "coordinates": [77.5530924, 12.9904985]}, "properties": {"name": "Esi Hospital Bangalore", "category": "hospital", "osm_id": 8188038743, "osm_type": "node"}}, {"type": "Feature", "geometry": {"type": "Point", "coordinates": [77.5551801, 12.9844963]}, "properties": {"name": "Government Hospital", "category": "hospital", "osm_id": 8188038786, "osm_type": "node"}}, {"type": "Feature", "geometry": {"type": "Point", "coordinates": [77.4787872, 12.9831814]}, "properties": {"name": "Anupama Hospital", "category": "hospital", "osm_id": 8188038795, "osm_type": "node"}}, {"type": "Feature", "geometry": {"type": "Point", "coordinates": [77.5714903, 12.9128623]}, "properties": {"name": "Healing Hands Advanced Physiotherapy Clinic", "category": "hospital", "osm_id": 8776646948, "osm_type": "node"}}, {"type": "Feature", "geometry": {"type": "Point", "coordinates": [77.5828703, 12.9288444]}, "properties": {"name": "Narayan Multispeciality clinic", "category": "hospital", "osm_id": 8873805759, "osm_type": "node"}}, {"type": "Feature", "geometry": {"type": "Point", "coordinates": [77.5124063, 12.9354357]}, "properties": {"name": "Jnanabharathi", "category": "station", "osm_id": 9049846515, "osm_type": "node"}}, {"type": "Feature", "geometry": {"type": "Point", "coordinates": [77.5251166, 12.9416715]}, "properties": {"name": "Pantharapalya - Nayandahalli", "category": "station", "osm_id": 9050797592, "osm_type": "node"}}, {"type": "Feature", "geometry": {"type": "Point", "coordinates": [77.4878557, 12.914689]}, "properties": {"name": "Kengeri Bus Terminal", "category": "station", "osm_id": 9051395755, "osm_type": "node"}}, {"type": "Feature", "geometry": {"type": "Point", "coordinates": [77.4765784, 12.9079105]}, "properties": {"name": "Kengeri", "category": "station", "osm_id": 9051405243, "osm_type": "node"}}, {"type": "Feature", "geometry": {"type": "Point", "coordinates": [77.5196788, 12.9365996]}, "properties": {"name": "Rajarajeshwari Nagar", "category": "station", "osm_id": 9051410519, "osm_type": "node"}}, {"type": "Feature", "geometry": {"type": "Point", "coordinates": [77.4983509, 12.9242505]}, "properties": {"name": "Pattanagere", "category": "station", "osm_id": 9051417969, "osm_type": "node"}}, {"type": "Feature", "geometry": {"type": "Point", "coordinates": [77.4847891, 12.9208444]}, "properties": {"name": "Adarsh Hospital", "category": "hospital", "osm_id": 9192967331, "osm_type": "node"}}, {"type": "Feature", "geometry": {"type": "Point", "coordinates": [77.586437, 12.9395279]}, "properties": {"name": "clinic", "category": "hospital", "osm_id": 9276855256, "osm_type": "node"}}, {"type": "Feature", "geometry": {"type": "Point", "coordinates": [77.5971575, 12.9355966]}, "properties": {"name": "Kidwai Cancer Institute Radiation Block", "category": "hospital", "osm_id": 9730853893, "osm_type": "node"}}, {"type": "Feature", "geometry": {"type": "Point", "coordinates": [77.5500857, 12.8832909]}, "properties": {"name": "Cloudnine Hospital", "category": "hospital", "osm_id": 9884952776, "osm_type": "node"}}, {"type": "Feature", "geometry": {"type": "Point", "coordinates": [77.4612877, 12.8973539]}, "properties": {"name": "Challaghatta", "category": "station", "osm_id": 9919570131, "osm_type": "node"}}, {"type": "Feature", "geometry": {"type": "Point", "coordinates": [77.5299545, 12.8617298]}, "properties": {"name": "Silk Institute", "category": "station", "osm_id": 9919651773, "osm_type": "node"}}, {"type": "Feature", "geometry": {"type": "Point", "coordinates": [77.5383958, 12.8714097]}, "properties": {"name": "Thalaghattapura", "category": "station", "osm_id": 9919651774, "osm_type": "node"}}, {"type": "Feature", "geometry": {"type": "Point", "coordinates": [77.5447414, 12.8774369]}, "properties": {"name": "Vajarahalli", "category": "station", "osm_id": 9919651775, "osm_type": "node"}}, {"type": "Feature", "geometry": {"type": "Point", "coordinates": [77.5527546, 12.8846435]}, "properties": {"name": "Doddakallasandra", "category": "station", "osm_id": 9919651776, "osm_type": "node"}}, {"type": "Feature", "geometry": {"type": "Point", "coordinates": [77.5626665, 12.8889671]}, "properties": {"name": "Konanakunte Cross", "category": "station", "osm_id": 9919651777, "osm_type": "node"}}, {"type": "Feature", "geometry": {"type": "Point", "coordinates": [77.5460604, 12.9429852]}, "properties": {"name": "My Dentist", "category": "hospital", "osm_id": 9934012104, "osm_type": "node"}}, {"type": "Feature", "geometry": {"type": "Point", "coordinates": [77.4330082, 12.8629885]}, "properties": {"name": "Sai Krupa Hospital", "category": "hospital", "osm_id": 10218105725, "osm_type": "node"}}, {"type": "Feature", "geometry": {"type": "Point", "coordinates": [77.5437825, 12.9918503]}, "properties": {"name": "Janani Clinics", "category": "hospital", "osm_id": 11031908387, "osm_type": "node"}}, {"type": "Feature", "geometry": {"type": "Point", "coordinates": [77.5954768, 12.9400516]}, "properties": {"name": "NIMHANS Department Of Psychiatric and Neuro Rehabilitation", "category": "hospital", "osm_id": 11295071515, "osm_type": "node"}}, {"type": "Feature", "geometry": {"type": "Point", "coordinates": [77.5967825, 12.9396498]}, "properties": {"name": "Nimhans Mr-pet Center", "category": "hospital", "osm_id": 11295217457, "osm_type": "node"}}, {"type": "Feature", "geometry": {"type": "Point", "coordinates": [77.5954721, 12.9402037]}, "properties": {"name": "NIMHANS Physiotherapy Center", "category": "hospital", "osm_id": 11295246682, "osm_type": "node"}}, {"type": "Feature", "geometry": {"type": "Point", "coordinates": [77.5450234, 12.8784742]}, "properties": {"name": "Zymus Hospitals", "category": "hospital", "osm_id": 11299121541, "osm_type": "node"}}, {"type": "Feature", "geometry": {"type": "Point", "coordinates": [77.5869281, 12.906071]}, "properties": {"name": "Cadabam's Hospitals", "category": "hospital", "osm_id": 11303711371, "osm_type": "node"}}, {"type": "Feature", "geometry": {"type": "Point", "coordinates": [77.5112481, 12.9596032]}, "properties": {"name": "Fortis Hospital, Nagarbhavi", "category": "hospital", "osm_id": 11385217932, "osm_type": "node"}}, {"type": "Feature", "geometry": {"type": "Point", "coordinates": [77.5707809, 12.9075935]}, "properties": {"name": "Bengaluru City Hospital", "category": "hospital", "osm_id": 11813227397, "osm_type": "node"}}, {"type": "Feature", "geometry": {"type": "Point", "coordinates": [77.550214, 12.8835095]}, "properties": {"name": "Dhee Hospital", "category": "hospital", "osm_id": 11869384815, "osm_type": "node"}}, {"type": "Feature", "geometry": {"type": "Point", "coordinates": [77.5550964, 12.9988382]}, "properties": {"name": "New Varalakshmi Hospital", "category": "hospital", "osm_id": 11982389397, "osm_type": "node"}}, {"type": "Feature", "geometry": {"type": "Point", "coordinates": [77.5510293, 12.99743]}, "properties": {"name": "Netradhama", "category": "hospital", "osm_id": 12240737170, "osm_type": "node"}}, {"type": "Feature", "geometry": {"type": "Point", "coordinates": [77.5358965, 12.9754354]}, "properties": {"name": "Hiremath Hospital", "category": "hospital", "osm_id": 12438173201, "osm_type": "node"}}, {"type": "Feature", "geometry": {"type": "Point", "coordinates": [77.5824398, 12.9569057]}, "properties": {"name": "H Siddiah Referral Hospital", "category": "hospital", "osm_id": 12541779301, "osm_type": "node"}}, {"type": "Feature", "geometry": {"type": "Point", "coordinates": [77.4989075, 12.9519863]}, "properties": {"name": "Shri Mokambika Women's Clinic, Child care and Nethralaya", "category": "hospital", "osm_id": 12651764011, "osm_type": "node"}}, {"type": "Feature", "geometry": {"type": "Point", "coordinates": [77.4990341, 12.9519538]}, "properties": {"name": "Suraksha Diagnostic Centre", "category": "hospital", "osm_id": 12651764012, "osm_type": "node"}}, {"type": "Feature", "geometry": {"type": "Point", "coordinates": [77.5539724, 12.9937247]}, "properties": {"name": "Jindal Charitable Hospital", "category": "hospital", "osm_id": 12676261338, "osm_type": "node"}}, {"type": "Feature", "geometry": {"type": "Point", "coordinates": [77.5764082, 12.9296701]}, "properties": {"name": "AMC Multispeciality Hospital", "category": "hospital", "osm_id": 12917084092, "osm_type": "node"}}, {"type": "Feature", "geometry": {"type": "Point", "coordinates": [77.5848675, 12.9405054]}, "properties": {"name": "Big Hospitals", "category": "hospital", "osm_id": 12995318310, "osm_type": "node"}}, {"type": "Feature", "geometry": {"type": "Point", "coordinates": [77.5460762, 12.9070989]}, "properties": {"name": "Nano Hospitals", "category": "hospital", "osm_id": 13257391201, "osm_type": "node"}}, {"type": "Feature", "geometry": {"type": "Point", "coordinates": [77.5868707, 12.9061361]}, "properties": {"name": "Healing Hands Clinic - J.P Nagar, Bengaluru", "category": "hospital", "osm_id": 13817067479, "osm_type": "node"}}, {"type": "Feature", "geometry": {"type": "Point", "coordinates": [77.5429724, 12.9981698]}, "properties": {"name": "Healing Hands Clinic - Rajajinagar, Bengaluru", "category": "hospital", "osm_id": 13821035120, "osm_type": "node"}}, {"type": "Feature", "geometry": {"type": "Polygon", "coordinates": [[[77.5802728, 12.9481591], [77.5803569, 12.9482124], [77.5803407, 12.9485219], [77.580459, 12.9487289], [77.5817813, 12.9493759], [77.5820348, 12.9495386], [77.5821462, 12.9497122], [77.5833306, 12.9523861], [77.5840921, 12.9538415], [77.584278, 12.9539339], [77.5850367, 12.9539746], [77.5851866, 12.9539268], [77.5852316, 12.9539039], [77.5853473, 12.9538696], [77.5854175, 12.953856], [77.5858024, 12.9537308], [77.5868953, 12.9527583], [77.5871153, 12.9526437], [77.5900878, 12.9516346], [77.5901822, 12.9515669], [77.5902937, 12.9512837], [77.5903317, 12.9512485], [77.5904356, 12.9512113], [77.5904871, 12.9511957], [77.5908723, 12.9513445], [77.5909981, 12.9512932], [77.5907255, 12.9502953], [77.5914955, 12.950018], [77.5915477, 12.9497469], [77.5932065, 12.9489694], [77.5924229, 12.9482711], [77.5919773, 12.948055], [77.5908213, 12.9474739], [77.5903907, 12.9469784], [77.58996, 12.9465968], [77.5898271, 12.9464877], [77.5896883, 12.9463955], [77.5880534, 12.946299], [77.5880204, 12.9463545], [77.5879707, 12.9463969], [77.5878878, 12.946405], [77.5878153, 12.9463827], [77.5877685, 12.9463498], [77.5877496, 12.9463288], [77.5877336, 12.9463049], [77.5877144, 12.9462642], [77.5877136, 12.9462151], [77.5862034, 12.9457658], [77.5858507, 12.9455342], [77.5855646, 12.9452955], [77.5851413, 12.9444459], [77.5850535, 12.9440507], [77.5848719, 12.9439061], [77.5844438, 12.943896], [77.5828886, 12.9438593], [77.5826719, 12.9438542], [77.5824992, 12.9438346], [77.5823779, 12.943813], [77.580298, 12.9438111], [77.5801829, 12.9439128], [77.5801887, 12.9458563], [77.580321, 12.9459149], [77.5803259, 12.9462608], [77.5802311, 12.9462624], [77.58023, 12.94672], [77.580154, 12.9467174], [77.5801473, 12.9472421], [77.5801308, 12.9479313], [77.5801776, 12.9480565], [77.5802728, 12.9481591]]]}, "properties": {"name": "Lalbagh Botanical Gardens", "category": "park", "osm_id": 15802464, "osm_type": "way"}}, {"type": "Feature", "geometry": {"type": "Polygon", "coordinates": [[[77.5748108, 12.9426463], [77.5748119, 12.943607], [77.5766273, 12.943574], [77.576745, 12.9434866], [77.5767506, 12.940876], [77.5766197, 12.9406825], [77.5739832, 12.9407323], [77.5739423, 12.9407711], [77.5739268, 12.9408316], [77.5739672, 12.9419229], [77.5743972, 12.9419215], [77.5746996, 12.9424515], [77.5748108, 12.9426463]]]}, "properties": {"name": "MN Krishna Rao Park", "category": "park", "osm_id": 15802611, "osm_type": "way"}}, {"type": "Feature", "geometry": {"type": "Polygon", "coordinates": [[[77.5895262, 12.9735808], [77.5896844, 12.9741152], [77.5897005, 12.9741709], [77.5898949, 12.9747928], [77.5896903, 12.9748263], [77.5888663, 12.9749614], [77.5888729, 12.975125], [77.5889598, 12.9755358], [77.5894272, 12.97545], [77.5901445, 12.9754591], [77.5898469, 12.9762166], [77.5895387, 12.9765674], [77.5892266, 12.9767362], [77.5905625, 12.9775006], [77.5908431, 12.9775159], [77.5913246, 12.9771214], [77.5918709, 12.9766277], [77.5920017, 12.9765907], [77.5922324, 12.9765254], [77.5931317, 12.9774465], [77.5939522, 12.9783036], [77.5940196, 12.9784929], [77.5938855, 12.978616], [77.593849, 12.9786496], [77.5946133, 12.9793172], [77.5954005, 12.9799688], [77.5955998, 12.9801505], [77.5957371, 12.9802669], [77.5958305, 12.9803221], [77.5960533, 12.9803864], [77.5967997, 12.9803814], [77.5968955, 12.9803587], [77.5969425, 12.9803451], [77.5969531, 12.9803343], [77.596962, 12.9802899], [77.5969798, 12.9802482], [77.5970306, 12.9801246], [77.5984375, 12.9770537], [77.5984774, 12.9769788], [77.5985472, 12.9768925], [77.5986491, 12.9768193], [77.5987677, 12.9767684], [77.5989019, 12.9767416], [77.5988754, 12.9766341], [77.598871, 12.9766165], [77.5988687, 12.9766071], [77.5986816, 12.9766465], [77.5985608, 12.9767111], [77.5983641, 12.9768044], [77.5980706, 12.9769057], [77.5972426, 12.9769013], [77.5967093, 12.9767906], [77.5964944, 12.9767863], [77.5963176, 12.9768084], [77.5959387, 12.9768563], [77.5955643, 12.9768272], [77.5952075, 12.9766919], [77.5947475, 12.9761576], [77.5947682, 12.9760807], [77.5955877, 12.9753023], [77.5955056, 12.9752226], [77.5954424, 12.9751703], [77.5946096, 12.975939], [77.5944897, 12.9759123], [77.5937439, 12.9751581], [77.5938614, 12.9750955], [77.5937573, 12.9750117], [77.5934526, 12.9745998], [77.5934741, 12.974465], [77.5938536, 12.9749534], [77.593981, 12.9750324], [77.5948275, 12.9745855], [77.5945707, 12.9743361], [77.5952048, 12.9737139], [77.5941079, 12.972495], [77.5940382, 12.972483], [77.59397, 12.9724839], [77.5938752, 12.9724852], [77.5937991, 12.9724409], [77.5937212, 12.9723621], [77.593708, 12.9722564], [77.5936923, 12.9721401], [77.5936525, 12.9720479], [77.5919373, 12.9705559], [77.5918324, 12.9704647], [77.5916974, 12.9706724], [77.5917001, 12.9709129], [77.5915032, 12.9710169], [77.5912227, 12.9710975], [77.590929, 12.9709061], [77.5908344, 12.9706808], [77.5915356, 12.970212], [77.5890545, 12.9681252], [77.5888658, 12.9682028], [77.5888074, 12.9682253], [77.5887357, 12.9682552], [77.5885647, 12.9680193], [77.5884689, 12.9679621], [77.5884883, 12.9684154], [77.5885138, 12.9690085], [77.5885566, 12.9700053], [77.5888455, 12.9711965], [77.5880422, 12.9714409], [77.5879274, 12.9726474], [77.5881247, 12.9732752], [77.5880716, 12.9739178], [77.5884047, 12.9739496], [77.588789, 12.9737249], [77.5895262, 12.9735808]]]}, "properties": {"name": "Cubbon Park", "category": "park", "osm_id": 22895320, "osm_type": "way"}}, {"type": "Feature", "geometry": {"type": "Polygon", "coordinates": [[[77.5791582, 12.9641798], [77.5790911, 12.9641589], [77.5790133, 12.9638374], [77.5790294, 12.9637694], [77.5791018, 12.9637302], [77.5793195, 12.9637349], [77.5796423, 12.9637349], [77.5802093, 12.9636956], [77.5814358, 12.9635713], [77.5816717, 12.9635776], [77.5819126, 12.9636719], [77.5820221, 12.9637973], [77.582069, 12.963899], [77.5791582, 12.9641798]]]}, "properties": {"name": "Silver Jubilee Park", "category": "park", "osm_id": 23494412, "osm_type": "way"}}, {"type": "Feature", "geometry": {"type": "Polygon", "coordinates": [[[77.5848635, 12.9199722], [77.5857546, 12.9199598], [77.5857366, 12.9187323], [77.5853491, 12.9187366], [77.5848455, 12.9187447], [77.5848527, 12.9192337], [77.5848635, 12.9199722]]]}, "properties": {"name": "Putha Narasimhachar Park", "category": "park", "osm_id": 27791264, "osm_type": "way"}}, {"type": "Feature", "geometry": {"type": "Polygon", "coordinates": [[[77.5844511, 12.912195], [77.5856286, 12.9121693], [77.5856057, 12.9106449], [77.5844212, 12.910665], [77.5844511, 12.912195]]]}, "properties": {"name": "Aster RV Hospital", "category": "hospital", "osm_id": 32258435, "osm_type": "way"}}, {"type": "Feature", "geometry": {"type": "Polygon", "coordinates": [[[77.5809874, 12.9084571], [77.5814871, 12.9084415], [77.5819142, 12.9084285], [77.5819348, 12.9074199], [77.5811258, 12.9074393], [77.5811862, 12.9079413], [77.5808963, 12.9080499], [77.5809874, 12.9084571]]]}, "properties": {"name": "Sri SK Nataraj Park", "category": "park", "osm_id": 32258996, "osm_type": "way"}}, {"type": "Feature", "geometry": {"type": "Polygon", "coordinates": [[[77.582753, 12.9211043], [77.5827555, 12.9205427], [77.5827558, 12.9199595], [77.5822796, 12.9199609], [77.5822755, 12.9211022], [77.582753, 12.9211043]]]}, "properties": {"name": "Rainwater Harvesting Theme Park", "category": "park", "osm_id": 32424606, "osm_type": "way"}}, {"type": "Feature", "geometry": {"type": "Polygon", "coordinates": [[[77.5818686, 12.9248877], [77.5818672, 12.9253167], [77.5822703, 12.925318], [77.5827095, 12.9253193], [77.5827109, 12.9248903], [77.5827123, 12.9244585], [77.58187, 12.9244559], [77.5818686, 12.9248877]]]}, "properties": {"name": "Brindavana Park", "category": "park", "osm_id": 32424881, "osm_type": "way"}}, {"type": "Feature", "geometry": {"type": "Polygon", "coordinates": [[[77.5896198, 12.9216041], [77.5900816, 12.9215951], [77.590063, 12.9206921], [77.5896012, 12.9207011], [77.5896121, 12.921231], [77.5896198, 12.9216041]]]}, "properties": {"name": "park 32425217", "category": "park", "osm_id": 32425217, "osm_type": "way"}}, {"type": "Feature", "geometry": {"type": "Polygon", "coordinates": [[[77.5851422, 12.9365545], [77.585401, 12.9365652], [77.5854384, 12.9365668], [77.5859373, 12.9365876], [77.586148, 12.9365196], [77.5863849, 12.9363551], [77.5864077, 12.9360735], [77.5853257, 12.9360644], [77.5850233, 12.9361749], [77.585027, 12.9363806], [77.5851422, 12.9365545]]]}, "properties": {"name": "Madhavan Park", "category": "park", "osm_id": 32426890, "osm_type": "way"}}, {"type": "Feature", "geometry": {"type": "Polygon", "coordinates": [[[77.5807662, 12.9771134], [77.5804248, 12.9765717], [77.5814877, 12.9758737], [77.5820087, 12.9760242], [77.5820519, 12.976202], [77.5824524, 12.976453], [77.58264, 12.9765706], [77.5828902, 12.9768273], [77.5830717, 12.9770135], [77.5830229, 12.9777647], [77.5833824, 12.9784249], [77.5825779, 12.9789397], [77.5824607, 12.9787638], [77.582218, 12.9789175], [77.5819604, 12.9785254], [77.5810176, 12.9770903], [77.5808759, 12.9771867], [77.5808145, 12.9770855], [77.5807662, 12.9771134]]]}, "properties": {"name": "Freedom Park", "category": "park", "osm_id": 36884560, "osm_type": "way"}}, {"type": "Feature", "geometry": {"type": "Polygon", "coordinates": [[[77.5838802, 12.9638295], [77.58251, 12.9639275], [77.5823343, 12.9638734], [77.5822085, 12.9637454], [77.5820298, 12.9636114], [77.5818161, 12.9634939], [77.5822391, 12.9634672], [77.5826879, 12.9635176], [77.583886, 12.9636843], [77.5839159, 12.9637252], [77.5839102, 12.963795], [77.5838802, 12.9638295]]]}, "properties": {"name": "Silver Jubilee Park", "category": "park", "osm_id": 36897682, "osm_type": "way"}}, {"type": "Feature", "geometry": {"type": "Polygon", "coordinates": [[[77.5767191, 12.9527389], [77.5766583, 12.9526977], [77.5765931, 12.9526245], [77.5765563, 12.9525159], [77.5765483, 12.9523695], [77.5765467, 12.9522324], [77.5765802, 12.9520752], [77.5766202, 12.9519767], [77.5766705, 12.951929], [77.5767558, 12.9519032], [77.5768619, 12.951908], [77.576949, 12.9519358], [77.5769718, 12.9519566], [77.5770287, 12.9520088], [77.5770526, 12.9520782], [77.5770529, 12.9522565], [77.5770534, 12.9525746], [77.577018, 12.9526251], [77.5769558, 12.9526789], [77.5768568, 12.9527352], [77.5767812, 12.9527468], [77.5767191, 12.9527389]]]}, "properties": {"name": "Sajjan Rao Park", "category": "park", "osm_id": 36958500, "osm_type": "way"}}, {"type": "Feature", "geometry": {"type": "Polygon", "coordinates": [[[77.5564113, 12.9960875], [77.556476, 12.996507], [77.5572304, 12.99643], [77.5573061, 12.9981325], [77.5564361, 12.9982914], [77.5564548, 12.9983882], [77.5562695, 12.9984305], [77.5562729, 12.9985014], [77.5559013, 12.9985385], [77.5558715, 12.99854], [77.5555065, 12.9985572], [77.555563, 12.9982265], [77.555731, 12.9972432], [77.5558461, 12.9965699], [77.5559183, 12.9961471], [77.5564113, 12.9960875]]]}, "properties": {"name": "Mariyappna Palya Park", "category": "park", "osm_id": 38096679, "osm_type": "way"}}, {"type": "Feature", "geometry": {"type": "Polygon", "coordinates": [[[77.5708719, 12.9934872], [77.5696323, 12.993419], [77.5686143, 12.9965469], [77.5689121, 12.9965462], [77.5689107, 12.9966873], [77.5695477, 12.9966756], [77.5695464, 12.9965383], [77.569993, 12.9965279], [77.5699876, 12.995708], [77.5708417, 12.9956702], [77.5708719, 12.9934872]]]}, "properties": {"name": "K C General Hospital", "category": "hospital", "osm_id": 38536360, "osm_type": "way"}}, {"type": "Feature", "geometry": {"type": "Polygon", "coordinates": [[[77.5720406, 12.9928996], [77.5715834, 12.9928785], [77.571684, 12.9913935], [77.5723429, 12.9914176], [77.5727809, 12.9921014], [77.5720734, 12.9920815], [77.5720406, 12.9928996]]]}, "properties": {"name": "Bashyam Park", "category": "park", "osm_id": 38536363, "osm_type": "way"}}, {"type": "Feature", "geometry": {"type": "Polygon", "coordinates": [[[77.5673472, 12.9877631], [77.567821, 12.987757], [77.567821, 12.9883725], [77.567423, 12.9883848], [77.5673472, 12.9877631]]]}, "properties": {"name": "park 38538397", "category": "park", "osm_id": 38538397, "osm_type": "way"}}, {"type": "Feature", "geometry": {"type": "Polygon", "coordinates": [[[77.5844827, 12.9704823], [77.5850201, 12.9700244], [77.585217, 12.9698589], [77.5860213, 12.9691487], [77.5861597, 12.969032], [77.5870036, 12.9698959], [77.5869643, 12.9701892], [77.5867497, 12.9716341], [77.5858792, 12.9723578], [77.5856406, 12.9725562], [77.5855842, 12.9726031], [77.5849896, 12.9715663], [77.5852082, 12.9713608], [77.5844827, 12.9704823]]]}, "properties": {"name": "St Marthas Hospital", "category": "hospital", "osm_id": 38542913, "osm_type": "way"}}, {"type": "Feature", "geometry": {"type": "Polygon", "coordinates": [[[77.5952352, 12.9677564], [77.594954, 12.9677088], [77.5947891, 12.9685229], [77.5952952, 12.9686018], [77.5952876, 12.9685278], [77.5952645, 12.9682031], [77.5952352, 12.9677564]]]}, "properties": {"name": "Vydehi Superspeciality Hospital", "category": "hospital", "osm_id": 38750705, "osm_type": "way"}}, {"type": "Feature", "geometry": {"type": "Polygon", "coordinates": [[[77.577612, 12.9917623], [77.5783243, 12.991526], [77.5786895, 12.9926972], [77.577612, 12.9917623]]]}, "properties": {"name": "Kumara Park West Park", "category": "park", "osm_id": 38870537, "osm_type": "way"}}, {"type": "Feature", "geometry": {"type": "Polygon", "coordinates": [[[77.5887761, 12.9816213], [77.5888033, 12.9816626], [77.5893976, 12.982662], [77.5893578, 12.9829143], [77.5887925, 12.983196], [77.5886697, 12.9838207], [77.5885558, 12.9838916], [77.5887077, 12.9831125], [77.5886948, 12.9823544], [77.5886601, 12.9817042], [77.5887155, 12.9816449], [77.5887761, 12.9816213]]]}, "properties": {"name": "park 38871258", "category": "park", "osm_id": 38871258, "osm_type": "way"}}, {"type": "Feature", "geometry": {"type": "Polygon", "coordinates": [[[77.5873761, 12.9788059], [77.5870005, 12.9782846], [77.5873283, 12.9780603], [77.5877643, 12.9780881], [77.5874208, 12.9787663], [77.5873761, 12.9788059]]]}, "properties": {"name": "MS Building Park", "category": "park", "osm_id": 38872968, "osm_type": "way"}}, {"type": "Feature", "geometry": {"type": "Polygon", "coordinates": [[[77.5739842, 12.9531131], [77.5738391, 12.9531125], [77.5738431, 12.9522245], [77.573857, 12.9490945], [77.574002, 12.9490951], [77.5739842, 12.9531131]]]}, "properties": {"name": "park 40629056", "category": "park", "osm_id": 40629056, "osm_type": "way"}}, {"type": "Feature", "geometry": {"type": "Polygon", "coordinates": [[[77.5729292, 12.9441806], [77.5729331, 12.9437774], [77.5735954, 12.9437836], [77.5735915, 12.9441868], [77.5729292, 12.9441806]]]}, "properties": {"name": "Jayanti Garden", "category": "park", "osm_id": 40629065, "osm_type": "way"}}, {"type": "Feature", "geometry": {"type": "Polygon", "coordinates": [[[77.5774967, 12.9438672], [77.5775186, 12.9439243], [77.577529, 12.9439843], [77.5775274, 12.9440452], [77.5775139, 12.9441047], [77.5774891, 12.9441606], [77.5774538, 12.9442108], [77.5774093, 12.9442536], [77.5773572, 12.9442873], [77.5772995, 12.9443108], [77.5772383, 12.9443231], [77.5771728, 12.9443235], [77.5771086, 12.9443112], [77.5770481, 12.9442866], [77.5769939, 12.9442508], [77.5769481, 12.9442051], [77.5769126, 12.9441515], [77.5768888, 12.944092], [77.5768777, 12.9440291], [77.5768796, 12.9439653], [77.5768946, 12.9439031], [77.5769221, 12.9438452], [77.5769608, 12.9437937], [77.5770093, 12.9437508], [77.5770657, 12.9437182], [77.5771275, 12.9436972], [77.5771925, 12.9436887], [77.5772548, 12.9436925], [77.5773153, 12.9437079], [77.5773717, 12.9437341], [77.5774219, 12.9437704], [77.5774641, 12.9438153], [77.5774967, 12.9438672]]]}, "properties": {"name": "Madhava Rao Park", "category": "park", "osm_id": 40629066, "osm_type": "way"}}, {"type": "Feature", "geometry": {"type": "Polygon", "coordinates": [[[77.5841524, 12.9402466], [77.5843789, 12.9402437], [77.5844705, 12.9402425], [77.5844598, 12.9394477], [77.5843645, 12.9394489], [77.5841416, 12.9394517], [77.5841524, 12.9402466]]]}, "properties": {"name": "park 40629074", "category": "park", "osm_id": 40629074, "osm_type": "way"}}, {"type": "Feature", "geometry": {"type": "Polygon", "coordinates": [[[77.5916365, 12.9252579], [77.5934322, 12.9252419], [77.5934615, 12.9269491], [77.5919621, 12.9269931], [77.5916458, 12.9269873], [77.5916365, 12.9252579]]]}, "properties": {"name": "Jayanagar General Hospital", "category": "hospital", "osm_id": 40631131, "osm_type": "way"}}, {"type": "Feature", "geometry": {"type": "Polygon", "coordinates": [[[77.596257, 12.9253328], [77.5953539, 12.9253576], [77.5953284, 12.9248927], [77.5962391, 12.9248592], [77.596257, 12.9253328]]]}, "properties": {"name": "park 40631651", "category": "park", "osm_id": 40631651, "osm_type": "way"}}, {"type": "Feature", "geometry": {"type": "Polygon", "coordinates": [[[77.5952165, 12.9253501], [77.5942549, 12.9253749], [77.5942474, 12.9248401], [77.5952119, 12.9248305], [77.5952165, 12.9253501]]]}, "properties": {"name": "Vishnuvardhan Park", "category": "park", "osm_id": 40631652, "osm_type": "way"}}, {"type": "Feature", "geometry": {"type": "Polygon", "coordinates": [[[77.5924922, 12.9387662], [77.5923334, 12.9387276], [77.5922685, 12.9389728], [77.5924876, 12.9390167], [77.5924597, 12.9405242], [77.5925329, 12.9406607], [77.592661, 12.9408169], [77.592126, 12.9409395], [77.5911668, 12.9410122], [77.5909079, 12.9402375], [77.5899973, 12.9405311], [77.5899032, 12.9405614], [77.5900358, 12.9408397], [77.5895257, 12.9411746], [77.5887555, 12.9401185], [77.5884474, 12.9402148], [77.5884066, 12.9401325], [77.588217, 12.9397567], [77.5880671, 12.9391547], [77.5882017, 12.9390354], [77.5880107, 12.9387741], [77.5881681, 12.9386347], [77.587907, 12.9381828], [77.5873956, 12.9375871], [77.5871527, 12.9374], [77.5872788, 12.937314], [77.5883359, 12.9377907], [77.5883535, 12.937384], [77.588732, 12.9373909], [77.5888911, 12.937477], [77.5891387, 12.9374874], [77.5891528, 12.9369876], [77.5895595, 12.9363913], [77.5896621, 12.9361328], [77.589596, 12.9356233], [77.5897045, 12.9356054], [77.5900109, 12.935562], [77.5901535, 12.9363409], [77.5906341, 12.9361363], [77.5911016, 12.936693], [77.5914554, 12.9364859], [77.5918227, 12.9363336], [77.5926361, 12.93618], [77.5924953, 12.9385991], [77.5924922, 12.9387662]]]}, "properties": {"name": "Hospital Complex", "category": "hospital", "osm_id": 40631657, "osm_type": "way"}}, {"type": "Feature", "geometry": {"type": "Polygon", "coordinates": [[[77.5998236, 12.9173089], [77.5997286, 12.9173112], [77.5997246, 12.916989], [77.5993521, 12.9169958], [77.5993518, 12.9169837], [77.5993477, 12.9169038], [77.5993464, 12.9168789], [77.5985958, 12.9169001], [77.5986561, 12.9189254], [77.5987416, 12.918923], [77.5987574, 12.9194694], [77.5987694, 12.9198835], [77.5993623, 12.9198736], [77.5993641, 12.9199755], [77.5993676, 12.920173], [77.5999123, 12.9201638], [77.5999059, 12.919958], [77.5998849, 12.9192816], [77.5998236, 12.9173089]]]}, "properties": {"name": "Sri Jayadeva Institute Of Cardiology", "category": "hospital", "osm_id": 40678727, "osm_type": "way"}}, {"type": "Feature", "geometry": {"type": "Polygon", "coordinates": [[[77.5424338, 12.934966], [77.5422889, 12.9345268], [77.5433634, 12.9341901], [77.5435083, 12.9346294], [77.5424338, 12.934966]]]}, "properties": {"name": "park 41196430", "category": "park", "osm_id": 41196430, "osm_type": "way"}}, {"type": "Feature", "geometry": {"type": "Polygon", "coordinates": [[[77.5412131, 12.9998952], [77.5420971, 12.9998289], [77.5421371, 12.9989893], [77.5412044, 12.99947], [77.5411799, 12.9994826], [77.5411807, 12.9994924], [77.5412131, 12.9998952]]]}, "properties": {"name": "Swamy Vivekananda Park", "category": "park", "osm_id": 41749089, "osm_type": "way"}}, {"type": "Feature", "geometry": {"type": "Polygon", "coordinates": [[[77.5447241, 12.9909664], [77.5447628, 12.9911375], [77.5454353, 12.9910382], [77.545598, 12.9914524], [77.5455273, 12.9915634], [77.5448849, 12.9915432], [77.5447652, 12.9915394], [77.5447479, 12.9915622], [77.5447383, 12.9917413], [77.5430314, 12.9916648], [77.5429413, 12.9911161], [77.5446755, 12.9909705], [77.5447241, 12.9909664]]]}, "properties": {"name": "Netaji Subash Chandra Bose Park", "category": "park", "osm_id": 42434168, "osm_type": "way"}}, {"type": "Feature", "geometry": {"type": "Polygon", "coordinates": [[[77.5412529, 12.9963239], [77.5416383, 12.9962724], [77.5415519, 12.9955447], [77.5410919, 12.9955751], [77.5412529, 12.9963239]]]}, "properties": {"name": "Vishveshwaraya Park", "category": "park", "osm_id": 42445763, "osm_type": "way"}}, {"type": "Feature", "geometry": {"type": "Polygon", "coordinates": [[[77.54197, 12.9980371], [77.5417736, 12.9981667], [77.5416532, 12.9977663], [77.5415871, 12.997785], [77.5415039, 12.9975439], [77.5414051, 12.9975753], [77.5413823, 12.9974969], [77.5415746, 12.9974291], [77.54197, 12.9980371]]]}, "properties": {"name": "SKV Park", "category": "park", "osm_id": 42475178, "osm_type": "way"}}, {"type": "Feature", "geometry": {"type": "Polygon", "coordinates": [[[77.5434464, 12.9959886], [77.5433161, 12.9954657], [77.5442265, 12.9952979], [77.5442641, 12.995696], [77.5434464, 12.9959886]]]}, "properties": {"name": "Uphill Park", "category": "park", "osm_id": 42475182, "osm_type": "way"}}, {"type": "Feature", "geometry": {"type": "Polygon", "coordinates": [[[77.5978327, 12.8954839], [77.5978513, 12.89543], [77.5979869, 12.8950374], [77.5981296, 12.8946243], [77.598287, 12.8945307], [77.5983292, 12.8941164], [77.5985424, 12.8941373], [77.5985289, 12.8943705], [77.5990607, 12.8940183], [77.5990779, 12.8941265], [77.5993046, 12.8948772], [77.5993304, 12.8949854], [77.5988993, 12.8951289], [77.5979092, 12.8954584], [77.5978327, 12.8954839]]]}, "properties": {"name": "Fortis Hospitals, Bannerghatta Road", "category": "hospital", "osm_id": 44091443, "osm_type": "way"}}, {"type": "Feature", "geometry": {"type": "Polygon", "coordinates": [[[77.5971952, 12.8960595], [77.5974175, 12.8963983], [77.5976894, 12.8970191], [77.5980071, 12.8968855], [77.5987031, 12.8964455], [77.5989327, 12.8963799], [77.5995039, 12.8962168], [77.5993219, 12.895621], [77.5977297, 12.89614], [77.5975133, 12.8962102], [77.5974639, 12.8960344], [77.5971952, 12.8960595]]]}, "properties": {"name": "Apollo Hospital", "category": "hospital", "osm_id": 44091445, "osm_type": "way"}}, {"type": "Feature", "geometry": {"type": "Polygon", "coordinates": [[[77.5949902, 12.9925629], [77.5944482, 12.9919307], [77.5948223, 12.9914487], [77.5953034, 12.9907036], [77.5954506, 12.9904139], [77.5960736, 12.9906665], [77.5961504, 12.9906983], [77.5955229, 12.9918553], [77.5951738, 12.9923661], [77.5949902, 12.9925629]]]}, "properties": {"name": "Bhagwan Mahaveer Jain Hospital", "category": "hospital", "osm_id": 45185764, "osm_type": "way"}}, {"type": "Feature", "geometry": {"type": "Polygon", "coordinates": [[[77.5973986, 12.9437172], [77.597274, 12.94376], [77.597208, 12.9442031], [77.5975435, 12.9440844], [77.5973986, 12.9437172]]]}, "properties": {"name": "park 45439811", "category": "park", "osm_id": 45439811, "osm_type": "way"}}, {"type": "Feature", "geometry": {"type": "Polygon", "coordinates": [[[77.5761457, 12.9881013], [77.57614, 12.9882584], [77.5760242, 12.9882544], [77.5760175, 12.9885415], [77.5756142, 12.9886447], [77.5754519, 12.9886139], [77.5755146, 12.9880617], [77.5758921, 12.9880853], [77.5761457, 12.9881013]]]}, "properties": {"name": "Nehru Park", "category": "park", "osm_id": 45443117, "osm_type": "way"}}, {"type": "Feature", "geometry": {"type": "Polygon", "coordinates": [[[77.5787578, 12.9873297], [77.5796076, 12.9878083], [77.5794685, 12.9880428], [77.5790747, 12.987821], [77.5785259, 12.9875119], [77.5787578, 12.9873297]]]}, "properties": {"name": "park 45443161", "category": "park", "osm_id": 45443161, "osm_type": "way"}}, {"type": "Feature", "geometry": {"type": "Polygon", "coordinates": [[[77.5985608, 12.9767111], [77.5983641, 12.9768044], [77.5980706, 12.9769057], [77.5972426, 12.9769013], [77.5967093, 12.9767906], [77.5964944, 12.9767863], [77.5963176, 12.9768084], [77.5959387, 12.9768563], [77.5955643, 12.9768272], [77.5952075, 12.9766919], [77.5947475, 12.9761576], [77.5947682, 12.9760807], [77.5955877, 12.9753023], [77.595651, 12.9753593], [77.595863, 12.9752478], [77.5963103, 12.9757166], [77.5966159, 12.9754777], [77.5971277, 12.9755203], [77.5972214, 12.9757973], [77.5973018, 12.9759325], [77.5973735, 12.976178], [77.5975891, 12.9761621], [77.5979021, 12.9761912], [77.5983319, 12.9765196], [77.5985608, 12.9767111]]]}, "properties": {"name": "Jawahar Bal Bhavan Childrens Park", "category": "park", "osm_id": 52057921, "osm_type": "way"}}, {"type": "Feature", "geometry": {"type": "Polygon", "coordinates": [[[77.5965943, 12.9766236], [77.5966778, 12.9762532], [77.5979846, 12.9765717], [77.5979314, 12.9768364], [77.5975159, 12.9768257], [77.5965943, 12.9766236]]]}, "properties": {"name": "Jawahar Bal Bhavan", "category": "park", "osm_id": 52059217, "osm_type": "way"}}, {"type": "Feature", "geometry": {"type": "Polygon", "coordinates": [[[77.5990747, 12.9774666], [77.5993183, 12.9769767], [77.5993304, 12.9769524], [77.5993498, 12.9769541], [77.5994246, 12.976913], [77.5994682, 12.9768835], [77.5994943, 12.9768559], [77.5995762, 12.9767623], [77.5995942, 12.9767608], [77.6002507, 12.9767699], [77.6002888, 12.9771495], [77.6002826, 12.9772649], [77.6001793, 12.9775284], [77.5997033, 12.9777387], [77.5990747, 12.9774666]]]}, "properties": {"name": "Mahatma Gandhi Park", "category": "park", "osm_id": 52063158, "osm_type": "way"}}, {"type": "Feature", "geometry": {"type": "Polygon", "coordinates": [[[77.6002539, 12.9840951], [77.5999264, 12.9842193], [77.599777, 12.9842446], [77.5993902, 12.9841666], [77.599398, 12.9841004], [77.5992254, 12.983533], [77.6002669, 12.9831904], [77.6003587, 12.9834433], [77.6000109, 12.9835548], [77.6001491, 12.9839828], [77.6002539, 12.9840951]]]}, "properties": {"name": "Sir Haji Ismail Gosha Sait Hospital", "category": "hospital", "osm_id": 52063534, "osm_type": "way"}}, {"type": "Feature", "geometry": {"type": "Polygon", "coordinates": [[[77.5844854, 12.9699338], [77.5848109, 12.9696702], [77.5861327, 12.9683605], [77.5863363, 12.9685746], [77.5845913, 12.9701006], [77.5844854, 12.9699338]]]}, "properties": {"name": "Banappa Park", "category": "park", "osm_id": 52244609, "osm_type": "way"}}, {"type": "Feature", "geometry": {"type": "Polygon", "coordinates": [[[77.5841582, 12.9746758], [77.5838722, 12.9750668], [77.5819952, 12.9736252], [77.5821364, 12.973426], [77.5824259, 12.9736085], [77.5824208, 12.973786], [77.5831005, 12.9742358], [77.583198, 12.9741909], [77.5836289, 12.9744683], [77.5836853, 12.9743683], [77.5841582, 12.9746758]]]}, "properties": {"name": "park 52245874", "category": "park", "osm_id": 52245874, "osm_type": "way"}}, {"type": "Feature", "geometry": {"type": "Polygon", "coordinates": [[[77.5672137, 12.9647552], [77.5681542, 12.9649071], [77.5681757, 12.9639958], [77.5680521, 12.9637968], [77.5674932, 12.9635035], [77.5673373, 12.9633987], [77.5673169, 12.963623], [77.5672137, 12.9647552]]]}, "properties": {"name": "Government Veterinary Hospital", "category": "hospital", "osm_id": 53849361, "osm_type": "way"}}, {"type": "Feature", "geometry": {"type": "Polygon", "coordinates": [[[77.5719057, 12.9735437], [77.5718557, 12.9738884], [77.5718473, 12.9741049], [77.5718145, 12.9742007], [77.5717545, 12.9742958], [77.5721725, 12.9743258], [77.5723038, 12.9743219], [77.5725308, 12.9742534], [77.5726866, 12.9740957], [77.5728155, 12.9738928], [77.572829, 12.9738045], [77.5727701, 12.973629], [77.572752, 12.9734899], [77.5724902, 12.9735558], [77.5724112, 12.9731351], [77.57204, 12.9731875], [77.5720344, 12.9734475], [77.5719057, 12.9735437]]]}, "properties": {"name": "Lokmanya Tilak Park", "category": "park", "osm_id": 53857356, "osm_type": "way"}}, {"type": "Feature", "geometry": {"type": "Polygon", "coordinates": [[[77.56574, 12.9802166], [77.5647761, 12.980308], [77.5645109, 12.9802981], [77.564481, 12.9794404], [77.5656525, 12.9793627], [77.56574, 12.9802166]]]}, "properties": {"name": "Divisional Railway Hospital", "category": "hospital", "osm_id": 53859295, "osm_type": "way"}}, {"type": "Feature", "geometry": {"type": "Polygon", "coordinates": [[[77.5422649, 12.9705909], [77.5421818, 12.9703689], [77.5432727, 12.9700949], [77.543322, 12.9702402], [77.5422649, 12.9705909]]]}, "properties": {"name": "park 54147265", "category": "park", "osm_id": 54147265, "osm_type": "way"}}, {"type": "Feature", "geometry": {"type": "Polygon", "coordinates": [[[77.5449919, 12.9707553], [77.5448862, 12.9704681], [77.5460445, 12.9700681], [77.5461502, 12.9703553], [77.5449919, 12.9707553]]]}, "properties": {"name": "Jayaprakash Narayana Park", "category": "park", "osm_id": 54147280, "osm_type": "way"}}, {"type": "Feature", "geometry": {"type": "Polygon", "coordinates": [[[77.5414291, 12.9628219], [77.540726, 12.9627804], [77.5405854, 12.9621393], [77.5412223, 12.9619726], [77.5414291, 12.9628219]]]}, "properties": {"name": "Hampinagar Park", "category": "park", "osm_id": 54147968, "osm_type": "way"}}, {"type": "Feature", "geometry": {"type": "Polygon", "coordinates": [[[77.5365152, 12.9573285], [77.5363667, 12.9571795], [77.5365017, 12.9564167], [77.5369785, 12.9569866], [77.5365152, 12.9573285]]]}, "properties": {"name": "park 54147974", "category": "park", "osm_id": 54147974, "osm_type": "way"}}, {"type": "Feature", "geometry": {"type": "Polygon", "coordinates": [[[77.5363525, 12.964459], [77.5365493, 12.9649576], [77.5367977, 12.9648739], [77.5366736, 12.9644327], [77.5363525, 12.964459]]]}, "properties": {"name": "park 54148010", "category": "park", "osm_id": 54148010, "osm_type": "way"}}, {"type": "Feature", "geometry": {"type": "Polygon", "coordinates": [[[77.5367531, 12.9590987], [77.5363763, 12.9593933], [77.5360783, 12.9590206], [77.5365604, 12.9586526], [77.5367531, 12.9590987]]]}, "properties": {"name": "Aalada Mara (Banyan Tree)", "category": "park", "osm_id": 54148021, "osm_type": "way"}}, {"type": "Feature", "geometry": {"type": "Polygon", "coordinates": [[[77.5399614, 12.9696739], [77.539846, 12.9691412], [77.5402502, 12.9690777], [77.540239, 12.9696092], [77.5399614, 12.9696739]]]}, "properties": {"name": "park 54148067", "category": "park", "osm_id": 54148067, "osm_type": "way"}}, {"type": "Feature", "geometry": {"type": "Polygon", "coordinates": [[[77.5357814, 12.9630267], [77.5359613, 12.963465], [77.5364336, 12.9634376], [77.5363493, 12.9630102], [77.5357814, 12.9630267]]]}, "properties": {"name": "park 54148075", "category": "park", "osm_id": 54148075, "osm_type": "way"}}, {"type": "Feature", "geometry": {"type": "Polygon", "coordinates": [[[77.5580728, 12.9503132], [77.5579157, 12.9503086], [77.5578594, 12.9502119], [77.5576448, 12.95011], [77.5574785, 12.9501727], [77.5569384, 12.9501124], [77.5571238, 12.9505561], [77.556185, 12.950773], [77.555898, 12.9510318], [77.5558602, 12.9512132], [77.5558049, 12.9514782], [77.5557857, 12.9516449], [77.5559577, 12.9521169], [77.5565561, 12.9532492], [77.5575441, 12.9530513], [77.5584353, 12.9528815], [77.5585775, 12.952859], [77.5585775, 12.9531335], [77.5589048, 12.953204], [77.5596075, 12.9535412], [77.5599025, 12.9536406], [77.5601332, 12.9536589], [77.5604068, 12.9535857], [77.5608386, 12.9534079], [77.5611256, 12.9533217], [77.5616031, 12.9533086], [77.5616487, 12.9528799], [77.5616969, 12.9526041], [77.561528, 12.9526172], [77.5614663, 12.9525466], [77.5613858, 12.9525492], [77.5613053, 12.9526015], [77.5611954, 12.9528159], [77.560852, 12.9530851], [77.5605704, 12.9532315], [77.5604014, 12.9533021], [77.560152, 12.9533988], [77.5600719, 12.9534049], [77.5598221, 12.95337], [77.5596933, 12.9528864], [77.5595968, 12.9527767], [77.55935, 12.952612], [77.5591998, 12.9525257], [77.5589584, 12.9524761], [77.5589289, 12.9524447], [77.5592239, 12.9524264], [77.5589691, 12.9518095], [77.5588726, 12.9511429], [77.5586607, 12.951156], [77.5586204, 12.9509547], [77.5584622, 12.9507874], [77.55843, 12.9507038], [77.558464, 12.9505918], [77.5585507, 12.9503065], [77.5589638, 12.9504058], [77.5591301, 12.9507325], [77.5593044, 12.950939], [77.5594868, 12.9510697], [77.5597845, 12.9512292], [77.5600045, 12.9512893], [77.5601144, 12.9512527], [77.5606884, 12.9508658], [77.5611015, 12.950662], [77.5611498, 12.9505156], [77.5612678, 12.9503169], [77.5615011, 12.9501993], [77.5616031, 12.950228], [77.561874, 12.9503457], [77.5619437, 12.9504999], [77.5619488, 12.9506418], [77.5619516, 12.9507199], [77.5618042, 12.9510724], [77.5616487, 12.9513311], [77.561359, 12.9515559], [77.5613295, 12.9516683], [77.5614287, 12.9521284], [77.5613912, 12.9524264], [77.5614341, 12.9524551], [77.5614958, 12.9524421], [77.5615655, 12.9524264], [77.561705, 12.9525126], [77.5617358, 12.9519493], [77.561776, 12.9516487], [77.5619182, 12.9512697], [77.5621355, 12.9509273], [77.562165, 12.9507234], [77.5620094, 12.950692], [77.5620094, 12.9504489], [77.5618726, 12.9501666], [77.5615025, 12.9500751], [77.5610733, 12.9503025], [77.559987, 12.9509194], [77.5597858, 12.9509116], [77.5593701, 12.9505927], [77.5591534, 12.9501378], [77.5581443, 12.9501483], [77.5580773, 12.9501483], [77.5580763, 12.9502955], [77.5580728, 12.9503132]]]}, "properties": {"name": "Dr Rajkumar Park", "category": "park", "osm_id": 55684220, "osm_type": "way"}}, {"type": "Feature", "geometry": {"type": "Polygon", "coordinates": [[[77.5445729, 12.9316591], [77.5438977, 12.9308916], [77.5447424, 12.9301846], [77.5448912, 12.9303624], [77.5443915, 12.9307809], [77.5450029, 12.9314955], [77.5445729, 12.9316591]]]}, "properties": {"name": "BBMP Park", "category": "park", "osm_id": 81251699, "osm_type": "way"}}, {"type": "Feature", "geometry": {"type": "Polygon", "coordinates": [[[77.5708038, 12.9955203], [77.5706059, 12.9955136], [77.5706766, 12.9935032], [77.5708745, 12.9935098], [77.5708038, 12.9955203]]]}, "properties": {"name": "park 101928528", "category": "park", "osm_id": 101928528, "osm_type": "way"}}, {"type": "Feature", "geometry": {"type": "Polygon", "coordinates": [[[77.5701383, 13.0001139], [77.5705256, 13.0001216], [77.5705321, 12.9998086], [77.5701448, 12.999801], [77.5701383, 13.0001139]]]}, "properties": {"name": "park 113775584", "category": "park", "osm_id": 113775584, "osm_type": "way"}}, {"type": "Feature", "geometry": {"type": "Polygon", "coordinates": [[[77.5795391, 12.9109254], [77.5795767, 12.9111686], [77.5799978, 12.9110875], [77.5800058, 12.9108601], [77.5795391, 12.9109254]]]}, "properties": {"name": "Rajshekhar Hospital", "category": "hospital", "osm_id": 118411722, "osm_type": "way"}}, {"type": "Feature", "geometry": {"type": "Polygon", "coordinates": [[[77.5583497, 12.9022852], [77.5583711, 12.9023045], [77.5584608, 12.9023466], [77.5585272, 12.9023692], [77.5592716, 12.9022276], [77.5589877, 12.9019316], [77.5583497, 12.9022852]]]}, "properties": {"name": "Kumaraswamy Layout Park", "category": "park", "osm_id": 119172185, "osm_type": "way"}}, {"type": "Feature", "geometry": {"type": "Polygon", "coordinates": [[[77.5941561, 12.9836942], [77.5940109, 12.9832706], [77.5949195, 12.9829748], [77.5950608, 12.9833885], [77.5941561, 12.9836942]]]}, "properties": {"name": "Sparsh Hospital For Advanced Surgeries, Bengaluru Urban", "category": "hospital", "osm_id": 124760551, "osm_type": "way"}}, {"type": "Feature", "geometry": {"type": "Polygon", "coordinates": [[[77.5889202, 12.9338564], [77.5888449, 12.9335453], [77.5895508, 12.9334239], [77.589623, 12.9338165], [77.5889202, 12.9338564]]]}, "properties": {"name": "park 130871138", "category": "park", "osm_id": 130871138, "osm_type": "way"}}, {"type": "Feature", "geometry": {"type": "Polygon", "coordinates": [[[77.5530499, 12.996874], [77.5532677, 12.9970568], [77.5535214, 12.9971911], [77.5540481, 12.996522], [77.5537008, 12.9961823], [77.5530499, 12.996874]]]}, "properties": {"name": "Navaranga Playground", "category": "park", "osm_id": 132706873, "osm_type": "way"}}, {"type": "Feature", "geometry": {"type": "Polygon", "coordinates": [[[77.5134841, 12.9095733], [77.5142567, 12.909345], [77.5139924, 12.908504], [77.5138596, 12.9084491], [77.5137658, 12.9081947], [77.5130697, 12.9084727], [77.5129805, 12.9089008], [77.5132532, 12.9090664], [77.5133836, 12.9093485], [77.5134841, 12.9095733]]]}, "properties": {"name": "Manipal Speciality Hospital", "category": "hospital", "osm_id": 132913842, "osm_type": "way"}}, {"type": "Feature", "geometry": {"type": "Polygon", "coordinates": [[[77.5476522, 12.930193], [77.5486063, 12.9293792], [77.5483437, 12.9290917], [77.5475551, 12.9296615], [77.5473406, 12.9298393], [77.5476522, 12.930193]]]}, "properties": {"name": "park 132924556", "category": "park", "osm_id": 132924556, "osm_type": "way"}}, {"type": "Feature", "geometry": {"type": "Polygon", "coordinates": [[[77.5192682, 12.9198439], [77.5197123, 12.9198111], [77.5201265, 12.9197621], [77.5200889, 12.918753], [77.5193419, 12.918678], [77.5193253, 12.9190123], [77.5192682, 12.9198439]]]}, "properties": {"name": "Dr Ambedkar Park", "category": "park", "osm_id": 132998344, "osm_type": "way"}}, {"type": "Feature", "geometry": {"type": "Polygon", "coordinates": [[[77.5906761, 12.9123811], [77.591037, 12.9123898], [77.5910475, 12.9119775], [77.5906866, 12.9119688], [77.5906761, 12.9123811]]]}, "properties": {"name": "Senior Citizen Park", "category": "park", "osm_id": 133134238, "osm_type": "way"}}, {"type": "Feature", "geometry": {"type": "Polygon", "coordinates": [[[77.5538034, 12.9264849], [77.5541161, 12.9267728], [77.5545858, 12.9273484], [77.5546278, 12.9271609], [77.5545871, 12.9268193], [77.5543219, 12.9264203], [77.5541699, 12.9263709], [77.5539672, 12.9263747], [77.5538034, 12.9264849]]]}, "properties": {"name": "Chenamma Kere Park", "category": "park", "osm_id": 133145605, "osm_type": "way"}}, {"type": "Feature", "geometry": {"type": "Polygon", "coordinates": [[[77.5722956, 12.928553], [77.5723536, 12.9288885], [77.5731031, 12.9287502], [77.5730227, 12.9284156], [77.5722956, 12.928553]]]}, "properties": {"name": "Uma Maheshwara park", "category": "park", "osm_id": 133268648, "osm_type": "way"}}, {"type": "Feature", "geometry": {"type": "Polygon", "coordinates": [[[77.5469461, 12.940119], [77.5475764, 12.9400401], [77.5476193, 12.9392977], [77.547673, 12.939099], [77.5475335, 12.938848], [77.5468576, 12.938848], [77.5469246, 12.9397739], [77.5469461, 12.940119]]]}, "properties": {"name": "Vivekananda Park", "category": "park", "osm_id": 133378267, "osm_type": "way"}}, {"type": "Feature", "geometry": {"type": "Polygon", "coordinates": [[[77.5457012, 12.9410249], [77.545551, 12.9410197], [77.5454222, 12.9410014], [77.5454222, 12.9409341], [77.5455644, 12.9409184], [77.5456958, 12.9408975], [77.5457012, 12.9410249]]]}, "properties": {"name": "Radhakrishna Multispeciality Hospital", "category": "hospital", "osm_id": 133379520, "osm_type": "way"}}, {"type": "Feature", "geometry": {"type": "Polygon", "coordinates": [[[77.5358768, 12.9904501], [77.5365594, 12.9903484], [77.5362422, 12.9895736], [77.5359587, 12.9891287], [77.5354107, 12.989332], [77.5358768, 12.9904501]]]}, "properties": {"name": "Sir M Vishweshwaraya Park (Monkey Park)", "category": "park", "osm_id": 133756163, "osm_type": "way"}}, {"type": "Feature", "geometry": {"type": "Polygon", "coordinates": [[[77.5504474, 12.9875041], [77.550462, 12.9875004], [77.5504799, 12.9875821], [77.5506313, 12.9875191], [77.5504797, 12.9868616], [77.5503029, 12.9868984], [77.5504474, 12.9875041]]]}, "properties": {"name": "Dhobi Ghat Park", "category": "park", "osm_id": 133756192, "osm_type": "way"}}, {"type": "Feature", "geometry": {"type": "Polygon", "coordinates": [[[77.5340468, 12.9905433], [77.534197, 12.9913958], [77.5343147, 12.9920564], [77.5341914, 12.9920789], [77.5340758, 12.9914454], [77.5339471, 12.990611], [77.5339015, 12.9903137], [77.5340468, 12.9905433]]]}, "properties": {"name": "SBI officers colony park", "category": "park", "osm_id": 133756195, "osm_type": "way"}}, {"type": "Feature", "geometry": {"type": "Polygon", "coordinates": [[[77.5794031, 12.9166469], [77.5793963, 12.9162881], [77.5798278, 12.9162804], [77.5798346, 12.9166392], [77.5794031, 12.9166469]]]}, "properties": {"name": "Rajalakshmi Multispeciality Hospital", "category": "hospital", "osm_id": 133951786, "osm_type": "way"}}, {"type": "Feature", "geometry": {"type": "Polygon", "coordinates": [[[77.5307268, 12.999736], [77.531958, 13.000013], [77.5319404, 13.0000666], [77.5307054, 12.9997856], [77.5307268, 12.999736]]]}, "properties": {"name": "park 133952210", "category": "park", "osm_id": 133952210, "osm_type": "way"}}, {"type": "Feature", "geometry": {"type": "Polygon", "coordinates": [[[77.5267479, 12.9628689], [77.5267611, 12.9627461], [77.5266659, 12.9627147], [77.526827, 12.9621959], [77.5271065, 12.9621838], [77.5272317, 12.9628736], [77.5267479, 12.9628689]]]}, "properties": {"name": "park 138391170", "category": "park", "osm_id": 138391170, "osm_type": "way"}}, {"type": "Feature", "geometry": {"type": "Polygon", "coordinates": [[[77.5295425, 12.9649926], [77.529436, 12.9660249], [77.5298844, 12.9660199], [77.5298415, 12.9648947], [77.5295425, 12.9649926]]]}, "properties": {"name": "park 138391190", "category": "park", "osm_id": 138391190, "osm_type": "way"}}, {"type": "Feature", "geometry": {"type": "Polygon", "coordinates": [[[77.5237914, 12.9643679], [77.5236098, 12.9644474], [77.523701, 12.9648028], [77.5237761, 12.9648917], [77.5238566, 12.9656706], [77.5241015, 12.9656515], [77.5241624, 12.9659216], [77.5245092, 12.9658763], [77.5237914, 12.9643679]]]}, "properties": {"name": "park 138430889", "category": "park", "osm_id": 138430889, "osm_type": "way"}}, {"type": "Feature", "geometry": {"type": "Polygon", "coordinates": [[[77.5267987, 12.9780788], [77.5269798, 12.9776684], [77.5271299, 12.9776945], [77.527417, 12.9779246], [77.5281948, 12.9780618], [77.5285113, 12.9781663], [77.5288358, 12.9781624], [77.5288562, 12.97874], [77.5282431, 12.9787936], [77.5273365, 12.9789138], [77.5271058, 12.978804], [77.5268483, 12.9787766], [77.5267987, 12.9780788]]]}, "properties": {"name": "Balalayanna Kere Park", "category": "park", "osm_id": 138449004, "osm_type": "way"}}, {"type": "Feature", "geometry": {"type": "Polygon", "coordinates": [[[77.5540454, 12.9918362], [77.5540356, 12.9914957], [77.5543788, 12.9914862], [77.5543434, 12.990019], [77.5537173, 12.9900436], [77.5525369, 12.9900817], [77.5526093, 12.9918867], [77.5540454, 12.9918362]]]}, "properties": {"name": "Employees' State Insurance Corporation Model Hospital", "category": "hospital", "osm_id": 138697265, "osm_type": "way"}}, {"type": "Feature", "geometry": {"type": "Polygon", "coordinates": [[[77.5615325, 12.9728258], [77.5615159, 12.9723177], [77.561889, 12.972306], [77.5619057, 12.9728141], [77.5615325, 12.9728258]]]}, "properties": {"name": "park 138878398", "category": "park", "osm_id": 138878398, "osm_type": "way"}}, {"type": "Feature", "geometry": {"type": "Polygon", "coordinates": [[[77.5422184, 12.9752766], [77.5421605, 12.9747361], [77.543933, 12.9751056], [77.5422184, 12.9752766]]]}, "properties": {"name": "park 139083877", "category": "park", "osm_id": 139083877, "osm_type": "way"}}, {"type": "Feature", "geometry": {"type": "Polygon", "coordinates": [[[77.5192103, 12.9508737], [77.5193663, 12.9522409], [77.5188741, 12.9521416], [77.5192103, 12.9508737]]]}, "properties": {"name": "park 139524235", "category": "park", "osm_id": 139524235, "osm_type": "way"}}, {"type": "Feature", "geometry": {"type": "Polygon", "coordinates": [[[77.5181538, 12.9677124], [77.5181377, 12.9683528], [77.5175772, 12.9683607], [77.5181538, 12.9677124]]]}, "properties": {"name": "park 140374686", "category": "park", "osm_id": 140374686, "osm_type": "way"}}, {"type": "Feature", "geometry": {"type": "Polygon", "coordinates": [[[77.5317932, 12.9936277], [77.5316629, 12.9926626], [77.5321085, 12.9926055], [77.5322388, 12.9935706], [77.5317932, 12.9936277]]]}, "properties": {"name": "park 141508010", "category": "park", "osm_id": 141508010, "osm_type": "way"}}, {"type": "Feature", "geometry": {"type": "Polygon", "coordinates": [[[77.5291685, 12.9924261], [77.5291431, 12.9922154], [77.5291202, 12.9920262], [77.5292022, 12.9919948], [77.5296165, 12.9918363], [77.5296497, 12.9920987], [77.5296759, 12.9923033], [77.5296825, 12.9923553], [77.5291685, 12.9924261]]]}, "properties": {"name": "park 141508066", "category": "park", "osm_id": 141508066, "osm_type": "way"}}, {"type": "Feature", "geometry": {"type": "Polygon", "coordinates": [[[77.5363622, 12.9938492], [77.5363668, 12.9936107], [77.5366179, 12.9936028], [77.5366739, 12.9938446], [77.5363622, 12.9938492]]]}, "properties": {"name": "park 141744176", "category": "park", "osm_id": 141744176, "osm_type": "way"}}, {"type": "Feature", "geometry": {"type": "Polygon", "coordinates": [[[77.5418337, 12.9298238], [77.5420765, 12.9296565], [77.5427022, 12.930497], [77.5423943, 12.9307427], [77.5422151, 12.9304339], [77.5418337, 12.9298238]]]}, "properties": {"name": "Nandanavana Udyanavana", "category": "park", "osm_id": 141790510, "osm_type": "way"}}, {"type": "Feature", "geometry": {"type": "Polygon", "coordinates": [[[77.5408805, 12.9308423], [77.5414278, 12.93049], [77.5415644, 12.9307467], [77.5410146, 12.9311353], [77.5408805, 12.9308423]]]}, "properties": {"name": "Vittala International Institute Of Ophthalmology, Hosakerehalli", "category": "hospital", "osm_id": 141791769, "osm_type": "way"}}, {"type": "Feature", "geometry": {"type": "Polygon", "coordinates": [[[77.5276845, 12.9586761], [77.5283479, 12.9584957], [77.5282039, 12.9580842], [77.5275807, 12.958402], [77.5276845, 12.9586761]]]}, "properties": {"name": "park 144964634", "category": "park", "osm_id": 144964634, "osm_type": "way"}}, {"type": "Feature", "geometry": {"type": "Polygon", "coordinates": [[[77.5933037, 12.9503952], [77.5943133, 12.9514423], [77.594621, 12.9517614], [77.5951423, 12.9512688], [77.5933037, 12.9503952]]]}, "properties": {"name": "Kitturu Rani Chennamma Park", "category": "park", "osm_id": 147124751, "osm_type": "way"}}, {"type": "Feature", "geometry": {"type": "Polygon", "coordinates": [[[77.5248848, 12.9466196], [77.5250732, 12.9469306], [77.5252618, 12.9468451], [77.5257976, 12.9466023], [77.5257828, 12.9465593], [77.5256598, 12.9462952], [77.5256435, 12.9462592], [77.5250388, 12.9465286], [77.5248848, 12.9466196]]]}, "properties": {"name": "park 148485590", "category": "park", "osm_id": 148485590, "osm_type": "way"}}, {"type": "Feature", "geometry": {"type": "Polygon", "coordinates": [[[77.525843, 12.9463305], [77.5258916, 12.9464453], [77.5259495, 12.9465567], [77.5263872, 12.9463609], [77.5263401, 12.9462608], [77.526222, 12.9460101], [77.5257863, 12.9462085], [77.525843, 12.9463305]]]}, "properties": {"name": "park 148485597", "category": "park", "osm_id": 148485597, "osm_type": "way"}}, {"type": "Feature", "geometry": {"type": "Polygon", "coordinates": [[[77.5768698, 12.9883095], [77.5768665, 12.9881661], [77.5765395, 12.9881181], [77.5765482, 12.9883919], [77.5768698, 12.9883095]]]}, "properties": {"name": "Nehru Park", "category": "park", "osm_id": 148669366, "osm_type": "way"}}, {"type": "Feature", "geometry": {"type": "Polygon", "coordinates": [[[77.4914605, 12.9466991], [77.4917855, 12.9466035], [77.4918384, 12.9467859], [77.4920799, 12.9467195], [77.4922502, 12.9473844], [77.4916497, 12.9473566], [77.4914605, 12.9466991]]]}, "properties": {"name": "Jnana Ganapati Temple Park", "category": "park", "osm_id": 149584314, "osm_type": "way"}}, {"type": "Feature", "geometry": {"type": "Polygon", "coordinates": [[[77.4851964, 12.9435218], [77.4852849, 12.9437126], [77.4861584, 12.9432757], [77.4860359, 12.943046], [77.4856014, 12.9433205], [77.4851964, 12.9435218]]]}, "properties": {"name": "park 150288038", "category": "park", "osm_id": 150288038, "osm_type": "way"}}, {"type": "Feature", "geometry": {"type": "Polygon", "coordinates": [[[77.5748716, 12.9643232], [77.5750892, 12.9639336], [77.5744049, 12.9635705], [77.5742943, 12.9637685], [77.5745593, 12.9639091], [77.5744523, 12.9641007], [77.5748716, 12.9643232]]]}, "properties": {"name": "park 150350471", "category": "park", "osm_id": 150350471, "osm_type": "way"}}, {"type": "Feature", "geometry": {"type": "Polygon", "coordinates": [[[77.5736931, 12.9637216], [77.5737248, 12.9637386], [77.5736696, 12.9638365], [77.5734212, 12.9637036], [77.573467, 12.9636224], [77.5735268, 12.9636543], [77.5735617, 12.9635923], [77.5734767, 12.9635468], [77.5735144, 12.9634798], [77.5735802, 12.9635149], [77.5735951, 12.9634884], [77.573582, 12.9634811], [77.57357, 12.9634706], [77.5735624, 12.9634567], [77.5735601, 12.9634411], [77.5735635, 12.9634257], [77.5735675, 12.9634181], [77.5735785, 12.9634065], [77.5735928, 12.9633993], [77.5736089, 12.9633974], [77.5736268, 12.9634018], [77.5736406, 12.9634077], [77.5736603, 12.9633727], [77.5736104, 12.963346], [77.5736392, 12.9632948], [77.5737318, 12.9633443], [77.573775, 12.9632677], [77.5736995, 12.9632273], [77.5737306, 12.9631721], [77.5737886, 12.9632032], [77.5738158, 12.9631549], [77.5739593, 12.9632317], [77.5739403, 12.9632654], [77.5739684, 12.9632805], [77.5739231, 12.9633609], [77.5738968, 12.9633469], [77.5738149, 12.9634922], [77.5738818, 12.963528], [77.5738279, 12.9636238], [77.5737667, 12.963591], [77.5736931, 12.9637216]]]}, "properties": {"name": "Victoria Hospital", "category": "hospital", "osm_id": 150350476, "osm_type": "way"}}, {"type": "Feature", "geometry": {"type": "Polygon", "coordinates": [[[77.4909632, 12.9407862], [77.4909163, 12.9402699], [77.4914005, 12.940181], [77.4915048, 12.9407225], [77.4909632, 12.9407862]]]}, "properties": {"name": "park 150633008", "category": "park", "osm_id": 150633008, "osm_type": "way"}}, {"type": "Feature", "geometry": {"type": "Polygon", "coordinates": [[[77.4937804, 12.9402058], [77.49366, 12.9397187], [77.4938638, 12.9397055], [77.4939, 12.9401865], [77.4937804, 12.9402058]]]}, "properties": {"name": "park 150633065", "category": "park", "osm_id": 150633065, "osm_type": "way"}}, {"type": "Feature", "geometry": {"type": "Polygon", "coordinates": [[[77.5778864, 12.9785709], [77.577889, 12.978122], [77.578248, 12.9781081], [77.5786989, 12.9780862], [77.5787175, 12.9785161], [77.5778864, 12.9785709]]]}, "properties": {"name": "Gandhinagar Park", "category": "park", "osm_id": 150894237, "osm_type": "way"}}, {"type": "Feature", "geometry": {"type": "Polygon", "coordinates": [[[77.4849087, 12.9334054], [77.4846919, 12.9326105], [77.4847229, 12.9325986], [77.4850842, 12.9333412], [77.4849087, 12.9334054]]]}, "properties": {"name": "park 151809005", "category": "park", "osm_id": 151809005, "osm_type": "way"}}, {"type": "Feature", "geometry": {"type": "Polygon", "coordinates": [[[77.5764411, 12.9073213], [77.5764677, 12.9071938], [77.5771518, 12.9071889], [77.5773381, 12.9071875], [77.5773391, 12.9073138], [77.5764411, 12.9073213]]]}, "properties": {"name": "park 161520128", "category": "park", "osm_id": 161520128, "osm_type": "way"}}, {"type": "Feature", "geometry": {"type": "Polygon", "coordinates": [[[77.5798646, 12.9075107], [77.5798651, 12.9073903], [77.5797345, 12.9073901], [77.5797333, 12.9073123], [77.5788413, 12.9073221], [77.5788413, 12.9074005], [77.5790291, 12.9074031], [77.5790264, 12.9075156], [77.5798646, 12.9075107]]]}, "properties": {"name": "park 161520129", "category": "park", "osm_id": 161520129, "osm_type": "way"}}, {"type": "Feature", "geometry": {"type": "Polygon", "coordinates": [[[77.5842044, 12.9646929], [77.5842, 12.9645699], [77.5841174, 12.9645671], [77.5840472, 12.9639833], [77.5842459, 12.963954], [77.5846015, 12.9639533], [77.5849664, 12.9639525], [77.585004, 12.9643655], [77.5849845, 12.9644672], [77.5849317, 12.9647429], [77.5842044, 12.9646929]]]}, "properties": {"name": "Dasappa Maternity Hospital", "category": "hospital", "osm_id": 161984945, "osm_type": "way"}}, {"type": "Feature", "geometry": {"type": "Polygon", "coordinates": [[[77.5634281, 12.9305977], [77.5636244, 12.930562], [77.5639538, 12.9323804], [77.5638124, 12.9324596], [77.5637314, 12.9320672], [77.5634281, 12.9305977]]]}, "properties": {"name": "SSM park (Chennammanakere park)", "category": "park", "osm_id": 162259366, "osm_type": "way"}}, {"type": "Feature", "geometry": {"type": "Polygon", "coordinates": [[[77.5657703, 12.9252651], [77.5655766, 12.9243848], [77.566729, 12.924144], [77.5669227, 12.9250243], [77.5657703, 12.9252651]]]}, "properties": {"name": "Banashankari Brundavana Park", "category": "park", "osm_id": 162268002, "osm_type": "way"}}, {"type": "Feature", "geometry": {"type": "Polygon", "coordinates": [[[77.565098, 12.9258539], [77.5648373, 12.9247045], [77.5651474, 12.9246377], [77.565408, 12.9257872], [77.565098, 12.9258539]]]}, "properties": {"name": "Public Park", "category": "park", "osm_id": 162268534, "osm_type": "way"}}, {"type": "Feature", "geometry": {"type": "Polygon", "coordinates": [[[77.5665825, 12.9415617], [77.5663986, 12.9407421], [77.566544, 12.9408787], [77.5667665, 12.9415344], [77.5665825, 12.9415617]]]}, "properties": {"name": "park 162389319", "category": "park", "osm_id": 162389319, "osm_type": "way"}}, {"type": "Feature", "geometry": {"type": "Polygon", "coordinates": [[[77.5664816, 12.9420066], [77.5664443, 12.9419884], [77.5664122, 12.9419547], [77.5663967, 12.9419181], [77.566395, 12.9418719], [77.5664096, 12.9418312], [77.5664341, 12.9418013], [77.5664665, 12.9417806], [77.5665104, 12.9417701], [77.5665549, 12.9417755], [77.5665918, 12.9417939], [77.5666194, 12.9418217], [77.5666381, 12.9418619], [77.5666405, 12.9419076], [77.5666272, 12.9419476], [77.5666001, 12.9419811], [77.5665575, 12.9420053], [77.5665182, 12.9420118], [77.5664816, 12.9420066]]]}, "properties": {"name": "park 162871259", "category": "park", "osm_id": 162871259, "osm_type": "way"}}, {"type": "Feature", "geometry": {"type": "Polygon", "coordinates": [[[77.5297195, 12.9763614], [77.530508, 12.977957], [77.5306408, 12.9779321], [77.5299126, 12.9763508], [77.5297195, 12.9763614]]]}, "properties": {"name": "park 169718941", "category": "park", "osm_id": 169718941, "osm_type": "way"}}, {"type": "Feature", "geometry": {"type": "Polygon", "coordinates": [[[77.5355937, 12.9785159], [77.5357144, 12.9784812], [77.5358212, 12.9784506], [77.5356661, 12.9779374], [77.5354386, 12.9780027], [77.5355937, 12.9785159]]]}, "properties": {"name": "park 169718945", "category": "park", "osm_id": 169718945, "osm_type": "way"}}, {"type": "Feature", "geometry": {"type": "Polygon", "coordinates": [[[77.5308225, 12.9783631], [77.5308574, 12.9783604], [77.5309191, 12.97835], [77.5308547, 12.9780024], [77.530587, 12.978046], [77.5308225, 12.9783631]]]}, "properties": {"name": "park 169718954", "category": "park", "osm_id": 169718954, "osm_type": "way"}}, {"type": "Feature", "geometry": {"type": "Polygon", "coordinates": [[[77.5295787, 12.9727296], [77.5301607, 12.9726407], [77.5301098, 12.9723872], [77.5295545, 12.9724996], [77.5295787, 12.9727296]]]}, "properties": {"name": "park 169718958", "category": "park", "osm_id": 169718958, "osm_type": "way"}}, {"type": "Feature", "geometry": {"type": "Polygon", "coordinates": [[[77.5342392, 12.9743023], [77.5344725, 12.9742404], [77.5342087, 12.9734284], [77.5339131, 12.9734745], [77.5342392, 12.9743023]]]}, "properties": {"name": "park 169798850", "category": "park", "osm_id": 169798850, "osm_type": "way"}}, {"type": "Feature", "geometry": {"type": "Polygon", "coordinates": [[[77.5340294, 12.9733974], [77.5341767, 12.9733649], [77.5338535, 12.9723689], [77.5336416, 12.9724061], [77.5336812, 12.9726564], [77.5336967, 12.9728266], [77.5337012, 12.9728759], [77.5338654, 12.9734293], [77.5340294, 12.9733974]]]}, "properties": {"name": "park 169798851", "category": "park", "osm_id": 169798851, "osm_type": "way"}}, {"type": "Feature", "geometry": {"type": "Polygon", "coordinates": [[[77.5333687, 12.971407], [77.5335215, 12.9713782], [77.5334545, 12.9711561], [77.5333263, 12.971171], [77.5333687, 12.971407]]]}, "properties": {"name": "park 169800537", "category": "park", "osm_id": 169800537, "osm_type": "way"}}, {"type": "Feature", "geometry": {"type": "Polygon", "coordinates": [[[77.5332185, 12.9711117], [77.5334437, 12.9710907], [77.5333298, 12.9707444], [77.5331688, 12.9707823], [77.5332185, 12.9711117]]]}, "properties": {"name": "park 169800538", "category": "park", "osm_id": 169800538, "osm_type": "way"}}, {"type": "Feature", "geometry": {"type": "Polygon", "coordinates": [[[77.5361329, 12.9723955], [77.5356827, 12.9725321], [77.5352366, 12.9726675], [77.5351695, 12.9726878], [77.5352586, 12.9729665], [77.5357711, 12.972811], [77.5362219, 12.9726741], [77.5361771, 12.972534], [77.5361329, 12.9723955]]]}, "properties": {"name": "MC Layout Park", "category": "park", "osm_id": 169800539, "osm_type": "way"}}, {"type": "Feature", "geometry": {"type": "Polygon", "coordinates": [[[77.5390417, 12.9808268], [77.539317, 12.9807207], [77.5389254, 12.9799069], [77.5387148, 12.9800265], [77.5390417, 12.9808268]]]}, "properties": {"name": "Sarvodaya Hospital", "category": "hospital", "osm_id": 169801514, "osm_type": "way"}}, {"type": "Feature", "geometry": {"type": "Polygon", "coordinates": [[[77.5425472, 12.9777715], [77.5430998, 12.9776656], [77.5430381, 12.9772225], [77.5432125, 12.9771899], [77.543187, 12.9769482], [77.5424279, 12.9770135], [77.5425472, 12.9777715]]]}, "properties": {"name": "Dasarahalli Referral Hospital", "category": "hospital", "osm_id": 169801520, "osm_type": "way"}}, {"type": "Feature", "geometry": {"type": "Polygon", "coordinates": [[[77.5377302, 12.9822015], [77.5383926, 12.982063], [77.5382128, 12.9817285], [77.5380868, 12.9817742], [77.5380628, 12.9817233], [77.5377262, 12.9817937], [77.537671, 12.9818004], [77.5377302, 12.9822015]]]}, "properties": {"name": "park 169801559", "category": "park", "osm_id": 169801559, "osm_type": "way"}}, {"type": "Feature", "geometry": {"type": "Polygon", "coordinates": [[[77.5347448, 12.9848648], [77.5353031, 12.9848199], [77.535174, 12.9840232], [77.5346351, 12.9841769], [77.5347448, 12.9848648]]]}, "properties": {"name": "Nisarga Dhama Park", "category": "park", "osm_id": 169805133, "osm_type": "way"}}, {"type": "Feature", "geometry": {"type": "Polygon", "coordinates": [[[77.5274898, 12.9580157], [77.5274263, 12.9578569], [77.5266927, 12.9582202], [77.526513, 12.9585103], [77.5274898, 12.9580157]]]}, "properties": {"name": "park 169806411", "category": "park", "osm_id": 169806411, "osm_type": "way"}}, {"type": "Feature", "geometry": {"type": "Polygon", "coordinates": [[[77.5385174, 12.9726865], [77.5389559, 12.9730054], [77.539082, 12.9730903], [77.5408993, 12.9734198], [77.5417186, 12.9736026], [77.5425948, 12.9737957], [77.5430902, 12.9739073], [77.5431293, 12.9738195], [77.5431293, 12.973796], [77.5418687, 12.9735007], [77.5408391, 12.9732831], [77.53909, 12.9729204], [77.5389854, 12.9728969], [77.5386125, 12.9726107], [77.5385174, 12.9726865]]]}, "properties": {"name": "park 169809630", "category": "park", "osm_id": 169809630, "osm_type": "way"}}, {"type": "Feature", "geometry": {"type": "Polygon", "coordinates": [[[77.5433257, 12.973956], [77.5442936, 12.9740959], [77.5445985, 12.9741084], [77.5446039, 12.9739718], [77.5433483, 12.9738463], [77.5433257, 12.973956]]]}, "properties": {"name": "park 169809639", "category": "park", "osm_id": 169809639, "osm_type": "way"}}, {"type": "Feature", "geometry": {"type": "Polygon", "coordinates": [[[77.5414556, 12.973898], [77.5414784, 12.9737803], [77.540576, 12.9735895], [77.5393234, 12.9733046], [77.5388457, 12.9731905], [77.538578, 12.973006], [77.5385297, 12.9731236], [77.5387628, 12.9732707], [77.5388355, 12.9733249], [77.5392295, 12.9734092], [77.5400881, 12.9736046], [77.5414556, 12.973898]]]}, "properties": {"name": "park 169810235", "category": "park", "osm_id": 169810235, "osm_type": "way"}}, {"type": "Feature", "geometry": {"type": "Polygon", "coordinates": [[[77.544637, 12.9743988], [77.5446365, 12.9743048], [77.5442796, 12.9742838], [77.5434859, 12.9741785], [77.54234, 12.9739464], [77.5423093, 12.974086], [77.5435622, 12.9743496], [77.544637, 12.9743988]]]}, "properties": {"name": "park 169810237", "category": "park", "osm_id": 169810237, "osm_type": "way"}}, {"type": "Feature", "geometry": {"type": "Polygon", "coordinates": [[[77.5214748, 12.9166696], [77.5215406, 12.9155976], [77.5223208, 12.9165902], [77.5214748, 12.9166696]]]}, "properties": {"name": "Sangameshwara Park", "category": "park", "osm_id": 173051066, "osm_type": "way"}}, {"type": "Feature", "geometry": {"type": "Polygon", "coordinates": [[[77.5207619, 12.9127175], [77.5204567, 12.9126924], [77.5203579, 12.9126505], [77.5200699, 12.9126002], [77.520143, 12.9111843], [77.5204696, 12.9112115], [77.5208435, 12.9112366], [77.5207619, 12.9127175]]]}, "properties": {"name": "park 173051068", "category": "park", "osm_id": 173051068, "osm_type": "way"}}, {"type": "Feature", "geometry": {"type": "Polygon", "coordinates": [[[77.528962, 12.9749435], [77.5289432, 12.9745775], [77.5291685, 12.974933], [77.528962, 12.9749435]]]}, "properties": {"name": "park 173576166", "category": "park", "osm_id": 173576166, "osm_type": "way"}}, {"type": "Feature", "geometry": {"type": "Polygon", "coordinates": [[[77.5295883, 12.9762346], [77.5298171, 12.976219], [77.5298081, 12.9761915], [77.5297768, 12.9758595], [77.5294489, 12.97587], [77.5295883, 12.9762346]]]}, "properties": {"name": "park 173577473", "category": "park", "osm_id": 173577473, "osm_type": "way"}}, {"type": "Feature", "geometry": {"type": "Polygon", "coordinates": [[[77.5788054, 12.8886731], [77.5787126, 12.8892801], [77.5780381, 12.8892176], [77.5780922, 12.8886858], [77.5788054, 12.8886731]]]}, "properties": {"name": "BBMP Park", "category": "park", "osm_id": 177266968, "osm_type": "way"}}, {"type": "Feature", "geometry": {"type": "Polygon", "coordinates": [[[77.5804106, 12.8881221], [77.5804043, 12.8879758], [77.5807755, 12.887986], [77.5807775, 12.8881364], [77.5804106, 12.8881221]]]}, "properties": {"name": "park 182221986", "category": "park", "osm_id": 182221986, "osm_type": "way"}}, {"type": "Feature", "geometry": {"type": "Polygon", "coordinates": [[[77.5545662, 12.9580817], [77.5547977, 12.9581392], [77.5550525, 12.9582987], [77.555379, 12.9586019], [77.5557062, 12.958317], [77.5545984, 12.9579589], [77.5545662, 12.9580817]]]}, "properties": {"name": "park 182819011", "category": "park", "osm_id": 182819011, "osm_type": "way"}}, {"type": "Feature", "geometry": {"type": "Polygon", "coordinates": [[[77.5798196, 12.8911923], [77.5799292, 12.8905852], [77.5807023, 12.890656], [77.5806264, 12.8913192], [77.5798196, 12.8911923]]]}, "properties": {"name": "park 184457975", "category": "park", "osm_id": 184457975, "osm_type": "way"}}, {"type": "Feature", "geometry": {"type": "Polygon", "coordinates": [[[77.5814726, 12.8875235], [77.5817837, 12.8875363], [77.5817957, 12.8873437], [77.581506, 12.8872925], [77.5817438, 12.8866567], [77.5814957, 12.8866176], [77.5814726, 12.8875235]]]}, "properties": {"name": "park 184966375", "category": "park", "osm_id": 184966375, "osm_type": "way"}}, {"type": "Feature", "geometry": {"type": "Polygon", "coordinates": [[[77.5497812, 12.9934346], [77.5504806, 12.9934393], [77.5503465, 12.9918526], [77.5495721, 12.9919166], [77.5497812, 12.9934346]]]}, "properties": {"name": "Manjunathnagar Park", "category": "park", "osm_id": 187152098, "osm_type": "way"}}, {"type": "Feature", "geometry": {"type": "Polygon", "coordinates": [[[77.5380748, 12.8644648], [77.5380286, 12.863814], [77.5389485, 12.8637519], [77.5389948, 12.8644027], [77.5380748, 12.8644648]]]}, "properties": {"name": "park 188431721", "category": "park", "osm_id": 188431721, "osm_type": "way"}}, {"type": "Feature", "geometry": {"type": "Polygon", "coordinates": [[[77.5336844, 12.8666252], [77.5335986, 12.8665362], [77.5335744, 12.866395], [77.5335771, 12.8661702], [77.5336066, 12.8660499], [77.5337568, 12.8659845], [77.5338936, 12.8660159], [77.5339929, 12.8660891], [77.5340545, 12.8662408], [77.5341296, 12.8664186], [77.5341377, 12.8665232], [77.5340519, 12.8666121], [77.533907, 12.8666722], [77.5337676, 12.8666696], [77.5336844, 12.8666252]]]}, "properties": {"name": "park 188431724", "category": "park", "osm_id": 188431724, "osm_type": "way"}}, {"type": "Feature", "geometry": {"type": "Polygon", "coordinates": [[[77.5633305, 12.9119248], [77.5645915, 12.9117196], [77.5645522, 12.9112909], [77.5632326, 12.9113484], [77.5633305, 12.9119248]]]}, "properties": {"name": "park 188433204", "category": "park", "osm_id": 188433204, "osm_type": "way"}}, {"type": "Feature", "geometry": {"type": "Polygon", "coordinates": [[[77.5832189, 12.8883032], [77.5832882, 12.8881386], [77.5838106, 12.8883414], [77.5837513, 12.8884867], [77.5832189, 12.8883032]]]}, "properties": {"name": "park 191574181", "category": "park", "osm_id": 191574181, "osm_type": "way"}}, {"type": "Feature", "geometry": {"type": "Polygon", "coordinates": [[[77.5132818, 12.9804073], [77.5131623, 12.9794193], [77.5135286, 12.9793514], [77.5134983, 12.9792283], [77.513448, 12.9790235], [77.5139347, 12.9789126], [77.5139657, 12.9793842], [77.5136586, 12.9794468], [77.5136974, 12.9796977], [77.5138987, 12.9797102], [77.5136573, 12.9803329], [77.5136419, 12.980336], [77.5132818, 12.9804073]]]}, "properties": {"name": "Buddha Shanti Kanive", "category": "park", "osm_id": 192051693, "osm_type": "way"}}, {"type": "Feature", "geometry": {"type": "Polygon", "coordinates": [[[77.5119862, 12.9771259], [77.5122893, 12.9773428], [77.5126139, 12.9768933], [77.5123709, 12.9765717], [77.5122929, 12.9766469], [77.5121193, 12.9768582], [77.5120309, 12.977025], [77.5119862, 12.9771259]]]}, "properties": {"name": "Ramakrishna Hegde Park", "category": "park", "osm_id": 192051695, "osm_type": "way"}}, {"type": "Feature", "geometry": {"type": "Polygon", "coordinates": [[[77.548559, 12.9990533], [77.5487584, 12.9991103], [77.5489852, 12.9983571], [77.5491446, 12.9978279], [77.5490847, 12.9978108], [77.5491114, 12.9977222], [77.5489718, 12.9976823], [77.5487839, 12.9983064], [77.548559, 12.9990533]]]}, "properties": {"name": "Line Park", "category": "park", "osm_id": 192184216, "osm_type": "way"}}, {"type": "Feature", "geometry": {"type": "Polygon", "coordinates": [[[77.5485337, 12.9998983], [77.5483222, 13.0004468], [77.5480859, 13.000356], [77.5481978, 13.0000795], [77.5482907, 12.999824], [77.5485337, 12.9998983]]]}, "properties": {"name": "park 192184217", "category": "park", "osm_id": 192184217, "osm_type": "way"}}, {"type": "Feature", "geometry": {"type": "Polygon", "coordinates": [[[77.5364027, 12.906545], [77.5367559, 12.9073597], [77.5369514, 12.9072797], [77.5370585, 12.9069938], [77.5370327, 12.9068652], [77.5371392, 12.9067881], [77.5372212, 12.9065896], [77.5371687, 12.9064517], [77.5370741, 12.9064763], [77.537044, 12.9063794], [77.5364027, 12.906545]]]}, "properties": {"name": "park 197115676", "category": "park", "osm_id": 197115676, "osm_type": "way"}}, {"type": "Feature", "geometry": {"type": "Polygon", "coordinates": [[[77.5356712, 12.9340134], [77.5354422, 12.9339935], [77.5353786, 12.9349086], [77.5353301, 12.9349704], [77.5353221, 12.9350756], [77.535363, 12.935073], [77.5354063, 12.9350259], [77.535597, 12.9350293], [77.5356712, 12.9340134]]]}, "properties": {"name": "Student Lounge", "category": "park", "osm_id": 199316737, "osm_type": "way"}}, {"type": "Feature", "geometry": {"type": "Polygon", "coordinates": [[[77.5325409, 12.9023187], [77.5326733, 12.9023151], [77.5326379, 12.9014138], [77.5325502, 12.9014156], [77.5325409, 12.9023187]]]}, "properties": {"name": "park 202675799", "category": "park", "osm_id": 202675799, "osm_type": "way"}}, {"type": "Feature", "geometry": {"type": "Polygon", "coordinates": [[[77.5348837, 12.9119034], [77.5347914, 12.9116515], [77.5351605, 12.9115359], [77.5352146, 12.9117479], [77.5348837, 12.9119034]]]}, "properties": {"name": "park 202675801", "category": "park", "osm_id": 202675801, "osm_type": "way"}}, {"type": "Feature", "geometry": {"type": "Polygon", "coordinates": [[[77.537359, 12.9137748], [77.5376972, 12.9136717], [77.5373332, 12.9124947], [77.5371109, 12.9125696], [77.537398, 12.9134581], [77.537359, 12.9137748]]]}, "properties": {"name": "AGS Layout Recreational Park", "category": "park", "osm_id": 202675804, "osm_type": "way"}}, {"type": "Feature", "geometry": {"type": "Polygon", "coordinates": [[[77.5759628, 12.9741599], [77.5760842, 12.9745768], [77.5760444, 12.9745768], [77.5756411, 12.9746689], [77.5755147, 12.9742919], [77.5759628, 12.9741599]]]}, "properties": {"name": "park 208827417", "category": "park", "osm_id": 208827417, "osm_type": "way"}}, {"type": "Feature", "geometry": {"type": "Polygon", "coordinates": [[[77.5433461, 12.9432533], [77.5434248, 12.9425223], [77.5426415, 12.9424318], [77.5425966, 12.9432071], [77.5428209, 12.9432146], [77.5429026, 12.9432802], [77.5433461, 12.9432533]]]}, "properties": {"name": "B.D.A. Park", "category": "park", "osm_id": 213799479, "osm_type": "way"}}, {"type": "Feature", "geometry": {"type": "Polygon", "coordinates": [[[77.559015, 12.9381533], [77.5592365, 12.9381501], [77.5592457, 12.9373507], [77.5590086, 12.9375168], [77.5589013, 12.9372972], [77.5587887, 12.9373547], [77.5587082, 12.9372188], [77.5586117, 12.9372919], [77.558726, 12.937671], [77.5588229, 12.9376518], [77.5590346, 12.9376581], [77.559015, 12.9381533]]]}, "properties": {"name": "Hanumanthanagar Park", "category": "park", "osm_id": 224321403, "osm_type": "way"}}, {"type": "Feature", "geometry": {"type": "Polygon", "coordinates": [[[77.5594456, 12.8952688], [77.559292, 12.8947473], [77.5591555, 12.8943586], [77.5590408, 12.8951606], [77.5584735, 12.8952893], [77.5589281, 12.8961292], [77.5595331, 12.8956132], [77.5594456, 12.8952688]]]}, "properties": {"name": "Dr Abdul Kalam Park", "category": "park", "osm_id": 239449057, "osm_type": "way"}}, {"type": "Feature", "geometry": {"type": "Polygon", "coordinates": [[[77.5580446, 12.8970696], [77.5590048, 12.8963323], [77.5587401, 12.8960148], [77.5575994, 12.8966119], [77.5580446, 12.8970696]]]}, "properties": {"name": "Dr Satish Dhawan Park", "category": "park", "osm_id": 239449580, "osm_type": "way"}}, {"type": "Feature", "geometry": {"type": "Polygon", "coordinates": [[[77.5601534, 12.8980955], [77.5608063, 12.898695], [77.5609373, 12.8985598], [77.5605886, 12.8977682], [77.5601534, 12.8980955]]]}, "properties": {"name": "Rastrakavi Kuvempu Playground", "category": "park", "osm_id": 239449581, "osm_type": "way"}}, {"type": "Feature", "geometry": {"type": "Polygon", "coordinates": [[[77.5583046, 12.9010983], [77.5589982, 12.9008653], [77.5579815, 12.8999978], [77.5583046, 12.9010983]]]}, "properties": {"name": "Triangle Park ISRO Layout", "category": "park", "osm_id": 239555460, "osm_type": "way"}}, {"type": "Feature", "geometry": {"type": "Polygon", "coordinates": [[[77.5996754, 12.9373526], [77.5995082, 12.9366861], [77.5992302, 12.9361642], [77.5988815, 12.9345698], [77.5968001, 12.9350783], [77.5966023, 12.9351044], [77.5973517, 12.9378533], [77.5983603, 12.9384644], [77.5983896, 12.9384822], [77.5989042, 12.9378865], [77.5989421, 12.9377453], [77.5996754, 12.9373526]]]}, "properties": {"name": "Kidwai Memorial Institute of Oncology", "category": "hospital", "osm_id": 239738408, "osm_type": "way"}}, {"type": "Feature", "geometry": {"type": "Polygon", "coordinates": [[[77.5991137, 12.91344], [77.599397, 12.9134411], [77.599398, 12.9131812], [77.5991148, 12.9131801], [77.5991137, 12.91344]]]}, "properties": {"name": "park 243910231", "category": "park", "osm_id": 243910231, "osm_type": "way"}}, {"type": "Feature", "geometry": {"type": "Polygon", "coordinates": [[[77.5536124, 12.9263899], [77.5535837, 12.9263486], [77.5534371, 12.9261377], [77.5533966, 12.925897], [77.553378, 12.9249916], [77.5534257, 12.9249575], [77.5535065, 12.9249483], [77.5535834, 12.9249603], [77.5536315, 12.924991], [77.5537189, 12.9263376], [77.5536124, 12.9263899]]]}, "properties": {"name": "Chennamma Kere Achukattu Park", "category": "park", "osm_id": 244032543, "osm_type": "way"}}, {"type": "Feature", "geometry": {"type": "Polygon", "coordinates": [[[77.5204245, 12.9467343], [77.5207464, 12.9466294], [77.5208064, 12.9469587], [77.5208546, 12.9472228], [77.5209206, 12.9475852], [77.520984, 12.9479755], [77.5212246, 12.9495398], [77.5212946, 12.9499398], [77.5214525, 12.9508913], [77.5211823, 12.9512443], [77.5211536, 12.9510733], [77.5210708, 12.950579], [77.5209675, 12.9499631], [77.5209219, 12.9495831], [77.5206652, 12.9480249], [77.5205407, 12.9473576], [77.5204245, 12.9467343]]]}, "properties": {"name": "park 244503172", "category": "park", "osm_id": 244503172, "osm_type": "way"}}, {"type": "Feature", "geometry": {"type": "Polygon", "coordinates": [[[77.5027669, 12.9293502], [77.5039525, 12.9304064], [77.5027025, 12.9312429], [77.5019735, 12.9300956], [77.5027669, 12.9293502]]]}, "properties": {"name": "ISI Park", "category": "park", "osm_id": 248031124, "osm_type": "way"}}, {"type": "Feature", "geometry": {"type": "Polygon", "coordinates": [[[77.555892, 12.9861374], [77.5563368, 12.9861336], [77.5563031, 12.9851798], [77.5562687, 12.9851508], [77.5559421, 12.9851634], [77.5558778, 12.9852223], [77.555892, 12.9861374]]]}, "properties": {"name": "Ram Mandir Ground", "category": "park", "osm_id": 248981465, "osm_type": "way"}}, {"type": "Feature", "geometry": {"type": "Polygon", "coordinates": [[[77.5382098, 12.9861224], [77.5386581, 12.9859385], [77.5388155, 12.9863493], [77.5382609, 12.986619], [77.5382098, 12.9861224]]]}, "properties": {"name": "park 255543238", "category": "park", "osm_id": 255543238, "osm_type": "way"}}, {"type": "Feature", "geometry": {"type": "Polygon", "coordinates": [[[77.5925254, 12.9645015], [77.5928269, 12.9644934], [77.5928236, 12.9643799], [77.5925222, 12.964388], [77.5925254, 12.9645015]]]}, "properties": {"name": "P.D. Hinduja Sindhi Hospital", "category": "hospital", "osm_id": 256703169, "osm_type": "way"}}, {"type": "Feature", "geometry": {"type": "Polygon", "coordinates": [[[77.5934104, 12.9946943], [77.5935816, 12.9946213], [77.5932168, 12.9939658], [77.5932058, 12.993969], [77.5934104, 12.9946943]]]}, "properties": {"name": "Namma Park", "category": "park", "osm_id": 257625435, "osm_type": "way"}}, {"type": "Feature", "geometry": {"type": "Polygon", "coordinates": [[[77.5849295, 12.9174445], [77.5852815, 12.9174365], [77.5852762, 12.9172158], [77.5849242, 12.9172238], [77.5849295, 12.9174445]]]}, "properties": {"name": "Shri Krishna Sevashrama Hospital", "category": "hospital", "osm_id": 259487871, "osm_type": "way"}}, {"type": "Feature", "geometry": {"type": "Polygon", "coordinates": [[[77.557439, 12.8999614], [77.5578451, 12.8998445], [77.5572543, 12.8992301], [77.557439, 12.8999614]]]}, "properties": {"name": "Children's Park", "category": "park", "osm_id": 259878361, "osm_type": "way"}}, {"type": "Feature", "geometry": {"type": "Polygon", "coordinates": [[[77.5808512, 12.9054517], [77.5812373, 12.9054465], [77.5812452, 12.905146], [77.5808484, 12.9051435], [77.5808512, 12.9054517]]]}, "properties": {"name": "park 262072817", "category": "park", "osm_id": 262072817, "osm_type": "way"}}, {"type": "Feature", "geometry": {"type": "Polygon", "coordinates": [[[77.5647289, 12.9905166], [77.5647436, 12.99098], [77.5650875, 12.9909697], [77.5650728, 12.9905063], [77.5649713, 12.9905093], [77.5647289, 12.9905166]]]}, "properties": {"name": "Sreerampura Referal Hospital", "category": "hospital", "osm_id": 271786067, "osm_type": "way"}}, {"type": "Feature", "geometry": {"type": "Polygon", "coordinates": [[[77.5903585, 12.986699], [77.5898146, 12.9860795], [77.5898118, 12.9859624], [77.5898225, 12.9859012], [77.5905457, 12.985], [77.5906339, 12.9849805], [77.590707, 12.98492], [77.5907597, 12.9848413], [77.5908132, 12.9847019], [77.5914386, 12.9839709], [77.5918462, 12.9835916], [77.5920942, 12.9842625], [77.5926595, 12.9842903], [77.5931901, 12.9856802], [77.5919652, 12.9861939], [77.5915866, 12.9863761], [77.591168, 12.9865564], [77.5910939, 12.9863572], [77.5903585, 12.986699]]]}, "properties": {"name": "Indira Gandhi Musical Fountain Park", "category": "park", "osm_id": 273780381, "osm_type": "way"}}, {"type": "Feature", "geometry": {"type": "Polygon", "coordinates": [[[77.5903585, 12.986699], [77.5898146, 12.9860795], [77.5898118, 12.9859624], [77.5898225, 12.9859012], [77.5905457, 12.985], [77.5906339, 12.9849805], [77.590707, 12.98492], [77.5919652, 12.9861939], [77.5915866, 12.9863761], [77.591168, 12.9865564], [77.5910939, 12.9863572], [77.5903585, 12.986699]]]}, "properties": {"name": "National Military Memorial", "category": "park", "osm_id": 273786646, "osm_type": "way"}}, {"type": "Feature", "geometry": {"type": "Polygon", "coordinates": [[[77.5309001, 12.9580022], [77.5310139, 12.9583474], [77.5310181, 12.9583603], [77.5314016, 12.9582689], [77.5313641, 12.958078], [77.5311281, 12.9579918], [77.5310664, 12.9579918], [77.5309001, 12.9580022]]]}, "properties": {"name": "BBMP Park", "category": "park", "osm_id": 287870134, "osm_type": "way"}}, {"type": "Feature", "geometry": {"type": "Polygon", "coordinates": [[[77.591104, 12.9253892], [77.5910951, 12.9249403], [77.591526, 12.9249316], [77.591526, 12.9253921], [77.591104, 12.9253892]]]}, "properties": {"name": "park 296669392", "category": "park", "osm_id": 296669392, "osm_type": "way"}}, {"type": "Feature", "geometry": {"type": "Polygon", "coordinates": [[[77.5687808, 12.9435819], [77.570328, 12.9436226], [77.5703778, 12.942161], [77.5703992, 12.9416769], [77.5700294, 12.9417192], [77.5695974, 12.941697], [77.5696107, 12.9410805], [77.5690537, 12.9409537], [77.5688587, 12.9409542], [77.5688654, 12.940664], [77.5687281, 12.9406693], [77.5687322, 12.9414017], [77.5691937, 12.9414103], [77.569187, 12.9417598], [77.5691787, 12.9421162], [77.5687218, 12.9420994], [77.5682679, 12.9420828], [77.5682535, 12.9419577], [77.5681085, 12.9420867], [77.5685812, 12.9431349], [77.5687808, 12.9435819]]]}, "properties": {"name": "Bugle Rock Park", "category": "park", "osm_id": 299877333, "osm_type": "way"}}, {"type": "Feature", "geometry": {"type": "Polygon", "coordinates": [[[77.5639296, 12.9293654], [77.5640447, 12.9293415], [77.5640805, 12.9295056], [77.5639654, 12.9295294], [77.5639296, 12.9293654]]]}, "properties": {"name": "Pro MED Hospital", "category": "hospital", "osm_id": 306826547, "osm_type": "way"}}, {"type": "Feature", "geometry": {"type": "Polygon", "coordinates": [[[77.5841345, 12.9364674], [77.5841318, 12.9361197], [77.5845073, 12.9360962], [77.5845529, 12.9362321], [77.5845503, 12.9364595], [77.5841345, 12.9364674]]]}, "properties": {"name": "Apollo Speciality Hospital", "category": "hospital", "osm_id": 306861065, "osm_type": "way"}}, {"type": "Feature", "geometry": {"type": "Polygon", "coordinates": [[[77.5719475, 12.9218676], [77.5724495, 12.9217499], [77.5723822, 12.921477], [77.5718802, 12.9215947], [77.5719475, 12.9218676]]]}, "properties": {"name": "Sevakshetra Hospital, Bengaluru Urban", "category": "hospital", "osm_id": 307097150, "osm_type": "way"}}, {"type": "Feature", "geometry": {"type": "Polygon", "coordinates": [[[77.5688441, 12.9247482], [77.5696431, 12.9245821], [77.5697188, 12.9249278], [77.5689198, 12.9250939], [77.5688441, 12.9247482]]]}, "properties": {"name": "DV Gundappa Park", "category": "park", "osm_id": 307097420, "osm_type": "way"}}, {"type": "Feature", "geometry": {"type": "Polygon", "coordinates": [[[77.5772433, 12.9253799], [77.5775707, 12.9253774], [77.5775695, 12.925225], [77.5772421, 12.9252275], [77.5772433, 12.9253799]]]}, "properties": {"name": "Netradhama Hospital", "category": "hospital", "osm_id": 307098232, "osm_type": "way"}}, {"type": "Feature", "geometry": {"type": "Polygon", "coordinates": [[[77.5622457, 12.925019], [77.5619552, 12.9235921], [77.5623463, 12.9234596], [77.562672, 12.9249293], [77.5622457, 12.925019]]]}, "properties": {"name": "Rock Park", "category": "park", "osm_id": 311369037, "osm_type": "way"}}, {"type": "Feature", "geometry": {"type": "Polygon", "coordinates": [[[77.5784616, 12.9866077], [77.5788564, 12.9863154], [77.5791557, 12.9866991], [77.5787609, 12.9869914], [77.5784616, 12.9866077]]]}, "properties": {"name": "Madhav Rao Park", "category": "park", "osm_id": 313828426, "osm_type": "way"}}, {"type": "Feature", "geometry": {"type": "Polygon", "coordinates": [[[77.5571315, 12.9897269], [77.5573665, 12.9897063], [77.557143, 12.9900881], [77.5571315, 12.9897269]]]}, "properties": {"name": "Children' play park", "category": "park", "osm_id": 314082237, "osm_type": "way"}}, {"type": "Feature", "geometry": {"type": "Polygon", "coordinates": [[[77.578611, 12.888068], [77.5783326, 12.8880614], [77.5782526, 12.8879268], [77.5782553, 12.8876209], [77.5783196, 12.887613], [77.5783196, 12.8878658], [77.5783941, 12.8878676], [77.5783926, 12.8879273], [77.5784543, 12.8879288], [77.5784533, 12.8879712], [77.5785717, 12.8879739], [77.5785986, 12.8878824], [77.5786495, 12.8878928], [77.578611, 12.888068]]]}, "properties": {"name": "Trees", "category": "park", "osm_id": 314368700, "osm_type": "way"}}, {"type": "Feature", "geometry": {"type": "Polygon", "coordinates": [[[77.5780746, 12.8876788], [77.5779137, 12.8873755], [77.5777876, 12.8873599], [77.5777903, 12.8872893], [77.5779217, 12.8873049], [77.5779834, 12.8873233], [77.5781068, 12.8875769], [77.5780746, 12.8876788]]]}, "properties": {"name": "Trees", "category": "park", "osm_id": 314368702, "osm_type": "way"}}, {"type": "Feature", "geometry": {"type": "Polygon", "coordinates": [[[77.5784698, 12.8869698], [77.5784162, 12.8868182], [77.5785583, 12.8866299], [77.5786951, 12.8865358], [77.5787327, 12.8865463], [77.5787649, 12.8868365], [77.5789178, 12.8868757], [77.5789151, 12.8869594], [77.5784698, 12.8869698]]]}, "properties": {"name": "Trees", "category": "park", "osm_id": 314368703, "osm_type": "way"}}, {"type": "Feature", "geometry": {"type": "Polygon", "coordinates": [[[77.5790116, 12.886175], [77.5791592, 12.8861776], [77.5793925, 12.8861541], [77.5794059, 12.8858743], [77.5792745, 12.8858612], [77.5792504, 12.8858325], [77.5792691, 12.8856285], [77.5791243, 12.8855919], [77.5790116, 12.8856207], [77.5786334, 12.8860495], [77.5786943, 12.8861298], [77.5788188, 12.886269], [77.5788693, 12.8861879], [77.5787686, 12.8860274], [77.5788266, 12.8859475], [77.5789085, 12.8858791], [77.5789902, 12.8858978], [77.5790385, 12.8859423], [77.5789553, 12.8860939], [77.5790116, 12.886175]]]}, "properties": {"name": "park 314368704", "category": "park", "osm_id": 314368704, "osm_type": "way"}}, {"type": "Feature", "geometry": {"type": "Polygon", "coordinates": [[[77.5187784, 12.9216849], [77.5195242, 12.9215956], [77.5194005, 12.9204742], [77.5186417, 12.9205652], [77.5187784, 12.9216849]]]}, "properties": {"name": "Vivekananda Park", "category": "park", "osm_id": 319551492, "osm_type": "way"}}, {"type": "Feature", "geometry": {"type": "Polygon", "coordinates": [[[77.5160806, 12.928483], [77.5164559, 12.9291122], [77.5164706, 12.9291368], [77.5166546, 12.9289013], [77.5169482, 12.928706], [77.5167444, 12.9283417], [77.516644, 12.9281622], [77.5166144, 12.9281092], [77.5160806, 12.928483]]]}, "properties": {"name": "Rajarajeshwari Nagar Park", "category": "park", "osm_id": 319552562, "osm_type": "way"}}, {"type": "Feature", "geometry": {"type": "Polygon", "coordinates": [[[77.5617244, 12.9086565], [77.5614827, 12.9084777], [77.5604194, 12.9090734], [77.5605913, 12.9092467], [77.5609892, 12.9090447], [77.5617244, 12.9086565]]]}, "properties": {"name": "Raj Katte Park", "category": "park", "osm_id": 322859361, "osm_type": "way"}}, {"type": "Feature", "geometry": {"type": "Polygon", "coordinates": [[[77.5949331, 12.9887431], [77.5947264, 12.9889265], [77.5941546, 12.988252], [77.5941759, 12.988225], [77.594289, 12.9880817], [77.5943063, 12.9880598], [77.5945864, 12.9883723], [77.5945907, 12.9883688], [77.5946788, 12.9884672], [77.5946741, 12.988471], [77.5948153, 12.988631], [77.5948203, 12.9886266], [77.5949119, 12.9887296], [77.5949291, 12.9887147], [77.5949463, 12.9887325], [77.5949331, 12.9887431]]]}, "properties": {"name": "Fortis Hospitals Limited, Bengaluru Urban", "category": "hospital", "osm_id": 325436710, "osm_type": "way"}}, {"type": "Feature", "geometry": {"type": "Polygon", "coordinates": [[[77.5575466, 12.9892717], [77.5575412, 12.989026], [77.5577493, 12.9890224], [77.5575466, 12.9892717]]]}, "properties": {"name": "Dharma Naidu Udhyanavana", "category": "park", "osm_id": 334146826, "osm_type": "way"}}, {"type": "Feature", "geometry": {"type": "Polygon", "coordinates": [[[77.5932473, 12.9349533], [77.5940938, 12.9349386], [77.5944231, 12.9361689], [77.5940101, 12.9362768], [77.5937713, 12.9363392], [77.5936678, 12.936183], [77.5929949, 12.9362011], [77.5927708, 12.9362071], [77.5927708, 12.936087], [77.5927659, 12.9359789], [77.5933598, 12.9359477], [77.5933622, 12.9357868], [77.5934435, 12.935758], [77.5932473, 12.9349533]]]}, "properties": {"name": "Sanjay Gandhi Accident and Trauma Hospital", "category": "hospital", "osm_id": 334493050, "osm_type": "way"}}, {"type": "Feature", "geometry": {"type": "Polygon", "coordinates": [[[77.5936333, 12.935489], [77.5936727, 12.9360894], [77.5942533, 12.9360532], [77.5942138, 12.9354528], [77.5936333, 12.935489]]]}, "properties": {"name": "Sanjay Gandhi Accident and Trauma Hospital", "category": "hospital", "osm_id": 334493056, "osm_type": "way"}}, {"type": "Feature", "geometry": {"type": "Polygon", "coordinates": [[[77.5931703, 12.8902417], [77.5934002, 12.8909436], [77.5938777, 12.8908673], [77.5938424, 12.8901235], [77.5931703, 12.8902417]]]}, "properties": {"name": "park 334633587", "category": "park", "osm_id": 334633587, "osm_type": "way"}}, {"type": "Feature", "geometry": {"type": "Polygon", "coordinates": [[[77.5493035, 12.9228413], [77.549551, 12.923418], [77.549319, 12.9235427], [77.5490255, 12.9237001], [77.5489355, 12.9230969], [77.5489993, 12.9230084], [77.5493035, 12.9228413]]]}, "properties": {"name": "park 334651222", "category": "park", "osm_id": 334651222, "osm_type": "way"}}, {"type": "Feature", "geometry": {"type": "Polygon", "coordinates": [[[77.5650884, 12.975074], [77.5648704, 12.9743718], [77.5647794, 12.9736183], [77.5638984, 12.9734141], [77.5631586, 12.9733045], [77.5630258, 12.9747892], [77.5629561, 12.9754479], [77.5642512, 12.9755907], [77.5643777, 12.9756047], [77.5648577, 12.9754308], [77.5650884, 12.975074]]]}, "properties": {"name": "Leprosy Hospital", "category": "hospital", "osm_id": 337987686, "osm_type": "way"}}, {"type": "Feature", "geometry": {"type": "Polygon", "coordinates": [[[77.48344, 12.9226194], [77.4834466, 12.9225738], [77.4834382, 12.9225285], [77.4834157, 12.922488], [77.4833813, 12.9224565], [77.4833384, 12.9224371], [77.4832915, 12.9224318], [77.4832452, 12.9224411], [77.4832043, 12.9224641], [77.4831709, 12.9225014], [77.4831524, 12.9225475], [77.4831509, 12.922597], [77.4831666, 12.922644], [77.4831976, 12.9226832], [77.4832403, 12.9227099], [77.4832898, 12.9227211], [77.4833402, 12.9227153], [77.4833857, 12.9226934], [77.483419, 12.9226607], [77.48344, 12.9226194]]]}, "properties": {"name": "park 344935468", "category": "park", "osm_id": 344935468, "osm_type": "way"}}, {"type": "Feature", "geometry": {"type": "Polygon", "coordinates": [[[77.5947615, 12.9464982], [77.5949738, 12.9463265], [77.5948157, 12.9460615], [77.594594, 12.946203], [77.5947615, 12.9464982]]]}, "properties": {"name": "Abhaya Hospital", "category": "hospital", "osm_id": 347074890, "osm_type": "way"}}, {"type": "Feature", "geometry": {"type": "Polygon", "coordinates": [[[77.5838108, 12.9195042], [77.5839777, 12.9195031], [77.583977, 12.919403], [77.5838101, 12.9194041], [77.5838108, 12.9195042]]]}, "properties": {"name": "Tirumalai Eye Clinic", "category": "hospital", "osm_id": 347113528, "osm_type": "way"}}, {"type": "Feature", "geometry": {"type": "Polygon", "coordinates": [[[77.5807661, 12.926569], [77.5809123, 12.926569], [77.5809123, 12.9264501], [77.5807661, 12.9264501], [77.5807661, 12.926569]]]}, "properties": {"name": "Shashank Clinic", "category": "hospital", "osm_id": 347120748, "osm_type": "way"}}, {"type": "Feature", "geometry": {"type": "Polygon", "coordinates": [[[77.5969043, 12.9496434], [77.5972587, 12.9493222], [77.5967521, 12.9487525], [77.5963574, 12.9493822], [77.5969043, 12.9496434]]]}, "properties": {"name": "BBMP Maternity Hospital", "category": "hospital", "osm_id": 347167749, "osm_type": "way"}}, {"type": "Feature", "geometry": {"type": "Polygon", "coordinates": [[[77.5744059, 12.978747], [77.5745031, 12.9787577], [77.5745168, 12.978641], [77.5744195, 12.9786302], [77.5744059, 12.978747]]]}, "properties": {"name": "Ramakrishna Clinic", "category": "hospital", "osm_id": 347175871, "osm_type": "way"}}, {"type": "Feature", "geometry": {"type": "Polygon", "coordinates": [[[77.5893415, 12.9280807], [77.5894688, 12.9280823], [77.5894712, 12.927909], [77.5893439, 12.9279073], [77.5893415, 12.9280807]]]}, "properties": {"name": "ESI Hospital", "category": "hospital", "osm_id": 347187836, "osm_type": "way"}}, {"type": "Feature", "geometry": {"type": "Polygon", "coordinates": [[[77.5724041, 12.9884441], [77.5724766, 12.9884399], [77.5724773, 12.9884507], [77.5726774, 12.9884392], [77.5726759, 12.9884137], [77.5730017, 12.9883951], [77.5729959, 12.9882981], [77.572853, 12.9883063], [77.5727421, 12.9882462], [77.5726635, 12.9882507], [77.5726625, 12.9882331], [77.5724573, 12.9882448], [77.5724584, 12.9882641], [77.5723935, 12.9882678], [77.5724041, 12.9884441]]]}, "properties": {"name": "Apollo Hospital", "category": "hospital", "osm_id": 347485349, "osm_type": "way"}}, {"type": "Feature", "geometry": {"type": "Polygon", "coordinates": [[[77.5385401, 12.9927873], [77.5385824, 12.9929001], [77.5387508, 12.9928401], [77.5387084, 12.9927273], [77.5385401, 12.9927873]]]}, "properties": {"name": "Supra Hospital", "category": "hospital", "osm_id": 347497660, "osm_type": "way"}}, {"type": "Feature", "geometry": {"type": "Polygon", "coordinates": [[[77.5385897, 12.9929167], [77.5386336, 12.9930336], [77.5387957, 12.9929758], [77.5387518, 12.9928589], [77.5385897, 12.9929167]]]}, "properties": {"name": "GM Hospital", "category": "hospital", "osm_id": 347497848, "osm_type": "way"}}, {"type": "Feature", "geometry": {"type": "Polygon", "coordinates": [[[77.5512468, 12.9391198], [77.5512164, 12.9391903], [77.5513785, 12.9392567], [77.5514089, 12.9391862], [77.5512468, 12.9391198]]]}, "properties": {"name": "Prashanth Hospitals", "category": "hospital", "osm_id": 348287598, "osm_type": "way"}}, {"type": "Feature", "geometry": {"type": "Polygon", "coordinates": [[[77.5283956, 12.9569649], [77.5285622, 12.956833], [77.5279248, 12.954924], [77.5277434, 12.9549801], [77.5283956, 12.9569649]]]}, "properties": {"name": "park 348537717", "category": "park", "osm_id": 348537717, "osm_type": "way"}}, {"type": "Feature", "geometry": {"type": "Polygon", "coordinates": [[[77.5772519, 12.9263221], [77.577773, 12.9263134], [77.5777697, 12.9261251], [77.5772486, 12.9261338], [77.5772519, 12.9263221]]]}, "properties": {"name": "Deepak Hospital", "category": "hospital", "osm_id": 351326759, "osm_type": "way"}}, {"type": "Feature", "geometry": {"type": "Polygon", "coordinates": [[[77.5353788, 12.9956509], [77.5354901, 12.995634], [77.535466, 12.9954824], [77.5353546, 12.9954992], [77.5353788, 12.9956509]]]}, "properties": {"name": "ChanRe Rheumatology And Immunology Center And Research", "category": "hospital", "osm_id": 354497944, "osm_type": "way"}}, {"type": "Feature", "geometry": {"type": "Polygon", "coordinates": [[[77.5342914, 12.9884273], [77.5343943, 12.9883934], [77.5343608, 12.9882971], [77.534258, 12.988331], [77.5342914, 12.9884273]]]}, "properties": {"name": "Gopala Eye Care Centre", "category": "hospital", "osm_id": 354557914, "osm_type": "way"}}, {"type": "Feature", "geometry": {"type": "Polygon", "coordinates": [[[77.4811653, 12.9172124], [77.4815124, 12.9170951], [77.4819033, 12.9181941], [77.4815561, 12.9183114], [77.4811653, 12.9172124]]]}, "properties": {"name": "park 362880375", "category": "park", "osm_id": 362880375, "osm_type": "way"}}, {"type": "Feature", "geometry": {"type": "Polygon", "coordinates": [[[77.4820144, 12.9195583], [77.4823581, 12.9194395], [77.4819269, 12.9182548], [77.4815832, 12.9183736], [77.4820144, 12.9195583]]]}, "properties": {"name": "Kids Playground", "category": "park", "osm_id": 362880376, "osm_type": "way"}}, {"type": "Feature", "geometry": {"type": "Polygon", "coordinates": [[[77.4824574, 12.9208245], [77.4828232, 12.9206981], [77.4823768, 12.9194718], [77.4820111, 12.9195982], [77.4824574, 12.9208245]]]}, "properties": {"name": "park 362880377", "category": "park", "osm_id": 362880377, "osm_type": "way"}}, {"type": "Feature", "geometry": {"type": "Polygon", "coordinates": [[[77.4826752, 12.9214842], [77.4830484, 12.9213605], [77.4828319, 12.92074], [77.4824588, 12.9208636], [77.4826752, 12.9214842]]]}, "properties": {"name": "park 362880378", "category": "park", "osm_id": 362880378, "osm_type": "way"}}, {"type": "Feature", "geometry": {"type": "Polygon", "coordinates": [[[77.5864239, 12.9087332], [77.5864203, 12.9084456], [77.5869941, 12.9084388], [77.5869977, 12.9087264], [77.5864239, 12.9087332]]]}, "properties": {"name": "park 362882074", "category": "park", "osm_id": 362882074, "osm_type": "way"}}, {"type": "Feature", "geometry": {"type": "Polygon", "coordinates": [[[77.5892854, 12.8891773], [77.5893633, 12.888922], [77.590832, 12.8887115], [77.5916248, 12.8884424], [77.5915045, 12.8897396], [77.5900569, 12.8894119], [77.5892854, 12.8891773]]]}, "properties": {"name": "South City Park", "category": "park", "osm_id": 362882089, "osm_type": "way"}}, {"type": "Feature", "geometry": {"type": "Polygon", "coordinates": [[[77.5558235, 12.8787414], [77.5569375, 12.8785016], [77.5568524, 12.8781936], [77.5567129, 12.8782065], [77.5566536, 12.8781422], [77.5564354, 12.8780558], [77.556296, 12.8779493], [77.5557056, 12.8783847], [77.5558235, 12.8787414]]]}, "properties": {"name": "park 362882629", "category": "park", "osm_id": 362882629, "osm_type": "way"}}, {"type": "Feature", "geometry": {"type": "Polygon", "coordinates": [[[77.5574714, 12.8790636], [77.5581425, 12.8792666], [77.558221, 12.879512], [77.5585712, 12.8794346], [77.5585252, 12.8790806], [77.5580781, 12.878906], [77.5575028, 12.8787234], [77.5573804, 12.8786846], [77.5574714, 12.8790636]]]}, "properties": {"name": "park 362882630", "category": "park", "osm_id": 362882630, "osm_type": "way"}}, {"type": "Feature", "geometry": {"type": "Polygon", "coordinates": [[[77.5547135, 12.8837167], [77.5549014, 12.8830184], [77.5551895, 12.8830199], [77.5552573, 12.8837317], [77.5547135, 12.8837167]]]}, "properties": {"name": "park 362882696", "category": "park", "osm_id": 362882696, "osm_type": "way"}}, {"type": "Feature", "geometry": {"type": "Polygon", "coordinates": [[[77.5482976, 12.8803234], [77.5485352, 12.8798553], [77.5493217, 12.880312], [77.5487667, 12.8805184], [77.548615, 12.880474], [77.5482976, 12.8803234]]]}, "properties": {"name": "park 362882712", "category": "park", "osm_id": 362882712, "osm_type": "way"}}, {"type": "Feature", "geometry": {"type": "Polygon", "coordinates": [[[77.5614626, 12.8669538], [77.5628924, 12.8664535], [77.5628712, 12.8658256], [77.5621704, 12.8663397], [77.5613989, 12.866664], [77.5614626, 12.8669538]]]}, "properties": {"name": "park 362883587", "category": "park", "osm_id": 362883587, "osm_type": "way"}}, {"type": "Feature", "geometry": {"type": "Polygon", "coordinates": [[[77.5639282, 12.8662553], [77.5637135, 12.8655559], [77.5655048, 12.8650334], [77.5654889, 12.8654319], [77.5653792, 12.865789], [77.5650028, 12.8657862], [77.564705, 12.8657839], [77.5645729, 12.8653539], [77.5638079, 12.8655772], [77.5640089, 12.8662318], [77.5639282, 12.8662553]]]}, "properties": {"name": "park 362883647", "category": "park", "osm_id": 362883647, "osm_type": "way"}}, {"type": "Feature", "geometry": {"type": "Polygon", "coordinates": [[[77.5990656, 12.8672501], [77.5990691, 12.866909], [77.5990621, 12.8667207], [77.5996462, 12.8663622], [77.599788, 12.8673492], [77.5990656, 12.8672501]]]}, "properties": {"name": "park 362885223", "category": "park", "osm_id": 362885223, "osm_type": "way"}}, {"type": "Feature", "geometry": {"type": "Polygon", "coordinates": [[[77.5990863, 12.8911102], [77.6001286, 12.8909567], [77.6000525, 12.8906617], [77.5990403, 12.8908394], [77.5990863, 12.8911102]]]}, "properties": {"name": "park 362889167", "category": "park", "osm_id": 362889167, "osm_type": "way"}}, {"type": "Feature", "geometry": {"type": "Polygon", "coordinates": [[[77.5619039, 12.9007432], [77.5615483, 12.9004505], [77.5624262, 12.89971], [77.5625925, 12.8996838], [77.5627494, 12.8997544], [77.5619039, 12.9007432]]]}, "properties": {"name": "BBMP", "category": "park", "osm_id": 362891218, "osm_type": "way"}}, {"type": "Feature", "geometry": {"type": "Polygon", "coordinates": [[[77.5470843, 12.9254411], [77.5467099, 12.9246907], [77.5468239, 12.9246246], [77.5473939, 12.9252913], [77.5470843, 12.9254411]]]}, "properties": {"name": "park 362892752", "category": "park", "osm_id": 362892752, "osm_type": "way"}}, {"type": "Feature", "geometry": {"type": "Polygon", "coordinates": [[[77.5381649, 12.9442623], [77.5385688, 12.9441098], [77.5386155, 12.9436115], [77.5383353, 12.9435842], [77.5383236, 12.9437298], [77.5382092, 12.9437275], [77.5381649, 12.9442623]]]}, "properties": {"name": "New BDA Layout Park", "category": "park", "osm_id": 362892978, "osm_type": "way"}}, {"type": "Feature", "geometry": {"type": "Polygon", "coordinates": [[[77.5430141, 12.944355], [77.5433772, 12.9443445], [77.5433698, 12.9441034], [77.5430067, 12.9441139], [77.5430141, 12.944355]]]}, "properties": {"name": "park 362893181", "category": "park", "osm_id": 362893181, "osm_type": "way"}}, {"type": "Feature", "geometry": {"type": "Polygon", "coordinates": [[[77.5483122, 12.9499725], [77.5487457, 12.9498811], [77.5486006, 12.9495121], [77.5482449, 12.949688], [77.5483122, 12.9499725]]]}, "properties": {"name": "park 362893293", "category": "park", "osm_id": 362893293, "osm_type": "way"}}, {"type": "Feature", "geometry": {"type": "Polygon", "coordinates": [[[77.5488666, 12.9324566], [77.5487986, 12.9323798], [77.5492005, 12.9320416], [77.5492686, 12.9321184], [77.5488666, 12.9324566]]]}, "properties": {"name": "park 362894271", "category": "park", "osm_id": 362894271, "osm_type": "way"}}, {"type": "Feature", "geometry": {"type": "Polygon", "coordinates": [[[77.5585555, 12.9234454], [77.5589183, 12.9233889], [77.5587911, 12.9223411], [77.5583215, 12.9224894], [77.5585006, 12.923221], [77.5585555, 12.9234454]]]}, "properties": {"name": "Banagiri Nagar BBMP Park", "category": "park", "osm_id": 362894524, "osm_type": "way"}}, {"type": "Feature", "geometry": {"type": "Polygon", "coordinates": [[[77.5688076, 12.9377645], [77.5688185, 12.9373137], [77.5692184, 12.9373229], [77.5692074, 12.9377737], [77.5688076, 12.9377645]]]}, "properties": {"name": "park 362907458", "category": "park", "osm_id": 362907458, "osm_type": "way"}}, {"type": "Feature", "geometry": {"type": "Polygon", "coordinates": [[[77.5712095, 12.9376855], [77.5717819, 12.9376819], [77.5717837, 12.9379527], [77.5712113, 12.9379563], [77.5712095, 12.9376855]]]}, "properties": {"name": "Shamanna Park", "category": "park", "osm_id": 362907846, "osm_type": "way"}}, {"type": "Feature", "geometry": {"type": "Polygon", "coordinates": [[[77.5628192, 12.9468363], [77.5632909, 12.9468289], [77.5632945, 12.9470472], [77.5637526, 12.94704], [77.5637525, 12.9472422], [77.5641994, 12.9472403], [77.5642212, 12.9480481], [77.5639036, 12.9480531], [77.5639022, 12.9479723], [77.5630644, 12.9480162], [77.5629297, 12.9474534], [77.5627349, 12.9474873], [77.5628192, 12.9468363]]]}, "properties": {"name": "Hanumanth Nagar Park", "category": "park", "osm_id": 362909552, "osm_type": "way"}}, {"type": "Feature", "geometry": {"type": "Polygon", "coordinates": [[[77.5086351, 12.9173461], [77.5084132, 12.9163635], [77.5087928, 12.916282], [77.5090147, 12.9172647], [77.5086351, 12.9173461]]]}, "properties": {"name": "park 362910765", "category": "park", "osm_id": 362910765, "osm_type": "way"}}, {"type": "Feature", "geometry": {"type": "Polygon", "coordinates": [[[77.5197143, 12.917733], [77.5197379, 12.9173328], [77.5204519, 12.9173728], [77.5204283, 12.917773], [77.5197143, 12.917733]]]}, "properties": {"name": "park 362911977", "category": "park", "osm_id": 362911977, "osm_type": "way"}}, {"type": "Feature", "geometry": {"type": "Polygon", "coordinates": [[[77.5189853, 12.926834], [77.5184359, 12.9270195], [77.5183728, 12.9263502], [77.5187441, 12.926165], [77.5189853, 12.926834]]]}, "properties": {"name": "park 362913634", "category": "park", "osm_id": 362913634, "osm_type": "way"}}, {"type": "Feature", "geometry": {"type": "Polygon", "coordinates": [[[77.5179527, 12.9285942], [77.5179686, 12.9289197], [77.5184777, 12.9299757], [77.5179033, 12.9303489], [77.5170393, 12.9287376], [77.5176146, 12.928471], [77.5177231, 12.9286983], [77.5179527, 12.9285942]]]}, "properties": {"name": "Netaji Memorial Park", "category": "park", "osm_id": 362913765, "osm_type": "way"}}, {"type": "Feature", "geometry": {"type": "Polygon", "coordinates": [[[77.5208802, 12.9298325], [77.5208058, 12.9295194], [77.52124, 12.9293875], [77.5215926, 12.9292804], [77.5216938, 12.9295819], [77.5214745, 12.929776], [77.521427, 12.9296508], [77.5208802, 12.9298325]]]}, "properties": {"name": "Siddalingaiah Park", "category": "park", "osm_id": 362914141, "osm_type": "way"}}, {"type": "Feature", "geometry": {"type": "Polygon", "coordinates": [[[77.4811514, 12.9171154], [77.4805303, 12.9154403], [77.4807824, 12.9152218], [77.4814596, 12.9170016], [77.4811514, 12.9171154]]]}, "properties": {"name": "park 362915043", "category": "park", "osm_id": 362915043, "osm_type": "way"}}, {"type": "Feature", "geometry": {"type": "Polygon", "coordinates": [[[77.4763513, 12.9485317], [77.4761411, 12.947667], [77.4772713, 12.9473802], [77.4775095, 12.9480902], [77.4776822, 12.9481085], [77.4776963, 12.948245], [77.4763513, 12.9485317]]]}, "properties": {"name": "park 362916385", "category": "park", "osm_id": 362916385, "osm_type": "way"}}, {"type": "Feature", "geometry": {"type": "Polygon", "coordinates": [[[77.479739, 12.9529831], [77.4794875, 12.9520744], [77.4800636, 12.9519785], [77.4803302, 12.9528211], [77.479739, 12.9529831]]]}, "properties": {"name": "Vishveshwaraiah Layout 5th Block Park", "category": "park", "osm_id": 362916463, "osm_type": "way"}}, {"type": "Feature", "geometry": {"type": "Polygon", "coordinates": [[[77.4761972, 12.9798059], [77.4760025, 12.978985], [77.477043, 12.9788872], [77.4771992, 12.9795812], [77.4761972, 12.9798059]]]}, "properties": {"name": "park 362916658", "category": "park", "osm_id": 362916658, "osm_type": "way"}}, {"type": "Feature", "geometry": {"type": "Polygon", "coordinates": [[[77.4762026, 12.9826013], [77.4760508, 12.9819619], [77.4771249, 12.9817367], [77.4772767, 12.982417], [77.4762026, 12.9826013]]]}, "properties": {"name": "park 362916704", "category": "park", "osm_id": 362916704, "osm_type": "way"}}, {"type": "Feature", "geometry": {"type": "Polygon", "coordinates": [[[77.4840054, 12.9824832], [77.4839091, 12.9820345], [77.485215, 12.9817062], [77.4853541, 12.9821339], [77.4840054, 12.9824832]]]}, "properties": {"name": "park 362916805", "category": "park", "osm_id": 362916805, "osm_type": "way"}}, {"type": "Feature", "geometry": {"type": "Polygon", "coordinates": [[[77.487671, 12.995537], [77.4875053, 12.9946747], [77.4879559, 12.9944995], [77.4882221, 12.9952481], [77.487671, 12.995537]]]}, "properties": {"name": "BBMP PARK", "category": "park", "osm_id": 363065446, "osm_type": "way"}}, {"type": "Feature", "geometry": {"type": "Polygon", "coordinates": [[[77.4873441, 12.9965313], [77.4873885, 12.9963106], [77.4884066, 12.9958055], [77.4885233, 12.996802], [77.4873441, 12.9965313]]]}, "properties": {"name": "park 363065468", "category": "park", "osm_id": 363065468, "osm_type": "way"}}, {"type": "Feature", "geometry": {"type": "Polygon", "coordinates": [[[77.4861736, 12.9974294], [77.4860662, 12.9963965], [77.4867516, 12.9963911], [77.4863068, 12.9974464], [77.4861736, 12.9974294]]]}, "properties": {"name": "BBMP Park", "category": "park", "osm_id": 363065482, "osm_type": "way"}}, {"type": "Feature", "geometry": {"type": "Polygon", "coordinates": [[[77.5384679, 12.9990364], [77.5384272, 12.9986174], [77.539105, 12.998714], [77.5390696, 12.9987812], [77.5388378, 12.9988364], [77.5384679, 12.9990364]]]}, "properties": {"name": "park 363069942", "category": "park", "osm_id": 363069942, "osm_type": "way"}}, {"type": "Feature", "geometry": {"type": "Polygon", "coordinates": [[[77.5371915, 12.9977851], [77.5372465, 12.9974101], [77.5379439, 12.9974623], [77.5378567, 12.9978478], [77.5371915, 12.9977851]]]}, "properties": {"name": "park 363069963", "category": "park", "osm_id": 363069963, "osm_type": "way"}}, {"type": "Feature", "geometry": {"type": "Polygon", "coordinates": [[[77.5295757, 12.9779038], [77.5295675, 12.9771267], [77.5300193, 12.9779817], [77.5295757, 12.9779038]]]}, "properties": {"name": "park 363070951", "category": "park", "osm_id": 363070951, "osm_type": "way"}}, {"type": "Feature", "geometry": {"type": "Polygon", "coordinates": [[[77.5570453, 12.9864612], [77.5570342, 12.9862049], [77.5574812, 12.9861864], [77.5574924, 12.9864427], [77.5570453, 12.9864612]]]}, "properties": {"name": "ABC Park", "category": "park", "osm_id": 363071335, "osm_type": "way"}}, {"type": "Feature", "geometry": {"type": "Polygon", "coordinates": [[[77.5277632, 12.9540595], [77.5286218, 12.9539025], [77.5285471, 12.9535354], [77.5276369, 12.9536952], [77.5277632, 12.9540595]]]}, "properties": {"name": "park 363140629", "category": "park", "osm_id": 363140629, "osm_type": "way"}}, {"type": "Feature", "geometry": {"type": "Polygon", "coordinates": [[[77.5293136, 12.9532591], [77.5292156, 12.9526185], [77.5297242, 12.9525042], [77.5298319, 12.9531639], [77.5293136, 12.9532591]]]}, "properties": {"name": "park 363140785", "category": "park", "osm_id": 363140785, "osm_type": "way"}}, {"type": "Feature", "geometry": {"type": "Polygon", "coordinates": [[[77.5803904, 12.9584341], [77.5803657, 12.9576994], [77.5805674, 12.9576615], [77.5807868, 12.9584444], [77.5803904, 12.9584341]]]}, "properties": {"name": "Journalist Colony Garden", "category": "park", "osm_id": 363142561, "osm_type": "way"}}, {"type": "Feature", "geometry": {"type": "Polygon", "coordinates": [[[77.5408256, 12.9850998], [77.5414911, 12.9848086], [77.5415471, 12.9841033], [77.5409256, 12.983993], [77.5409229, 12.984044], [77.5408366, 12.9845864], [77.5407968, 12.9849927], [77.5408256, 12.9850998]]]}, "properties": {"name": "Basava Park", "category": "park", "osm_id": 363145084, "osm_type": "way"}}, {"type": "Feature", "geometry": {"type": "Polygon", "coordinates": [[[77.4574548, 12.8942643], [77.4573773, 12.894019], [77.4580785, 12.8937796], [77.458245, 12.8936821], [77.4576272, 12.8930941], [77.4571036, 12.8931248], [77.4570857, 12.8930364], [77.4570197, 12.8929529], [77.4565131, 12.8930846], [77.4562233, 12.8934642], [77.4562794, 12.8940015], [77.4563866, 12.8942602], [77.4567285, 12.8947676], [77.4574548, 12.8942643]]]}, "properties": {"name": "SDM Institute of Ayurveda & Hospital", "category": "hospital", "osm_id": 367578285, "osm_type": "way"}}, {"type": "Feature", "geometry": {"type": "Polygon", "coordinates": [[[77.5460469, 12.9837023], [77.5460262, 12.9835707], [77.5470609, 12.9834162], [77.5470816, 12.9835479], [77.5460469, 12.9837023]]]}, "properties": {"name": "park 370462807", "category": "park", "osm_id": 370462807, "osm_type": "way"}}, {"type": "Feature", "geometry": {"type": "Polygon", "coordinates": [[[77.5920009, 12.9885534], [77.5925371, 12.9881065], [77.5923413, 12.9878634], [77.5917773, 12.9883192], [77.5920009, 12.9885534]]]}, "properties": {"name": "Manipal Hospital", "category": "hospital", "osm_id": 371602983, "osm_type": "way"}}, {"type": "Feature", "geometry": {"type": "Polygon", "coordinates": [[[77.519127, 12.9630618], [77.5189358, 12.9631092], [77.5189893, 12.963217], [77.5190322, 12.9634781], [77.5192232, 12.9634307], [77.519127, 12.9630618]]]}, "properties": {"name": "Garden Villas Park", "category": "park", "osm_id": 388178594, "osm_type": "way"}}, {"type": "Feature", "geometry": {"type": "Polygon", "coordinates": [[[77.5567206, 12.9252467], [77.5566052, 12.9249641], [77.5558774, 12.9252462], [77.5559928, 12.9255289], [77.5567206, 12.9252467]]]}, "properties": {"name": "BDA Park", "category": "park", "osm_id": 393741532, "osm_type": "way"}}, {"type": "Feature", "geometry": {"type": "Polygon", "coordinates": [[[77.5801175, 12.9198358], [77.5801381, 12.9172851], [77.5798404, 12.9172828], [77.5798198, 12.9198335], [77.5801175, 12.9198358]]]}, "properties": {"name": "Laxman Rao Park", "category": "park", "osm_id": 393754907, "osm_type": "way"}}, {"type": "Feature", "geometry": {"type": "Polygon", "coordinates": [[[77.5680083, 12.9478428], [77.568001, 12.9478072], [77.5679827, 12.9477755], [77.5679553, 12.9477509], [77.5679214, 12.9477358], [77.5678844, 12.9477317], [77.5678479, 12.9477389], [77.5678155, 12.9477568], [77.5677903, 12.9477836], [77.5677749, 12.9478166], [77.5677761, 12.9479639], [77.5677776, 12.9480297], [77.5677945, 12.948063], [77.5678215, 12.9480892], [77.5678557, 12.9481057], [77.5678935, 12.9481106], [77.5679309, 12.9481035], [77.567964, 12.9480851], [77.5679894, 12.9480573], [77.5680042, 12.9480231], [77.5680048, 12.9479665], [77.5680083, 12.9478428]]]}, "properties": {"name": "park 411055259", "category": "park", "osm_id": 411055259, "osm_type": "way"}}, {"type": "Feature", "geometry": {"type": "Polygon", "coordinates": [[[77.5271474, 12.9990407], [77.5271662, 12.99885], [77.5264232, 12.9986984], [77.5263883, 12.9988787], [77.5271474, 12.9990407]]]}, "properties": {"name": "park 412935364", "category": "park", "osm_id": 412935364, "osm_type": "way"}}, {"type": "Feature", "geometry": {"type": "Polygon", "coordinates": [[[77.5304116, 12.9996432], [77.5303473, 12.9996954], [77.5300039, 12.999617], [77.5297062, 12.9995674], [77.5285689, 12.9992773], [77.528585, 12.9992119], [77.5299825, 12.999536], [77.5304116, 12.9996432]]]}, "properties": {"name": "park 412935376", "category": "park", "osm_id": 412935376, "osm_type": "way"}}, {"type": "Feature", "geometry": {"type": "Polygon", "coordinates": [[[77.5359531, 12.9972387], [77.535945, 12.9981352], [77.5364573, 12.9980646], [77.5366612, 12.9977667], [77.5366907, 12.9976255], [77.5364332, 12.9975106], [77.536452, 12.9973198], [77.5359531, 12.9972387]]]}, "properties": {"name": "Kempegowda Park", "category": "park", "osm_id": 412935378, "osm_type": "way"}}, {"type": "Feature", "geometry": {"type": "Polygon", "coordinates": [[[77.5874193, 12.9666198], [77.5874367, 12.9665741], [77.5874944, 12.9665231], [77.5875361, 12.9665078], [77.5868805, 12.9657858], [77.5868371, 12.9657593], [77.5868005, 12.9657844], [77.5868024, 12.9658069], [77.5868077, 12.9658762], [77.5868507, 12.9659507], [77.5874193, 12.9666198]]]}, "properties": {"name": "park 421114580", "category": "park", "osm_id": 421114580, "osm_type": "way"}}, {"type": "Feature", "geometry": {"type": "Polygon", "coordinates": [[[77.5346733, 12.9917187], [77.5346004, 12.9913742], [77.5347917, 12.9913511], [77.5348901, 12.9916761], [77.5346733, 12.9917187]]]}, "properties": {"name": "park 422974248", "category": "park", "osm_id": 422974248, "osm_type": "way"}}, {"type": "Feature", "geometry": {"type": "Polygon", "coordinates": [[[77.4809115, 12.9125877], [77.4811985, 12.9124726], [77.4811636, 12.9123524], [77.4815364, 12.9122138], [77.4815928, 12.9126583], [77.4816401, 12.9126618], [77.4817036, 12.9130993], [77.4818341, 12.9135568], [77.4818619, 12.913684], [77.4813782, 12.9138557], [77.4809115, 12.9125877]]]}, "properties": {"name": "park 437563234", "category": "park", "osm_id": 437563234, "osm_type": "way"}}, {"type": "Feature", "geometry": {"type": "Polygon", "coordinates": [[[77.5553363, 12.9643056], [77.5562593, 12.9640734], [77.5561923, 12.9638526], [77.5552739, 12.9639957], [77.555228, 12.9642605], [77.5553363, 12.9643056]]]}, "properties": {"name": "JJR Nagar Park", "category": "park", "osm_id": 437565300, "osm_type": "way"}}, {"type": "Feature", "geometry": {"type": "Polygon", "coordinates": [[[77.584835, 12.8918326], [77.5847894, 12.8913567], [77.58425, 12.891376], [77.5839123, 12.8913881], [77.5839847, 12.8919293], [77.584835, 12.8918326]]]}, "properties": {"name": "park 439843203", "category": "park", "osm_id": 439843203, "osm_type": "way"}}, {"type": "Feature", "geometry": {"type": "Polygon", "coordinates": [[[77.6003019, 12.9282513], [77.6003663, 12.9282225], [77.6003371, 12.9275184], [77.5993228, 12.9275602], [77.5993229, 12.9282826], [77.6003019, 12.9282513]]]}, "properties": {"name": "Sagar Hospitals", "category": "hospital", "osm_id": 442048030, "osm_type": "way"}}, {"type": "Feature", "geometry": {"type": "Polygon", "coordinates": [[[77.5652441, 12.9082504], [77.5652093, 12.9079654], [77.5652227, 12.9077406], [77.5653004, 12.9075079], [77.565228, 12.9074713], [77.5651851, 12.9074635], [77.5651261, 12.9074791], [77.5650456, 12.9078033], [77.5650242, 12.9079837], [77.5650698, 12.9082321], [77.56511, 12.9082556], [77.5651798, 12.9082713], [77.5652441, 12.9082504]]]}, "properties": {"name": "Sagar Hospital", "category": "hospital", "osm_id": 442048031, "osm_type": "way"}}, {"type": "Feature", "geometry": {"type": "Polygon", "coordinates": [[[77.5344465, 12.9965256], [77.5347094, 12.9965282], [77.5346236, 12.996097], [77.5344546, 12.9961022], [77.5344465, 12.9965256]]]}, "properties": {"name": "park 454420712", "category": "park", "osm_id": 454420712, "osm_type": "way"}}, {"type": "Feature", "geometry": {"type": "Polygon", "coordinates": [[[77.5969798, 12.9802482], [77.5970306, 12.9801246], [77.5984375, 12.9770537], [77.5984774, 12.9769788], [77.5985472, 12.9768925], [77.5986491, 12.9768193], [77.5987677, 12.9767684], [77.5989019, 12.9767416], [77.5990018, 12.9768454], [77.5973666, 12.9804869], [77.5973363, 12.9805197], [77.5973007, 12.9805435], [77.5972601, 12.9805559], [77.5972186, 12.980564], [77.5971737, 12.9805681], [77.5971289, 12.9805631], [77.597092, 12.9805468], [77.5970561, 12.9805187], [77.5970222, 12.9804898], [77.5969936, 12.980456], [77.5969738, 12.9804198], [77.5969596, 12.9803788], [77.5969531, 12.9803343], [77.596962, 12.9802899], [77.5969798, 12.9802482]]]}, "properties": {"name": "Queen's Park", "category": "park", "osm_id": 460600474, "osm_type": "way"}}, {"type": "Feature", "geometry": {"type": "Polygon", "coordinates": [[[77.5751451, 12.9032156], [77.5755955, 12.9032427], [77.5759491, 12.9032639], [77.5759522, 12.9029326], [77.5759553, 12.9025934], [77.5756303, 12.9025802], [77.5756313, 12.9025221], [77.5751563, 12.9025053], [77.5751501, 12.9028988], [77.5751451, 12.9032156]]]}, "properties": {"name": "Jaraganahalli Park", "category": "park", "osm_id": 466642967, "osm_type": "way"}}, {"type": "Feature", "geometry": {"type": "Polygon", "coordinates": [[[77.5421521, 12.9174832], [77.5420682, 12.9175411], [77.542062, 12.917367], [77.5426557, 12.916233], [77.5427767, 12.9161926], [77.5428569, 12.9162018], [77.5421521, 12.9174832]]]}, "properties": {"name": "AGS Layout park", "category": "park", "osm_id": 469224891, "osm_type": "way"}}, {"type": "Feature", "geometry": {"type": "Polygon", "coordinates": [[[77.5121259, 12.8419249], [77.5124714, 12.841835], [77.5123684, 12.841517], [77.512023, 12.8416216], [77.5121259, 12.8419249]]]}, "properties": {"name": "JIT's mini park", "category": "park", "osm_id": 469280254, "osm_type": "way"}}, {"type": "Feature", "geometry": {"type": "Polygon", "coordinates": [[[77.5630905, 12.9048145], [77.563042, 12.9047122], [77.5624432, 12.9034967], [77.5621537, 12.9034832], [77.5619094, 12.9035843], [77.5619497, 12.9036631], [77.5626417, 12.9050086], [77.5630905, 12.9048145]]]}, "properties": {"name": "Atal Bihari Vajpayee Park", "category": "park", "osm_id": 469349055, "osm_type": "way"}}, {"type": "Feature", "geometry": {"type": "Polygon", "coordinates": [[[77.5620177, 12.9051125], [77.5622685, 12.90501], [77.5620587, 12.9045769], [77.5619407, 12.9046345], [77.5620177, 12.9051125]]]}, "properties": {"name": "Ambabhavi park", "category": "park", "osm_id": 469349058, "osm_type": "way"}}, {"type": "Feature", "geometry": {"type": "Polygon", "coordinates": [[[77.5927271, 12.8888689], [77.593083, 12.8887727], [77.5929643, 12.8882306], [77.5927317, 12.8882607], [77.5927209, 12.888585], [77.5927209, 12.8886781], [77.592724, 12.8887682], [77.5927271, 12.8888689]]]}, "properties": {"name": "park 469518835", "category": "park", "osm_id": 469518835, "osm_type": "way"}}, {"type": "Feature", "geometry": {"type": "Polygon", "coordinates": [[[77.5951658, 12.8959164], [77.5951903, 12.8957713], [77.5953857, 12.894617], [77.5955922, 12.8955975], [77.5956781, 12.8958589], [77.5951658, 12.8959164]]]}, "properties": {"name": "BBMP Panduranga Park", "category": "park", "osm_id": 469527203, "osm_type": "way"}}, {"type": "Feature", "geometry": {"type": "Polygon", "coordinates": [[[77.5347125, 12.9703754], [77.5350695, 12.9702659], [77.5354696, 12.9701234], [77.5355655, 12.9704059], [77.5347732, 12.9706637], [77.5347125, 12.9703754]]]}, "properties": {"name": "M C Layout Park", "category": "park", "osm_id": 471446263, "osm_type": "way"}}, {"type": "Feature", "geometry": {"type": "Polygon", "coordinates": [[[77.5961874, 12.9034496], [77.5961819, 12.9032283], [77.5961693, 12.9028627], [77.5970428, 12.9025612], [77.5970806, 12.9034387], [77.5965308, 12.9034454], [77.5961874, 12.9034496]]]}, "properties": {"name": "Dollars Colony Park", "category": "park", "osm_id": 483509324, "osm_type": "way"}}, {"type": "Feature", "geometry": {"type": "Polygon", "coordinates": [[[77.5909169, 12.9011492], [77.5913085, 12.901344], [77.5913742, 12.9011178], [77.5909545, 12.9009309], [77.5909169, 12.9011492]]]}, "properties": {"name": "park 485869151", "category": "park", "osm_id": 485869151, "osm_type": "way"}}, {"type": "Feature", "geometry": {"type": "Polygon", "coordinates": [[[77.5902155, 12.9058399], [77.591511, 12.9058164], [77.5915003, 12.9056778], [77.5902101, 12.9057824], [77.5902155, 12.9058399]]]}, "properties": {"name": "park 494321761", "category": "park", "osm_id": 494321761, "osm_type": "way"}}, {"type": "Feature", "geometry": {"type": "Polygon", "coordinates": [[[77.5695964, 12.9374959], [77.5694845, 12.9376934], [77.5699754, 12.9379575], [77.5700872, 12.93776], [77.5695964, 12.9374959]]]}, "properties": {"name": "Government Maternity Hospital", "category": "hospital", "osm_id": 496821816, "osm_type": "way"}}, {"type": "Feature", "geometry": {"type": "Polygon", "coordinates": [[[77.5359081, 12.9751128], [77.5367275, 12.9751219], [77.5366731, 12.97486], [77.5359081, 12.9751128]]]}, "properties": {"name": "park 498155233", "category": "park", "osm_id": 498155233, "osm_type": "way"}}, {"type": "Feature", "geometry": {"type": "Polygon", "coordinates": [[[77.5379755, 12.9763744], [77.5386568, 12.9763626], [77.5386233, 12.9761718], [77.5379862, 12.97613], [77.5379755, 12.9763744]]]}, "properties": {"name": "park 498155234", "category": "park", "osm_id": 498155234, "osm_type": "way"}}, {"type": "Feature", "geometry": {"type": "Polygon", "coordinates": [[[77.5574798, 12.8975913], [77.5573004, 12.8973481], [77.5578269, 12.8969142], [77.5580331, 12.8971437], [77.5577984, 12.8973276], [77.557757, 12.897365], [77.5574798, 12.8975913]]]}, "properties": {"name": "ISRO Layout Children's Park", "category": "park", "osm_id": 501844307, "osm_type": "way"}}, {"type": "Feature", "geometry": {"type": "Polygon", "coordinates": [[[77.5896245, 12.9645264], [77.5900071, 12.9644784], [77.5898514, 12.9638243], [77.5898252, 12.9638262], [77.5897012, 12.9631597], [77.5896489, 12.963021], [77.5893521, 12.9633509], [77.5896245, 12.9645264]]]}, "properties": {"name": "HCG Cancer Hospital", "category": "hospital", "osm_id": 509638758, "osm_type": "way"}}, {"type": "Feature", "geometry": {"type": "Polygon", "coordinates": [[[77.5890286, 12.9215779], [77.5890249, 12.9211583], [77.5893736, 12.9211553], [77.5893773, 12.9215749], [77.5890286, 12.9215779]]]}, "properties": {"name": "Nandanvan Childrens play Park", "category": "park", "osm_id": 511623036, "osm_type": "way"}}, {"type": "Feature", "geometry": {"type": "Polygon", "coordinates": [[[77.5728594, 12.9573848], [77.5721803, 12.9573837], [77.5721213, 12.9579117], [77.5730125, 12.9579913], [77.5728594, 12.9573848]]]}, "properties": {"name": "Makkala Koota Playground & Children Park", "category": "park", "osm_id": 512515892, "osm_type": "way"}}, {"type": "Feature", "geometry": {"type": "Polygon", "coordinates": [[[77.5946566, 12.9899223], [77.5943446, 12.9903301], [77.5938637, 12.9898005], [77.5942259, 12.9894437], [77.594369, 12.9895972], [77.5946566, 12.9899223]]]}, "properties": {"name": "Al-Ameen Hospital", "category": "hospital", "osm_id": 512626192, "osm_type": "way"}}, {"type": "Feature", "geometry": {"type": "Polygon", "coordinates": [[[77.5427332, 12.8919249], [77.5428312, 12.8916608], [77.543004, 12.8916108], [77.5428172, 12.8921252], [77.5427332, 12.8919249]]]}, "properties": {"name": "park 525511466", "category": "park", "osm_id": 525511466, "osm_type": "way"}}, {"type": "Feature", "geometry": {"type": "Polygon", "coordinates": [[[77.5428733, 12.8915743], [77.542962, 12.8912967], [77.5431068, 12.8912693], [77.5430227, 12.8915288], [77.5428733, 12.8915743]]]}, "properties": {"name": "park 525511739", "category": "park", "osm_id": 525511739, "osm_type": "way"}}, {"type": "Feature", "geometry": {"type": "Polygon", "coordinates": [[[77.5429807, 12.8912329], [77.5430647, 12.890978], [77.5432048, 12.8909416], [77.5431208, 12.8912011], [77.5429807, 12.8912329]]]}, "properties": {"name": "park 525511982", "category": "park", "osm_id": 525511982, "osm_type": "way"}}, {"type": "Feature", "geometry": {"type": "LineString", "coordinates": [[77.5944285, 12.9096295], [77.594423, 12.9090455], [77.5950842, 12.9090241], [77.5951148, 12.9096117], [77.5949947, 12.9096172], [77.5944285, 12.9096295], [77.5944151, 12.9101142]]}, "properties": {"name": "BNV Park", "category": "park", "osm_id": 547652016, "osm_type": "way"}}, {"type": "Feature", "geometry": {"type": "Polygon", "coordinates": [[[77.5802149, 12.9497089], [77.5804029, 12.949704], [77.5803999, 12.9495944], [77.5802119, 12.9495993], [77.5802149, 12.9497089]]]}, "properties": {"name": "South City Hospital", "category": "hospital", "osm_id": 549373054, "osm_type": "way"}}, {"type": "Feature", "geometry": {"type": "Polygon", "coordinates": [[[77.5290065, 12.859736], [77.5288375, 12.8594611], [77.5294135, 12.8593228], [77.5294974, 12.859732], [77.5291862, 12.8598066], [77.529096, 12.8597455], [77.5290065, 12.859736]]]}, "properties": {"name": "park 550648371", "category": "park", "osm_id": 550648371, "osm_type": "way"}}, {"type": "Feature", "geometry": {"type": "Polygon", "coordinates": [[[77.5577856, 12.9185816], [77.5581384, 12.9184744], [77.5580851, 12.9181442], [77.5580691, 12.9180605], [77.5579608, 12.9175619], [77.5576629, 12.9176584], [77.5574931, 12.9177166], [77.5574618, 12.9177273], [77.5571628, 12.9178336], [77.5572868, 12.9182137], [77.5573918, 12.9185477], [77.5575286, 12.9186136], [77.5577856, 12.9185816]]]}, "properties": {"name": "Padmanabhanagar Park", "category": "park", "osm_id": 556950053, "osm_type": "way"}}, {"type": "Feature", "geometry": {"type": "Polygon", "coordinates": [[[77.5775869, 12.9546657], [77.577501, 12.9544932], [77.5776867, 12.9544103], [77.5777961, 12.9545873], [77.5775869, 12.9546657]]]}, "properties": {"name": "park 562561061", "category": "park", "osm_id": 562561061, "osm_type": "way"}}, {"type": "Feature", "geometry": {"type": "Polygon", "coordinates": [[[77.5569551, 12.9151803], [77.5568902, 12.9149304], [77.5568374, 12.9147274], [77.5571174, 12.9146904], [77.5571829, 12.9151627], [77.5569551, 12.9151803]]]}, "properties": {"name": "RK Layout park", "category": "park", "osm_id": 579494263, "osm_type": "way"}}, {"type": "Feature", "geometry": {"type": "Polygon", "coordinates": [[[77.5587872, 12.9190232], [77.5597171, 12.9189107], [77.5596499, 12.9183512], [77.5587235, 12.9185498], [77.5587458, 12.9187251], [77.5587872, 12.9190232]]]}, "properties": {"name": "Carmel School", "category": "park", "osm_id": 579495211, "osm_type": "way"}}, {"type": "Feature", "geometry": {"type": "Polygon", "coordinates": [[[77.5502934, 12.9071747], [77.5507857, 12.9070008], [77.5503024, 12.906468], [77.5500336, 12.9065407], [77.5502934, 12.9071747]]]}, "properties": {"name": "BHCS Park", "category": "park", "osm_id": 585450310, "osm_type": "way"}}, {"type": "Feature", "geometry": {"type": "Polygon", "coordinates": [[[77.5519558, 12.9069651], [77.5520921, 12.9069109], [77.5510193, 12.9056888], [77.5509147, 12.9052905], [77.5505979, 12.9054408], [77.5519558, 12.9069651]]]}, "properties": {"name": "park 585450311", "category": "park", "osm_id": 585450311, "osm_type": "way"}}, {"type": "Feature", "geometry": {"type": "Polygon", "coordinates": [[[77.5548467, 12.9072361], [77.5551487, 12.9070973], [77.5545834, 12.9060836], [77.5543763, 12.9061425], [77.5548467, 12.9072361]]]}, "properties": {"name": "park 588708615", "category": "park", "osm_id": 588708615, "osm_type": "way"}}, {"type": "Feature", "geometry": {"type": "Polygon", "coordinates": [[[77.5949143, 12.9474363], [77.5954059, 12.9477057], [77.595601, 12.9475069], [77.5951591, 12.9471495], [77.5949143, 12.9474363]]]}, "properties": {"name": "Bhuvaneshwari Park", "category": "park", "osm_id": 625747310, "osm_type": "way"}}, {"type": "Feature", "geometry": {"type": "Polygon", "coordinates": [[[77.5886562, 12.8801935], [77.588946, 12.8796832], [77.5883172, 12.8793438], [77.5883805, 12.8792349], [77.5891512, 12.8796573], [77.5888092, 12.8802759], [77.5886562, 12.8801935]]]}, "properties": {"name": "park 627943197", "category": "park", "osm_id": 627943197, "osm_type": "way"}}, {"type": "Feature", "geometry": {"type": "Polygon", "coordinates": [[[77.5517846, 12.8890976], [77.5514652, 12.8877152], [77.5517282, 12.8876575], [77.5520476, 12.8890399], [77.5517846, 12.8890976]]]}, "properties": {"name": "park 627957762", "category": "park", "osm_id": 627957762, "osm_type": "way"}}, {"type": "Feature", "geometry": {"type": "Polygon", "coordinates": [[[77.5976958, 12.9493031], [77.5977682, 12.9492425], [77.5978183, 12.9492994], [77.5979323, 12.9492041], [77.5978413, 12.9491008], [77.597655, 12.9492568], [77.5976958, 12.9493031]]]}, "properties": {"name": "Agadi Hospital", "category": "hospital", "osm_id": 639010019, "osm_type": "way"}}, {"type": "Feature", "geometry": {"type": "Polygon", "coordinates": [[[77.5216981, 12.8225802], [77.5216717, 12.8224847], [77.5215436, 12.8225031], [77.5215135, 12.8223415], [77.5215813, 12.8223231], [77.52157, 12.8222606], [77.5213326, 12.8223121], [77.5212535, 12.8220439], [77.5222933, 12.8218198], [77.5221238, 12.8220623], [77.5222029, 12.8221174], [77.5221878, 12.8221504], [77.5222707, 12.8222092], [77.5222368, 12.8222753], [77.5221501, 12.8222423], [77.5220823, 12.8222166], [77.5219995, 12.82229], [77.5219316, 12.8223268], [77.5218864, 12.8224002], [77.521796, 12.8223782], [77.5218186, 12.8225361], [77.5216981, 12.8225802]]]}, "properties": {"name": "Sri Sri Ayurveda hospital", "category": "hospital", "osm_id": 668074515, "osm_type": "way"}}, {"type": "Feature", "geometry": {"type": "Polygon", "coordinates": [[[77.5995782, 12.9049091], [77.5994084, 12.9050014], [77.599386, 12.9051322], [77.5995344, 12.9051996], [77.5997157, 12.9050648], [77.5995782, 12.9049091]]]}, "properties": {"name": "Freedom Park", "category": "park", "osm_id": 674038060, "osm_type": "way"}}, {"type": "Feature", "geometry": {"type": "Polygon", "coordinates": [[[77.4981674, 12.9797761], [77.4983379, 12.9797071], [77.4986932, 12.9795631], [77.498256, 12.9784471], [77.4980253, 12.9785268], [77.4981544, 12.9796614], [77.4981674, 12.9797761]]]}, "properties": {"name": "RHBCS Park", "category": "park", "osm_id": 675682288, "osm_type": "way"}}, {"type": "Feature", "geometry": {"type": "Polygon", "coordinates": [[[77.5028104, 12.9779465], [77.5035292, 12.9777792], [77.5034219, 12.9773297], [77.5027192, 12.9776198], [77.5028104, 12.9779465]]]}, "properties": {"name": "park 675682291", "category": "park", "osm_id": 675682291, "osm_type": "way"}}, {"type": "Feature", "geometry": {"type": "Polygon", "coordinates": [[[77.5678462, 12.9406537], [77.5673336, 12.940641], [77.5673389, 12.9415246], [77.5670895, 12.9417076], [77.567355, 12.9420317], [77.5673974, 12.941992], [77.5676447, 12.9417609], [77.5678464, 12.9416008], [77.5678339, 12.9414736], [77.5678462, 12.9406537]]]}, "properties": {"name": "BMS Hospital", "category": "hospital", "osm_id": 687319732, "osm_type": "way"}}, {"type": "Feature", "geometry": {"type": "Polygon", "coordinates": [[[77.5507012, 12.951884], [77.549749, 12.9518265], [77.5495586, 12.9517193], [77.5494996, 12.9514109], [77.5495425, 12.9512671], [77.550095, 12.95099], [77.5504571, 12.9509299], [77.5506529, 12.951667], [77.5507066, 12.9516618], [77.5507012, 12.951884]]]}, "properties": {"name": "park 687319749", "category": "park", "osm_id": 687319749, "osm_type": "way"}}, {"type": "Feature", "geometry": {"type": "Polygon", "coordinates": [[[77.5397658, 12.9524643], [77.5398356, 12.9527963], [77.5394627, 12.9528433], [77.5394547, 12.9524983], [77.53951, 12.9524923], [77.5397658, 12.9524643]]]}, "properties": {"name": "park 687319753", "category": "park", "osm_id": 687319753, "osm_type": "way"}}, {"type": "Feature", "geometry": {"type": "Polygon", "coordinates": [[[77.5355116, 12.9353754], [77.5355201, 12.9353852], [77.5355472, 12.9353874], [77.5355658, 12.9353814], [77.535572, 12.9353656], [77.5355689, 12.9353497], [77.5355573, 12.9353376], [77.5355356, 12.9353339], [77.5355186, 12.9353384], [77.5355108, 12.935358], [77.5355116, 12.9353754]]]}, "properties": {"name": "park 691142529", "category": "park", "osm_id": 691142529, "osm_type": "way"}}, {"type": "Feature", "geometry": {"type": "Polygon", "coordinates": [[[77.4649671, 12.8803817], [77.464951, 12.8802862], [77.4650242, 12.8802965], [77.4650982, 12.8802978], [77.4651718, 12.8802901], [77.4652438, 12.8802735], [77.4653131, 12.8802483], [77.4653705, 12.8802196], [77.4654244, 12.8801849], [77.4654741, 12.8801446], [77.465519, 12.8800994], [77.4655585, 12.8800496], [77.4662626, 12.8810929], [77.4661204, 12.8811648], [77.4656188, 12.8804706], [77.465179, 12.8806928], [77.4649671, 12.8803817]]]}, "properties": {"name": "park 692684867", "category": "park", "osm_id": 692684867, "osm_type": "way"}}, {"type": "Feature", "geometry": {"type": "Polygon", "coordinates": [[[77.4635227, 12.8836226], [77.4636878, 12.8836242], [77.4637829, 12.8836252], [77.4638811, 12.883584], [77.4640726, 12.8835036], [77.4640068, 12.8833533], [77.4638324, 12.8833566], [77.46352, 12.8833624], [77.4635227, 12.8836226]]]}, "properties": {"name": "park 692684871", "category": "park", "osm_id": 692684871, "osm_type": "way"}}, {"type": "Feature", "geometry": {"type": "Polygon", "coordinates": [[[77.4651575, 12.8814838], [77.465301, 12.8813217], [77.4653989, 12.8814929], [77.4652997, 12.8816001], [77.4651575, 12.8814838]]]}, "properties": {"name": "park 692684879", "category": "park", "osm_id": 692684879, "osm_type": "way"}}, {"type": "Feature", "geometry": {"type": "Polygon", "coordinates": [[[77.4645527, 12.8808275], [77.46479, 12.880651], [77.4648839, 12.8807791], [77.46466, 12.8809399], [77.4645527, 12.8808275]]]}, "properties": {"name": "park 692684882", "category": "park", "osm_id": 692684882, "osm_type": "way"}}, {"type": "Feature", "geometry": {"type": "Polygon", "coordinates": [[[77.4639505, 12.8805804], [77.4640927, 12.8806091], [77.4641074, 12.880583], [77.4640216, 12.8804706], [77.4639693, 12.8804954], [77.4639505, 12.8805804]]]}, "properties": {"name": "park 692684883", "category": "park", "osm_id": 692684883, "osm_type": "way"}}, {"type": "Feature", "geometry": {"type": "Polygon", "coordinates": [[[77.4636555, 12.8806784], [77.4638727, 12.8807072], [77.4638553, 12.8808628], [77.4636796, 12.8809085], [77.4636367, 12.8808262], [77.4636555, 12.8806784]]]}, "properties": {"name": "park 692684884", "category": "park", "osm_id": 692684884, "osm_type": "way"}}, {"type": "Feature", "geometry": {"type": "Polygon", "coordinates": [[[77.464051, 12.8798812], [77.4642174, 12.8797726], [77.4641471, 12.8796702], [77.4639806, 12.8797788], [77.464051, 12.8798812]]]}, "properties": {"name": "park 692684885", "category": "park", "osm_id": 692684885, "osm_type": "way"}}, {"type": "Feature", "geometry": {"type": "Polygon", "coordinates": [[[77.4642744, 12.8801941], [77.4642074, 12.8800908], [77.4643857, 12.8799809], [77.4644527, 12.8800842], [77.4642744, 12.8801941]]]}, "properties": {"name": "park 692684886", "category": "park", "osm_id": 692684886, "osm_type": "way"}}, {"type": "Feature", "geometry": {"type": "Polygon", "coordinates": [[[77.4637145, 12.880281], [77.4639653, 12.8803895], [77.4640712, 12.8803372], [77.4637708, 12.8799319], [77.4637145, 12.880281]]]}, "properties": {"name": "park 692684887", "category": "park", "osm_id": 692684887, "osm_type": "way"}}, {"type": "Feature", "geometry": {"type": "Polygon", "coordinates": [[[77.463986, 12.8844765], [77.4639827, 12.8844988], [77.4639756, 12.8845465], [77.4639317, 12.884841], [77.464096, 12.8848918], [77.4642588, 12.8849188], [77.464202, 12.8852439], [77.4640392, 12.8852169], [77.4640866, 12.8849457], [77.4637064, 12.8848842], [77.4636582, 12.8851456], [77.4634771, 12.8850999], [77.4634825, 12.8848018], [77.4638017, 12.884811], [77.4638104, 12.8845371], [77.4638159, 12.8843612], [77.4638218, 12.8841782], [77.4638527, 12.884177], [77.4638829, 12.8841703], [77.4639114, 12.8841584], [77.4639371, 12.8841416], [77.4639626, 12.8841167], [77.4639821, 12.884087], [77.4639948, 12.884054], [77.4640166, 12.8840244], [77.4640441, 12.8839998], [77.4640762, 12.883981], [77.4641114, 12.883969], [77.4641498, 12.8839642], [77.4641884, 12.8839673], [77.4642254, 12.8839783], [77.4642593, 12.8839966], [77.4642885, 12.8840213], [77.4643435, 12.8841403], [77.4642811, 12.8845117], [77.463986, 12.8844765]]]}, "properties": {"name": "park 693348709", "category": "park", "osm_id": 693348709, "osm_type": "way"}}, {"type": "Feature", "geometry": {"type": "Polygon", "coordinates": [[[77.4637021, 12.881617], [77.4638997, 12.8815584], [77.4638626, 12.8814398], [77.4636651, 12.8814984], [77.4637021, 12.881617]]]}, "properties": {"name": "E", "category": "park", "osm_id": 693348710, "osm_type": "way"}}, {"type": "Feature", "geometry": {"type": "Polygon", "coordinates": [[[77.4631452, 12.8817838], [77.4632967, 12.8817492], [77.4632666, 12.881625], [77.4631398, 12.8816694], [77.4631452, 12.8817838]]]}, "properties": {"name": "D", "category": "park", "osm_id": 693348711, "osm_type": "way"}}, {"type": "Feature", "geometry": {"type": "Polygon", "coordinates": [[[77.4632035, 12.882327], [77.4633242, 12.8823113], [77.463347, 12.8821139], [77.4631821, 12.8821531], [77.4632035, 12.882327]]]}, "properties": {"name": "C", "category": "park", "osm_id": 693348712, "osm_type": "way"}}, {"type": "Feature", "geometry": {"type": "Polygon", "coordinates": [[[77.4637212, 12.8823624], [77.4638218, 12.8823715], [77.4638244, 12.8824238], [77.4639532, 12.8824211], [77.4639465, 12.8820551], [77.4638835, 12.8820577], [77.4638835, 12.8818511], [77.4637225, 12.8818864], [77.4637212, 12.8823624]]]}, "properties": {"name": "F", "category": "park", "osm_id": 693348713, "osm_type": "way"}}, {"type": "Feature", "geometry": {"type": "Polygon", "coordinates": [[[77.4633604, 12.8828532], [77.4634986, 12.8828539], [77.4634999, 12.8827212], [77.4633229, 12.8827231], [77.4633604, 12.8828532]]]}, "properties": {"name": "B", "category": "park", "osm_id": 693348714, "osm_type": "way"}}, {"type": "Feature", "geometry": {"type": "Polygon", "coordinates": [[[77.4637967, 12.8828659], [77.4637972, 12.8827371], [77.4639763, 12.8827379], [77.4639757, 12.8828667], [77.4637967, 12.8828659]]]}, "properties": {"name": "A", "category": "park", "osm_id": 693348715, "osm_type": "way"}}, {"type": "Feature", "geometry": {"type": "Polygon", "coordinates": [[[77.4642791, 12.8827074], [77.4644776, 12.8824917], [77.4644561, 12.882093], [77.4642469, 12.8819871], [77.4642791, 12.8827074]]]}, "properties": {"name": "park 693348736", "category": "park", "osm_id": 693348736, "osm_type": "way"}}, {"type": "Feature", "geometry": {"type": "Polygon", "coordinates": [[[77.4645594, 12.8824708], [77.4645419, 12.8821571], [77.4647176, 12.8823061], [77.4645594, 12.8824708]]]}, "properties": {"name": "park 693348737", "category": "park", "osm_id": 693348737, "osm_type": "way"}}, {"type": "Feature", "geometry": {"type": "Polygon", "coordinates": [[[77.5004222, 12.9246977], [77.500545, 12.924584], [77.5006593, 12.9244782], [77.5008256, 12.9246489], [77.5007308, 12.9247366], [77.5006643, 12.9246684], [77.500522, 12.9248001], [77.5004222, 12.9246977]]]}, "properties": {"name": "Medical Centre", "category": "hospital", "osm_id": 695545711, "osm_type": "way"}}, {"type": "Feature", "geometry": {"type": "Polygon", "coordinates": [[[77.5454543, 12.9983899], [77.5456096, 12.9975999], [77.546189, 12.9975687], [77.5462056, 12.9980298], [77.5463388, 12.9980263], [77.5463413, 12.9980688], [77.5463468, 12.998445], [77.5458615, 12.9984165], [77.5454543, 12.9983899]]]}, "properties": {"name": "M C Modi Eye Hospital", "category": "hospital", "osm_id": 697081723, "osm_type": "way"}}, {"type": "Feature", "geometry": {"type": "Polygon", "coordinates": [[[77.5768852, 12.8948517], [77.5769097, 12.8948145], [77.5770078, 12.8944614], [77.5773218, 12.8945483], [77.5771853, 12.8947053], [77.5771599, 12.8948315], [77.5771285, 12.8949268], [77.5770311, 12.8950439], [77.576958, 12.8950903], [77.576899, 12.8951014], [77.5769542, 12.8949902], [77.5767441, 12.8948962], [77.5768118, 12.8948871], [77.5768541, 12.894874], [77.5768852, 12.8948517]]]}, "properties": {"name": "B Phase Park 1", "category": "park", "osm_id": 705294093, "osm_type": "way"}}, {"type": "Feature", "geometry": {"type": "Polygon", "coordinates": [[[77.5765619, 12.8950582], [77.5766759, 12.8948634], [77.575933, 12.8945353], [77.5758592, 12.8947065], [77.5765619, 12.8950582]]]}, "properties": {"name": "B Phase Park 2", "category": "park", "osm_id": 705294094, "osm_type": "way"}}, {"type": "Feature", "geometry": {"type": "Polygon", "coordinates": [[[77.5838432, 12.9505334], [77.5839345, 12.9505116], [77.5839131, 12.9504233], [77.5838268, 12.9504433], [77.5838432, 12.9505334]]]}, "properties": {"name": "Fossilized Tree", "category": "park", "osm_id": 712309876, "osm_type": "way"}}, {"type": "Feature", "geometry": {"type": "Polygon", "coordinates": [[[77.4868504, 12.9452981], [77.486888, 12.9453583], [77.4874593, 12.9450394], [77.4874378, 12.9450158], [77.4868504, 12.9452981]]]}, "properties": {"name": "KPSC Layout Mini Park", "category": "park", "osm_id": 720154506, "osm_type": "way"}}, {"type": "Feature", "geometry": {"type": "Polygon", "coordinates": [[[77.4859707, 12.9450165], [77.4864736, 12.9447786], [77.486719, 12.9452844], [77.4862591, 12.9455066], [77.4859707, 12.9450165]]]}, "properties": {"name": "KPSC Layout Park", "category": "park", "osm_id": 720154507, "osm_type": "way"}}, {"type": "Feature", "geometry": {"type": "Polygon", "coordinates": [[[77.4882134, 12.9213566], [77.4885122, 12.9225968], [77.4888943, 12.9216629], [77.488235, 12.9213385], [77.4882134, 12.9213566]]]}, "properties": {"name": "park 726411363", "category": "park", "osm_id": 726411363, "osm_type": "way"}}, {"type": "Feature", "geometry": {"type": "Polygon", "coordinates": [[[77.4909824, 12.9194451], [77.4908838, 12.9197499], [77.4909947, 12.9197814], [77.4912012, 12.9195066], [77.4909824, 12.9194451]]]}, "properties": {"name": "park 726511541", "category": "park", "osm_id": 726511541, "osm_type": "way"}}, {"type": "Feature", "geometry": {"type": "Polygon", "coordinates": [[[77.490929, 12.9203305], [77.4906689, 12.9202202], [77.4905698, 12.9205203], [77.490821, 12.9205979], [77.490929, 12.9203305]]]}, "properties": {"name": "park 726511875", "category": "park", "osm_id": 726511875, "osm_type": "way"}}, {"type": "Feature", "geometry": {"type": "Polygon", "coordinates": [[[77.4939708, 12.9114782], [77.4936704, 12.9117396], [77.4937294, 12.9120534], [77.4940512, 12.9118965], [77.4939708, 12.9114782]]]}, "properties": {"name": "park 726521045", "category": "park", "osm_id": 726521045, "osm_type": "way"}}, {"type": "Feature", "geometry": {"type": "Polygon", "coordinates": [[[77.5507071, 12.9344207], [77.5508064, 12.9345096], [77.5508184, 12.9344808], [77.5507755, 12.9343475], [77.5507071, 12.9344207]]]}, "properties": {"name": "Banni Mantapa", "category": "park", "osm_id": 737361889, "osm_type": "way"}}, {"type": "Feature", "geometry": {"type": "Polygon", "coordinates": [[[77.5269301, 12.9671458], [77.5270575, 12.9677032], [77.5271219, 12.9680848], [77.527138, 12.968158], [77.5272399, 12.9681554], [77.5272211, 12.9672014], [77.5272185, 12.9670811], [77.5270495, 12.9670916], [77.5270066, 12.9670916], [77.5270012, 12.9670446], [77.5268725, 12.9670472], [77.5268725, 12.9671439], [77.5269301, 12.9671458]]]}, "properties": {"name": "park 737530277", "category": "park", "osm_id": 737530277, "osm_type": "way"}}, {"type": "Feature", "geometry": {"type": "Polygon", "coordinates": [[[77.523348, 12.9415717], [77.5230597, 12.9411586], [77.5227942, 12.9408227], [77.5219293, 12.9412769], [77.5220207, 12.9413723], [77.522475, 12.9418461], [77.5225983, 12.9420357], [77.523348, 12.9415717]]]}, "properties": {"name": "Puneeth Rajkumar Multispeciality Hospital", "category": "hospital", "osm_id": 742634558, "osm_type": "way"}}, {"type": "Feature", "geometry": {"type": "Polygon", "coordinates": [[[77.5984555, 12.9245908], [77.5992164, 12.924499], [77.599196, 12.9243622], [77.5984324, 12.9244514], [77.5984555, 12.9245908]]]}, "properties": {"name": "park 755819914", "category": "park", "osm_id": 755819914, "osm_type": "way"}}, {"type": "Feature", "geometry": {"type": "Polygon", "coordinates": [[[77.598953, 12.9256698], [77.5990737, 12.9256881], [77.598945, 12.9246188], [77.598843, 12.9246293], [77.598953, 12.9256698]]]}, "properties": {"name": "park 755819915", "category": "park", "osm_id": 755819915, "osm_type": "way"}}, {"type": "Feature", "geometry": {"type": "Polygon", "coordinates": [[[77.5988296, 12.9261691], [77.5988135, 12.9257247], [77.5990764, 12.9257639], [77.5991173, 12.9261551], [77.5988296, 12.9261691]]]}, "properties": {"name": "park 755819916", "category": "park", "osm_id": 755819916, "osm_type": "way"}}, {"type": "Feature", "geometry": {"type": "Polygon", "coordinates": [[[77.5977097, 12.9260511], [77.5985082, 12.9261194], [77.598505, 12.9260624], [77.5977082, 12.9259748], [77.5977097, 12.9260511]]]}, "properties": {"name": "park 755822416", "category": "park", "osm_id": 755822416, "osm_type": "way"}}, {"type": "Feature", "geometry": {"type": "Polygon", "coordinates": [[[77.5255233, 12.9426291], [77.5254013, 12.9426696], [77.5254495, 12.9428107], [77.5256266, 12.9427937], [77.5255233, 12.9426291]]]}, "properties": {"name": "Natus Woman and Children Hospital", "category": "hospital", "osm_id": 774947265, "osm_type": "way"}}, {"type": "Feature", "geometry": {"type": "Polygon", "coordinates": [[[77.4718925, 12.8801006], [77.4709377, 12.8800718], [77.4710088, 12.8804967], [77.470597, 12.8805935], [77.4705219, 12.8803398], [77.4698688, 12.8805242], [77.4698728, 12.8806091], [77.4695564, 12.8806955], [77.4694799, 12.8805019], [77.468453, 12.8807698], [77.4683601, 12.8805045], [77.4698923, 12.8801024], [77.4705917, 12.8799189], [77.4708786, 12.8798076], [77.4711442, 12.8797045], [77.4724263, 12.8795005], [77.4722078, 12.8803002], [77.4718637, 12.8821201], [77.4717504, 12.8821021], [77.4714567, 12.880932], [77.4718724, 12.8809295], [77.4718925, 12.8801006]]]}, "properties": {"name": "park 775176967", "category": "park", "osm_id": 775176967, "osm_type": "way"}}, {"type": "Feature", "geometry": {"type": "Polygon", "coordinates": [[[77.5616785, 12.8862959], [77.5614617, 12.8863327], [77.5614263, 12.8861342], [77.5616431, 12.8860974], [77.5616785, 12.8862959]]]}, "properties": {"name": "park 775660969", "category": "park", "osm_id": 775660969, "osm_type": "way"}}, {"type": "Feature", "geometry": {"type": "Polygon", "coordinates": [[[77.5783489, 12.9841953], [77.5782811, 12.9841352], [77.5782503, 12.9840587], [77.5782778, 12.9839411], [77.5784158, 12.9839688], [77.5783918, 12.9840705], [77.5783489, 12.9841953]]]}, "properties": {"name": "park 779282869", "category": "park", "osm_id": 779282869, "osm_type": "way"}}, {"type": "Feature", "geometry": {"type": "Polygon", "coordinates": [[[77.4841912, 12.9368609], [77.4834766, 12.9369833], [77.4830594, 12.9346707], [77.4837774, 12.9344482], [77.4841912, 12.9368609]]]}, "properties": {"name": "Sonnenahalli Park", "category": "park", "osm_id": 780585926, "osm_type": "way"}}, {"type": "Feature", "geometry": {"type": "Polygon", "coordinates": [[[77.4888837, 12.923148], [77.4889121, 12.9231587], [77.4893745, 12.9219956], [77.4893461, 12.9219849], [77.4888837, 12.923148]]]}, "properties": {"name": "park 780585935", "category": "park", "osm_id": 780585935, "osm_type": "way"}}, {"type": "Feature", "geometry": {"type": "Polygon", "coordinates": [[[77.486795, 12.9242021], [77.4882061, 12.9237225], [77.4881945, 12.9236901], [77.4867834, 12.9241697], [77.486795, 12.9242021]]]}, "properties": {"name": "park 780585936", "category": "park", "osm_id": 780585936, "osm_type": "way"}}, {"type": "Feature", "geometry": {"type": "Polygon", "coordinates": [[[77.4853066, 12.9246851], [77.4867287, 12.9241922], [77.4867396, 12.9242221], [77.4853175, 12.924715], [77.4853066, 12.9246851]]]}, "properties": {"name": "park 780585937", "category": "park", "osm_id": 780585937, "osm_type": "way"}}, {"type": "Feature", "geometry": {"type": "Polygon", "coordinates": [[[77.4887951, 12.9231221], [77.48859, 12.9228064], [77.4885866, 12.9227391], [77.4886181, 12.9226659], [77.4889232, 12.922794], [77.4887951, 12.9231221]]]}, "properties": {"name": "park 780585944", "category": "park", "osm_id": 780585944, "osm_type": "way"}}, {"type": "Feature", "geometry": {"type": "Polygon", "coordinates": [[[77.489339, 12.9234764], [77.489634, 12.923496], [77.4906358, 12.9234293], [77.4905393, 12.9231535], [77.4904038, 12.9231391], [77.4897024, 12.922811], [77.4897359, 12.92313], [77.4897064, 12.9232803], [77.4895777, 12.9233731], [77.4893282, 12.9234398], [77.489339, 12.9234764]]]}, "properties": {"name": "park 780585948", "category": "park", "osm_id": 780585948, "osm_type": "way"}}, {"type": "Feature", "geometry": {"type": "Polygon", "coordinates": [[[77.4919272, 12.9252761], [77.4913999, 12.9254797], [77.4915018, 12.9256699], [77.4920782, 12.9254703], [77.4919272, 12.9252761]]]}, "properties": {"name": "Balmuri Ganesh Temple Children's Park", "category": "park", "osm_id": 780585949, "osm_type": "way"}}, {"type": "Feature", "geometry": {"type": "Polygon", "coordinates": [[[77.4880582, 12.9360565], [77.4876988, 12.9350416], [77.4874788, 12.9350913], [77.4877444, 12.9361317], [77.4880582, 12.9360565]]]}, "properties": {"name": "park 780593037", "category": "park", "osm_id": 780593037, "osm_type": "way"}}, {"type": "Feature", "geometry": {"type": "Polygon", "coordinates": [[[77.5692959, 12.9759448], [77.5694693, 12.9759748], [77.5695363, 12.9756072], [77.569363, 12.9755772], [77.5692959, 12.9759448]]]}, "properties": {"name": "Swami Vivekananda Memorial Park", "category": "park", "osm_id": 781001566, "osm_type": "way"}}, {"type": "Feature", "geometry": {"type": "Polygon", "coordinates": [[[77.572183, 12.9802439], [77.5720167, 12.9802217], [77.5718244, 12.9801271], [77.5716949, 12.9800481], [77.571756, 12.9800439], [77.5721757, 12.9796477], [77.572183, 12.9802439]]]}, "properties": {"name": "park 781001572", "category": "park", "osm_id": 781001572, "osm_type": "way"}}, {"type": "Feature", "geometry": {"type": "Polygon", "coordinates": [[[77.5502981, 12.9753419], [77.5499638, 12.9754962], [77.5497899, 12.9751384], [77.5496623, 12.9751973], [77.5495594, 12.9749856], [77.5500212, 12.9747724], [77.5502981, 12.9753419]]]}, "properties": {"name": "park 781543778", "category": "park", "osm_id": 781543778, "osm_type": "way"}}, {"type": "Feature", "geometry": {"type": "Polygon", "coordinates": [[[77.5513637, 12.9738926], [77.5512799, 12.973956], [77.5510827, 12.9738103], [77.5509164, 12.9737548], [77.5507113, 12.9736705], [77.55096, 12.9734633], [77.5513637, 12.9738926]]]}, "properties": {"name": "park 781588936", "category": "park", "osm_id": 781588936, "osm_type": "way"}}, {"type": "Feature", "geometry": {"type": "Polygon", "coordinates": [[[77.5496538, 12.9738391], [77.5500856, 12.9736104], [77.5504303, 12.973643], [77.5505939, 12.9736012], [77.5503163, 12.9732719], [77.5495988, 12.9737659], [77.5496538, 12.9738391]]]}, "properties": {"name": "park 781588941", "category": "park", "osm_id": 781588941, "osm_type": "way"}}, {"type": "Feature", "geometry": {"type": "Polygon", "coordinates": [[[77.5494097, 12.9730641], [77.5490208, 12.9725832], [77.549686, 12.9727844], [77.5494097, 12.9730641]]]}, "properties": {"name": "park 781588942", "category": "park", "osm_id": 781588942, "osm_type": "way"}}, {"type": "Feature", "geometry": {"type": "Polygon", "coordinates": [[[77.5474587, 12.9724413], [77.5473801, 12.9724737], [77.5480442, 12.9740032], [77.5481228, 12.9739707], [77.5474587, 12.9724413]]]}, "properties": {"name": "park 781588944", "category": "park", "osm_id": 781588944, "osm_type": "way"}}, {"type": "Feature", "geometry": {"type": "Polygon", "coordinates": [[[77.5098165, 12.815437], [77.509431, 12.8155287], [77.5092997, 12.8150036], [77.5096852, 12.8149119], [77.5098165, 12.815437]]]}, "properties": {"name": "park 781691010", "category": "park", "osm_id": 781691010, "osm_type": "way"}}, {"type": "Feature", "geometry": {"type": "Polygon", "coordinates": [[[77.5085035, 12.8134952], [77.5086873, 12.8134578], [77.5086473, 12.8132714], [77.5084635, 12.8133089], [77.5085035, 12.8134952]]]}, "properties": {"name": "Childrens Park", "category": "park", "osm_id": 781691020, "osm_type": "way"}}, {"type": "Feature", "geometry": {"type": "Polygon", "coordinates": [[[77.5936897, 12.9864346], [77.5935623, 12.9864908], [77.5933691, 12.9862269], [77.5935462, 12.9861536], [77.5936897, 12.9864346]]]}, "properties": {"name": "park 782014093", "category": "park", "osm_id": 782014093, "osm_type": "way"}}, {"type": "Feature", "geometry": {"type": "Polygon", "coordinates": [[[77.5451881, 12.8792199], [77.5447649, 12.8793608], [77.5447049, 12.8791896], [77.5451281, 12.8790487], [77.5451881, 12.8792199]]]}, "properties": {"name": "park 785509132", "category": "park", "osm_id": 785509132, "osm_type": "way"}}, {"type": "Feature", "geometry": {"type": "Polygon", "coordinates": [[[77.5900822, 12.9680756], [77.5905076, 12.9681173], [77.5905232, 12.9679667], [77.5900977, 12.967925], [77.5900822, 12.9680756]]]}, "properties": {"name": "Sampangi Tank Park", "category": "park", "osm_id": 796463146, "osm_type": "way"}}, {"type": "Feature", "geometry": {"type": "Polygon", "coordinates": [[[77.4538151, 12.8866822], [77.4539538, 12.8866326], [77.4540782, 12.8865882], [77.4542321, 12.8865331], [77.4543625, 12.8864865], [77.454304, 12.8863309], [77.4541359, 12.886391], [77.4539811, 12.8864463], [77.4537565, 12.8865266], [77.4537863, 12.8866057], [77.4538151, 12.8866822]]]}, "properties": {"name": "Elders", "category": "park", "osm_id": 803034508, "osm_type": "way"}}, {"type": "Feature", "geometry": {"type": "Polygon", "coordinates": [[[77.4381504, 12.8623584], [77.4381042, 12.8622766], [77.4380659, 12.8622013], [77.4381532, 12.8620986], [77.4382536, 12.8621555], [77.438328, 12.862309], [77.4382462, 12.8623509], [77.4381504, 12.8623584]]]}, "properties": {"name": "park 803034521", "category": "park", "osm_id": 803034521, "osm_type": "way"}}, {"type": "Feature", "geometry": {"type": "Polygon", "coordinates": [[[77.4371429, 12.8612438], [77.4370127, 12.8607447], [77.4371369, 12.8606727], [77.4373009, 12.8606168], [77.4373258, 12.8606304], [77.4373462, 12.860639], [77.4373635, 12.8606466], [77.4373882, 12.8606575], [77.4374263, 12.8607252], [77.4374942, 12.8610786], [77.4374657, 12.8612872], [77.4371429, 12.8612438]]]}, "properties": {"name": "park 803034527", "category": "park", "osm_id": 803034527, "osm_type": "way"}}, {"type": "Feature", "geometry": {"type": "Polygon", "coordinates": [[[77.4387776, 12.8601731], [77.4387366, 12.8599585], [77.4388194, 12.8599342], [77.4389088, 12.8599053], [77.4389603, 12.8598907], [77.4390238, 12.8600727], [77.4391248, 12.860421], [77.4390359, 12.8604443], [77.4389196, 12.860451], [77.4387776, 12.8601731]]]}, "properties": {"name": "Arch ground", "category": "park", "osm_id": 803034530, "osm_type": "way"}}, {"type": "Feature", "geometry": {"type": "Polygon", "coordinates": [[[77.5804772, 12.8960186], [77.5805514, 12.8960284], [77.580554, 12.8960165], [77.5805614, 12.8959834], [77.5804872, 12.8959736], [77.5804772, 12.8960186]]]}, "properties": {"name": "park 817302688", "category": "park", "osm_id": 817302688, "osm_type": "way"}}, {"type": "Feature", "geometry": {"type": "Polygon", "coordinates": [[[77.5806176, 12.895956], [77.5806456, 12.895957], [77.5806777, 12.8958095], [77.5806517, 12.8958075], [77.5806176, 12.895956]]]}, "properties": {"name": "park 817302689", "category": "park", "osm_id": 817302689, "osm_type": "way"}}, {"type": "Feature", "geometry": {"type": "Polygon", "coordinates": [[[77.4644969, 12.883132], [77.4645461, 12.8829027], [77.4645646, 12.8828516], [77.4644906, 12.882808], [77.4644182, 12.8828666], [77.464278, 12.8829252], [77.4643278, 12.8830507], [77.4643438, 12.8830746], [77.464364, 12.8830953], [77.4643877, 12.8831121], [77.4644222, 12.8831271], [77.4644592, 12.8831338], [77.4644969, 12.883132]]]}, "properties": {"name": "Amphitheater", "category": "park", "osm_id": 851777167, "osm_type": "way"}}, {"type": "Feature", "geometry": {"type": "Polygon", "coordinates": [[[77.4984679, 12.9308537], [77.4978509, 12.9290786], [77.4983177, 12.929029], [77.4984947, 12.9308432], [77.4984679, 12.9308537]]]}, "properties": {"name": "park 886184272", "category": "park", "osm_id": 886184272, "osm_type": "way"}}, {"type": "Feature", "geometry": {"type": "Polygon", "coordinates": [[[77.5408421, 12.9975635], [77.5411485, 12.9974171], [77.5411358, 12.9973701], [77.5408126, 12.9974857], [77.5408421, 12.9975635]]]}, "properties": {"name": "park 909240053", "category": "park", "osm_id": 909240053, "osm_type": "way"}}, {"type": "Feature", "geometry": {"type": "Polygon", "coordinates": [[[77.5409782, 12.9976308], [77.540838, 12.9976712], [77.5406774, 12.997718], [77.5406647, 12.9976704], [77.5409648, 12.9975517], [77.5409782, 12.9976308]]]}, "properties": {"name": "park 909240054", "category": "park", "osm_id": 909240054, "osm_type": "way"}}, {"type": "Feature", "geometry": {"type": "Polygon", "coordinates": [[[77.5644287, 12.8731022], [77.5629669, 12.8734604], [77.5629079, 12.873178], [77.5636965, 12.8729976], [77.5643375, 12.8727858], [77.5644287, 12.8731022]]]}, "properties": {"name": "park 946132227", "category": "park", "osm_id": 946132227, "osm_type": "way"}}, {"type": "Feature", "geometry": {"type": "Polygon", "coordinates": [[[77.5259744, 12.9396947], [77.5263894, 12.9397065], [77.5263977, 12.9394281], [77.5259827, 12.9394164], [77.5259744, 12.9396947]]]}, "properties": {"name": "park 946132235", "category": "park", "osm_id": 946132235, "osm_type": "way"}}, {"type": "Feature", "geometry": {"type": "Polygon", "coordinates": [[[77.5262864, 12.9412161], [77.5262502, 12.9411011], [77.5263333, 12.941075], [77.5264446, 12.9410332], [77.5264809, 12.9410005], [77.5264929, 12.9409443], [77.526399, 12.9405953], [77.5264646, 12.9405738], [77.5266458, 12.9413221], [77.5263414, 12.9414031], [77.5262864, 12.9412161]]]}, "properties": {"name": "park 946132246", "category": "park", "osm_id": 946132246, "osm_type": "way"}}, {"type": "Feature", "geometry": {"type": "Polygon", "coordinates": [[[77.4450428, 12.8835393], [77.4453813, 12.8835329], [77.44589, 12.8833477], [77.4463049, 12.8833264], [77.4462809, 12.8822111], [77.4449793, 12.8820799], [77.4449593, 12.8824732], [77.4450365, 12.8825095], [77.4450823, 12.8826991], [77.4450451, 12.8827717], [77.4449994, 12.8828163], [77.4449822, 12.8830673], [77.4450108, 12.8831538], [77.4450428, 12.8835393]]]}, "properties": {"name": "DBIT Playgroud", "category": "park", "osm_id": 984075710, "osm_type": "way"}}, {"type": "Feature", "geometry": {"type": "Polygon", "coordinates": [[[77.469857, 12.8804881], [77.4700033, 12.8804455], [77.469934, 12.8802065], [77.4697838, 12.8802482], [77.469857, 12.8804881]]]}, "properties": {"name": "Basket Ball Court", "category": "park", "osm_id": 985270734, "osm_type": "way"}}, {"type": "Feature", "geometry": {"type": "Polygon", "coordinates": [[[77.4701351, 12.8804148], [77.4703336, 12.8803564], [77.4702757, 12.8801601], [77.470079, 12.8802203], [77.4701351, 12.8804148]]]}, "properties": {"name": "Badminton Court", "category": "park", "osm_id": 985270735, "osm_type": "way"}}, {"type": "Feature", "geometry": {"type": "Polygon", "coordinates": [[[77.5714513, 12.9442016], [77.5714536, 12.9441422], [77.5714827, 12.9441425], [77.571481, 12.9440001], [77.5716241, 12.9440021], [77.5716219, 12.9440997], [77.5717292, 12.9441019], [77.5717206, 12.944203], [77.5714513, 12.9442016]]]}, "properties": {"name": "park 990830460", "category": "park", "osm_id": 990830460, "osm_type": "way"}}, {"type": "Feature", "geometry": {"type": "Polygon", "coordinates": [[[77.5369361, 12.9834169], [77.537095, 12.9829636], [77.5371808, 12.9826903], [77.5371675, 12.9825603], [77.5363407, 12.9828027], [77.5363675, 12.982889], [77.5358551, 12.9830406], [77.5359946, 12.9835489], [77.5363889, 12.9834966], [77.5364761, 12.9834875], [77.5369361, 12.9834169]]]}, "properties": {"name": "Government Homeopathic Hospital", "category": "hospital", "osm_id": 991531036, "osm_type": "way"}}, {"type": "Feature", "geometry": {"type": "Polygon", "coordinates": [[[77.5627255, 12.9778716], [77.5635155, 12.9778458], [77.5633621, 12.9782551], [77.5629003, 12.9782082], [77.562912, 12.9779949], [77.5627148, 12.977986], [77.5627255, 12.9778716]]]}, "properties": {"name": "park 991965856", "category": "park", "osm_id": 991965856, "osm_type": "way"}}, {"type": "Feature", "geometry": {"type": "Polygon", "coordinates": [[[77.5791557, 12.9866991], [77.5795658, 12.9863918], [77.5792829, 12.9860175], [77.5788564, 12.9863154], [77.5791557, 12.9866991]]]}, "properties": {"name": "Dr. P.R. Desai Hospital Pvt Ltd", "category": "hospital", "osm_id": 997923996, "osm_type": "way"}}, {"type": "Feature", "geometry": {"type": "Polygon", "coordinates": [[[77.5991001, 12.9896448], [77.5993397, 12.9902995], [77.5990625, 12.9903642], [77.5990326, 12.9902785], [77.5987889, 12.9903488], [77.5986505, 12.9900245], [77.5985954, 12.9898133], [77.5991001, 12.9896448]]]}, "properties": {"name": "Shifa Hospital, Bengaluru Urban", "category": "hospital", "osm_id": 1039668732, "osm_type": "way"}}, {"type": "Feature", "geometry": {"type": "Polygon", "coordinates": [[[77.5991466, 12.9842853], [77.5992302, 12.9844893], [77.5988922, 12.9846235], [77.5987557, 12.984678], [77.5985692, 12.9841749], [77.5991466, 12.9842853]]]}, "properties": {"name": "Tasker Town Park", "category": "park", "osm_id": 1039668733, "osm_type": "way"}}, {"type": "Feature", "geometry": {"type": "Polygon", "coordinates": [[[77.5867794, 12.9684814], [77.5869178, 12.9683571], [77.5871589, 12.9681055], [77.587263, 12.9681503], [77.5872076, 12.9684505], [77.5871514, 12.9687546], [77.5867794, 12.9684814]]]}, "properties": {"name": "Police Memorial Park", "category": "park", "osm_id": 1047676498, "osm_type": "way"}}, {"type": "Feature", "geometry": {"type": "Polygon", "coordinates": [[[77.5345974, 12.9566089], [77.5345168, 12.9565824], [77.534239, 12.9573828], [77.5343195, 12.9574094], [77.5345974, 12.9566089]]]}, "properties": {"name": "park 1050580095", "category": "park", "osm_id": 1050580095, "osm_type": "way"}}, {"type": "Feature", "geometry": {"type": "Polygon", "coordinates": [[[77.5157932, 12.9525954], [77.5159853, 12.952446], [77.5162791, 12.9528812], [77.5160867, 12.9528828], [77.5160832, 12.9528565], [77.5160455, 12.9528579], [77.5160312, 12.9528585], [77.5157932, 12.9525954]]]}, "properties": {"name": "park 1054241400", "category": "park", "osm_id": 1054241400, "osm_type": "way"}}, {"type": "Feature", "geometry": {"type": "Polygon", "coordinates": [[[77.5174532, 12.9552443], [77.5172541, 12.9552337], [77.5172607, 12.9551154], [77.5174598, 12.955126], [77.5174532, 12.9552443]]]}, "properties": {"name": "park 1054241426", "category": "park", "osm_id": 1054241426, "osm_type": "way"}}, {"type": "Feature", "geometry": {"type": "Polygon", "coordinates": [[[77.5141408, 12.9622262], [77.5135894, 12.9624046], [77.5133762, 12.9618408], [77.5139382, 12.961652], [77.5141408, 12.9622262]]]}, "properties": {"name": "park 1054488994", "category": "park", "osm_id": 1054488994, "osm_type": "way"}}, {"type": "Feature", "geometry": {"type": "Polygon", "coordinates": [[[77.5134675, 12.9581455], [77.5132978, 12.9582084], [77.5131677, 12.9582842], [77.5129117, 12.9585628], [77.5126366, 12.9588736], [77.5124678, 12.9590015], [77.5122153, 12.9592204], [77.5120047, 12.9592875], [77.5118601, 12.9592213], [77.511788, 12.9590905], [77.5118065, 12.9588135], [77.5119196, 12.9586888], [77.5120425, 12.9583286], [77.5119741, 12.9574739], [77.5120144, 12.9568936], [77.5120801, 12.9568792], [77.5124931, 12.9586724], [77.5125267, 12.9588174], [77.5126339, 12.958756], [77.512752, 12.9586319], [77.5129075, 12.9584424], [77.5131194, 12.9581365], [77.5131851, 12.9581039], [77.5134386, 12.958028], [77.5134675, 12.9581455]]]}, "properties": {"name": "park 1054488995", "category": "park", "osm_id": 1054488995, "osm_type": "way"}}, {"type": "Feature", "geometry": {"type": "Polygon", "coordinates": [[[77.512465, 12.9601152], [77.5126639, 12.9600479], [77.5125494, 12.9595611], [77.5125356, 12.9593771], [77.5123429, 12.9594173], [77.5119138, 12.9594984], [77.5117555, 12.959467], [77.5117468, 12.9595382], [77.5114752, 12.9597114], [77.5114856, 12.959779], [77.5114886, 12.9597989], [77.5120412, 12.9596696], [77.5120639, 12.959829], [77.512296, 12.9597794], [77.5123885, 12.959948], [77.512465, 12.9601152]]]}, "properties": {"name": "park 1054488996", "category": "park", "osm_id": 1054488996, "osm_type": "way"}}, {"type": "Feature", "geometry": {"type": "Polygon", "coordinates": [[[77.5144082, 12.9595799], [77.5142564, 12.9596275], [77.5140995, 12.9596768], [77.5140307, 12.9594686], [77.5139746, 12.9592989], [77.5141352, 12.9592486], [77.5142833, 12.9592021], [77.5144082, 12.9595799]]]}, "properties": {"name": "BDA Park, 12th Block Nagarbhavi", "category": "park", "osm_id": 1054489000, "osm_type": "way"}}, {"type": "Feature", "geometry": {"type": "Polygon", "coordinates": [[[77.507138, 12.9291074], [77.5070429, 12.9288943], [77.506537, 12.9282159], [77.5070268, 12.9280696], [77.5071046, 12.9281898], [77.507409, 12.928148], [77.5075042, 12.9289898], [77.507138, 12.9291074]]]}, "properties": {"name": "park 1054822213", "category": "park", "osm_id": 1054822213, "osm_type": "way"}}, {"type": "Feature", "geometry": {"type": "Polygon", "coordinates": [[[77.5525211, 12.9976269], [77.552501, 12.9969055], [77.5528295, 12.9968859], [77.5536932, 12.9960549], [77.5542028, 12.9963933], [77.553471, 12.9972737], [77.5532453, 12.9976465], [77.5528926, 12.9977079], [77.5525211, 12.9976269]]]}, "properties": {"name": "Navaranga Park", "category": "park", "osm_id": 1068852047, "osm_type": "way"}}, {"type": "Feature", "geometry": {"type": "Polygon", "coordinates": [[[77.5569447, 12.9850791], [77.5570394, 12.9850109], [77.5569034, 12.9848314], [77.5568087, 12.9848995], [77.5569447, 12.9850791]]]}, "properties": {"name": "hospital 1076618915", "category": "hospital", "osm_id": 1076618915, "osm_type": "way"}}, {"type": "Feature", "geometry": {"type": "Polygon", "coordinates": [[[77.5945031, 12.9641965], [77.5945144, 12.9644864], [77.5949971, 12.9644211], [77.5949615, 12.9642293], [77.5949136, 12.964236], [77.5949165, 12.9642772], [77.5947808, 12.9642862], [77.5947784, 12.9642647], [77.5946312, 12.9643687], [77.5945031, 12.9641965]]]}, "properties": {"name": "park 1082449592", "category": "park", "osm_id": 1082449592, "osm_type": "way"}}, {"type": "Feature", "geometry": {"type": "Polygon", "coordinates": [[[77.5848994, 12.9627735], [77.5851895, 12.9626557], [77.585483, 12.9625365], [77.5856711, 12.9635445], [77.5854835, 12.9635895], [77.585433, 12.9635875], [77.5854364, 12.9635634], [77.585437, 12.9635393], [77.5854289, 12.9635074], [77.5854088, 12.9634593], [77.5853301, 12.9633261], [77.5853106, 12.9633037], [77.5852865, 12.9632958], [77.5852474, 12.9632953], [77.5848994, 12.9627735]]]}, "properties": {"name": "Canara Bank Park", "category": "park", "osm_id": 1082449597, "osm_type": "way"}}, {"type": "Feature", "geometry": {"type": "Polygon", "coordinates": [[[77.5517486, 12.9844918], [77.5520249, 12.9844846], [77.5520255, 12.9844258], [77.5519497, 12.9842095], [77.5518465, 12.9838946], [77.5517829, 12.9835676], [77.5513905, 12.983621], [77.5514133, 12.9839357], [77.5516044, 12.983939], [77.5516158, 12.9843637], [77.551752, 12.9843631], [77.5517486, 12.9844918]]]}, "properties": {"name": "park 1084363608", "category": "park", "osm_id": 1084363608, "osm_type": "way"}}, {"type": "Feature", "geometry": {"type": "Polygon", "coordinates": [[[77.5492909, 12.9833573], [77.5497703, 12.9833471], [77.5497671, 12.9832049], [77.5497629, 12.9830199], [77.5492836, 12.98303], [77.5492909, 12.9833573]]]}, "properties": {"name": "park 1084363614", "category": "park", "osm_id": 1084363614, "osm_type": "way"}}, {"type": "Feature", "geometry": {"type": "Polygon", "coordinates": [[[77.5932375, 12.9677702], [77.5932271, 12.9677191], [77.5935074, 12.9676652], [77.5935178, 12.9677162], [77.5932375, 12.9677702]]]}, "properties": {"name": "park 1091791761", "category": "park", "osm_id": 1091791761, "osm_type": "way"}}, {"type": "Feature", "geometry": {"type": "Polygon", "coordinates": [[[77.5446755, 12.9909705], [77.5429413, 12.9911161], [77.5429297, 12.9910454], [77.5430985, 12.9910049], [77.5432455, 12.9909665], [77.5433842, 12.990481], [77.5434983, 12.9902035], [77.543702, 12.9901796], [77.543938, 12.9901398], [77.5445019, 12.9899809], [77.5445956, 12.9906479], [77.5446314, 12.9907917], [77.5446755, 12.9909705]]]}, "properties": {"name": "Netaji Subash Chandra Bose Ground", "category": "park", "osm_id": 1092672116, "osm_type": "way"}}, {"type": "Feature", "geometry": {"type": "Polygon", "coordinates": [[[77.5738849, 12.9943378], [77.5741571, 12.9943704], [77.5739653, 12.9939921], [77.5738849, 12.9943378]]]}, "properties": {"name": "park 1113050872", "category": "park", "osm_id": 1113050872, "osm_type": "way"}}, {"type": "Feature", "geometry": {"type": "Polygon", "coordinates": [[[77.5343692, 12.8618505], [77.5346535, 12.8617773], [77.5356594, 12.8612464], [77.5355226, 12.8610163], [77.534211, 12.8615811], [77.5343692, 12.8618505]]]}, "properties": {"name": "park 1118946146", "category": "park", "osm_id": 1118946146, "osm_type": "way"}}, {"type": "Feature", "geometry": {"type": "Polygon", "coordinates": [[[77.5975024, 12.9668725], [77.5976451, 12.9668666], [77.5977669, 12.9669032], [77.5977698, 12.9669803], [77.5976411, 12.967049], [77.5975111, 12.9670615], [77.5973703, 12.9670661], [77.5972489, 12.9670282], [77.5972469, 12.9669511], [77.5973763, 12.9668838], [77.5975024, 12.9668725]]]}, "properties": {"name": "Oval Lawn", "category": "park", "osm_id": 1124089055, "osm_type": "way"}}, {"type": "Feature", "geometry": {"type": "Polygon", "coordinates": [[[77.5973936, 12.9734794], [77.5973596, 12.9733894], [77.5967741, 12.9736345], [77.5969592, 12.9738277], [77.5971155, 12.9736783], [77.5973936, 12.9734794]]]}, "properties": {"name": "park 1125334900", "category": "park", "osm_id": 1125334900, "osm_type": "way"}}, {"type": "Feature", "geometry": {"type": "Polygon", "coordinates": [[[77.59632, 12.9728803], [77.5966904, 12.9727334], [77.5965672, 12.9724037], [77.5961756, 12.9725485], [77.59632, 12.9728803]]]}, "properties": {"name": "park 1125334907", "category": "park", "osm_id": 1125334907, "osm_type": "way"}}, {"type": "Feature", "geometry": {"type": "Polygon", "coordinates": [[[77.5974054, 12.9724922], [77.597098, 12.9726067], [77.5969489, 12.972257], [77.5969198, 12.9721337], [77.5969867, 12.9721268], [77.5969616, 12.9719058], [77.5971382, 12.9718811], [77.5971575, 12.9720122], [77.5973147, 12.9719902], [77.5973266, 12.9720913], [77.5973421, 12.9720897], [77.5973577, 12.9720881], [77.5973706, 12.9721967], [77.5974054, 12.9724922]]]}, "properties": {"name": "park 1125334908", "category": "park", "osm_id": 1125334908, "osm_type": "way"}}, {"type": "Feature", "geometry": {"type": "Polygon", "coordinates": [[[77.5957527, 12.9211888], [77.5954491, 12.9211927], [77.5954506, 12.9213093], [77.5952652, 12.9213116], [77.5952681, 12.9215286], [77.5957571, 12.9215225], [77.5957527, 12.9211888]]]}, "properties": {"name": "park 1125669868", "category": "park", "osm_id": 1125669868, "osm_type": "way"}}, {"type": "Feature", "geometry": {"type": "Polygon", "coordinates": [[[77.5404881, 12.8579696], [77.5404619, 12.8579067], [77.5406603, 12.8578194], [77.5406858, 12.8578867], [77.5407691, 12.8578538], [77.5406613, 12.8576079], [77.5406117, 12.8576262], [77.5405839, 12.8576031], [77.5404133, 12.8576751], [77.5403099, 12.8577265], [77.5402969, 12.8577476], [77.540286, 12.8577849], [77.5403932, 12.8580034], [77.5404881, 12.8579696]]]}, "properties": {"name": "park 1127829727", "category": "park", "osm_id": 1127829727, "osm_type": "way"}}, {"type": "Feature", "geometry": {"type": "Polygon", "coordinates": [[[77.5596746, 12.9883175], [77.560398, 12.9884527], [77.560404, 12.9880077], [77.5598488, 12.9880155], [77.5598239, 12.9880423], [77.5596746, 12.9883175]]]}, "properties": {"name": "Suguna Hospital", "category": "hospital", "osm_id": 1141353122, "osm_type": "way"}}, {"type": "Feature", "geometry": {"type": "Polygon", "coordinates": [[[77.5986409, 12.9188682], [77.5984412, 12.9188755], [77.5984298, 12.9185776], [77.5986295, 12.9185704], [77.5986409, 12.9188682]]]}, "properties": {"name": "park 1141414944", "category": "park", "osm_id": 1141414944, "osm_type": "way"}}, {"type": "Feature", "geometry": {"type": "Polygon", "coordinates": [[[77.5351902, 12.9952422], [77.5354325, 12.9952102], [77.5353965, 12.9949507], [77.5351542, 12.9949826], [77.5351902, 12.9952422]]]}, "properties": {"name": "park 1147338815", "category": "park", "osm_id": 1147338815, "osm_type": "way"}}, {"type": "Feature", "geometry": {"type": "Polygon", "coordinates": [[[77.5992803, 12.9844684], [77.5992163, 12.9842986], [77.5995469, 12.9843618], [77.5992803, 12.9844684]]]}, "properties": {"name": "park 1152469183", "category": "park", "osm_id": 1152469183, "osm_type": "way"}}, {"type": "Feature", "geometry": {"type": "Polygon", "coordinates": [[[77.4931463, 12.9227388], [77.4929465, 12.9228398], [77.492449, 12.9226215], [77.4925214, 12.9225221], [77.4927521, 12.9226398], [77.4930927, 12.9225326], [77.4931463, 12.9227388]]]}, "properties": {"name": "park 1157248001", "category": "park", "osm_id": 1157248001, "osm_type": "way"}}, {"type": "Feature", "geometry": {"type": "Polygon", "coordinates": [[[77.5943018, 12.9132439], [77.5934013, 12.9126916], [77.5934744, 12.9125629], [77.5943193, 12.9130753], [77.5943018, 12.9132439]]]}, "properties": {"name": "park 1157395073", "category": "park", "osm_id": 1157395073, "osm_type": "way"}}, {"type": "Feature", "geometry": {"type": "Polygon", "coordinates": [[[77.5933483, 12.9126491], [77.5934234, 12.912538], [77.5923277, 12.9118596], [77.592321, 12.9119982], [77.5933483, 12.9126491]]]}, "properties": {"name": "park 1157395074", "category": "park", "osm_id": 1157395074, "osm_type": "way"}}, {"type": "Feature", "geometry": {"type": "Polygon", "coordinates": [[[77.5396265, 12.9345739], [77.5399335, 12.9356677], [77.5398745, 12.9356821], [77.539916, 12.9358089], [77.5396022, 12.9359043], [77.5392357, 12.934646], [77.5396265, 12.9345739]]]}, "properties": {"name": "Vidyanagara Park", "category": "park", "osm_id": 1157397997, "osm_type": "way"}}, {"type": "Feature", "geometry": {"type": "Polygon", "coordinates": [[[77.600027, 12.9975145], [77.5997695, 12.9973864], [77.5998192, 12.9972793], [77.6002094, 12.9970976], [77.6002456, 12.9971159], [77.600027, 12.9975145]]]}, "properties": {"name": "park 1160844624", "category": "park", "osm_id": 1160844624, "osm_type": "way"}}, {"type": "Feature", "geometry": {"type": "Polygon", "coordinates": [[[77.5742818, 12.9989601], [77.5743059, 12.9989603], [77.5744989, 12.9989619], [77.5744952, 12.9993902], [77.574109, 12.999387], [77.5741111, 12.9991427], [77.5742818, 12.9989601]]]}, "properties": {"name": "Swimming Pool Extension Park", "category": "park", "osm_id": 1164638921, "osm_type": "way"}}, {"type": "Feature", "geometry": {"type": "Polygon", "coordinates": [[[77.5747303, 12.9615986], [77.5744868, 12.9609543], [77.5748129, 12.9608354], [77.5750945, 12.9613477], [77.5750141, 12.9613804], [77.5750438, 12.9614658], [77.5747303, 12.9615986]]]}, "properties": {"name": "park 1167151322", "category": "park", "osm_id": 1167151322, "osm_type": "way"}}, {"type": "Feature", "geometry": {"type": "Polygon", "coordinates": [[[77.5562078, 12.8726237], [77.5567389, 12.872425], [77.5567979, 12.8720197], [77.5563285, 12.8716222], [77.5561168, 12.8715294], [77.5556365, 12.8713189], [77.5552663, 12.871447], [77.5556284, 12.8723622], [77.5560442, 12.8722105], [77.5562078, 12.8726237]]]}, "properties": {"name": "park 1176579508", "category": "park", "osm_id": 1176579508, "osm_type": "way"}}, {"type": "Feature", "geometry": {"type": "Polygon", "coordinates": [[[77.560502, 12.8790769], [77.5596088, 12.8791083], [77.5593325, 12.878971], [77.5589369, 12.8789488], [77.5589302, 12.8788311], [77.559586, 12.8785618], [77.5597242, 12.8785487], [77.5601654, 12.8785383], [77.5602686, 12.8784337], [77.5604777, 12.8784258], [77.5604946, 12.8784252], [77.560502, 12.8790769]]]}, "properties": {"name": "park 1176579522", "category": "park", "osm_id": 1176579522, "osm_type": "way"}}, {"type": "Feature", "geometry": {"type": "Polygon", "coordinates": [[[77.5668417, 12.8844458], [77.5673877, 12.8843361], [77.5672414, 12.8836446], [77.5666954, 12.8837543], [77.5668417, 12.8844458]]]}, "properties": {"name": "park 1176579529", "category": "park", "osm_id": 1176579529, "osm_type": "way"}}, {"type": "Feature", "geometry": {"type": "Polygon", "coordinates": [[[77.5386834, 12.9167801], [77.5388791, 12.91673], [77.5385443, 12.9154881], [77.5383486, 12.9155382], [77.5386834, 12.9167801]]]}, "properties": {"name": "park 1182315654", "category": "park", "osm_id": 1182315654, "osm_type": "way"}}, {"type": "Feature", "geometry": {"type": "Polygon", "coordinates": [[[77.5211835, 12.9269742], [77.5223475, 12.9266631], [77.5221571, 12.9258632], [77.5210091, 12.926271], [77.5211835, 12.9269742]]]}, "properties": {"name": "SS Sparsh Hospital", "category": "hospital", "osm_id": 1182315656, "osm_type": "way"}}, {"type": "Feature", "geometry": {"type": "Polygon", "coordinates": [[[77.5636234, 12.8874028], [77.5635557, 12.8873184], [77.5632593, 12.8871302], [77.5627953, 12.8869118], [77.5623776, 12.8870055], [77.5632861, 12.8877838], [77.5636234, 12.8874028]]]}, "properties": {"name": "park 1183470408", "category": "park", "osm_id": 1183470408, "osm_type": "way"}}, {"type": "Feature", "geometry": {"type": "Polygon", "coordinates": [[[77.5956736, 12.9805569], [77.5954447, 12.9803743], [77.5955804, 12.9802128], [77.5958093, 12.9803955], [77.5956736, 12.9805569]]]}, "properties": {"name": "park 1184849335", "category": "park", "osm_id": 1184849335, "osm_type": "way"}}, {"type": "Feature", "geometry": {"type": "Polygon", "coordinates": [[[77.5887695, 12.9625154], [77.5883302, 12.962139], [77.5884221, 12.9620371], [77.5888614, 12.9624135], [77.5887695, 12.9625154]]]}, "properties": {"name": "park 1186431416", "category": "park", "osm_id": 1186431416, "osm_type": "way"}}, {"type": "Feature", "geometry": {"type": "Polygon", "coordinates": [[[77.4729529, 12.883782], [77.4735499, 12.883644], [77.4734788, 12.883352], [77.4728819, 12.88349], [77.4729529, 12.883782]]]}, "properties": {"name": "park 1186568744", "category": "park", "osm_id": 1186568744, "osm_type": "way"}}, {"type": "Feature", "geometry": {"type": "Polygon", "coordinates": [[[77.5733958, 12.857177], [77.5735908, 12.8571221], [77.5730187, 12.8551882], [77.5728238, 12.855243], [77.5733958, 12.857177]]]}, "properties": {"name": "park 1189299277", "category": "park", "osm_id": 1189299277, "osm_type": "way"}}, {"type": "Feature", "geometry": {"type": "Polygon", "coordinates": [[[77.5724003, 12.8521856], [77.5726122, 12.852145], [77.5728469, 12.8545508], [77.5729769, 12.8550281], [77.5727811, 12.8550595], [77.5726444, 12.8546306], [77.5724003, 12.8521856]]]}, "properties": {"name": "park 1189299278", "category": "park", "osm_id": 1189299278, "osm_type": "way"}}, {"type": "Feature", "geometry": {"type": "Polygon", "coordinates": [[[77.5743073, 12.8519306], [77.5742765, 12.8517136], [77.5778867, 12.8523739], [77.5779591, 12.8526184], [77.5743073, 12.8519306]]]}, "properties": {"name": "park 1189440573", "category": "park", "osm_id": 1189440573, "osm_type": "way"}}, {"type": "Feature", "geometry": {"type": "Polygon", "coordinates": [[[77.5416407, 12.8786573], [77.5418298, 12.8785004], [77.5413336, 12.8779813], [77.541123, 12.8780533], [77.5416407, 12.8786573]]]}, "properties": {"name": "park 1189542641", "category": "park", "osm_id": 1189542641, "osm_type": "way"}}, {"type": "Feature", "geometry": {"type": "Polygon", "coordinates": [[[77.5410895, 12.8780166], [77.5413135, 12.877933], [77.5404243, 12.8769276], [77.5401963, 12.8770165], [77.5410895, 12.8780166]]]}, "properties": {"name": "park 1189542642", "category": "park", "osm_id": 1189542642, "osm_type": "way"}}, {"type": "Feature", "geometry": {"type": "Polygon", "coordinates": [[[77.5918793, 12.9952161], [77.5921694, 12.995187], [77.5921503, 12.9950065], [77.5918602, 12.9950357], [77.5918793, 12.9952161]]]}, "properties": {"name": "park 1191381541", "category": "park", "osm_id": 1191381541, "osm_type": "way"}}, {"type": "Feature", "geometry": {"type": "Polygon", "coordinates": [[[77.5132865, 12.8598818], [77.5131221, 12.8599076], [77.5130457, 12.8592878], [77.5130363, 12.8591806], [77.5131141, 12.8589649], [77.5131825, 12.8586237], [77.5131597, 12.8582144], [77.5136438, 12.8581961], [77.5136778, 12.8589899], [77.513153, 12.8590473], [77.5132865, 12.8598818]]]}, "properties": {"name": "park 1195520603", "category": "park", "osm_id": 1195520603, "osm_type": "way"}}, {"type": "Feature", "geometry": {"type": "Polygon", "coordinates": [[[77.5937207, 12.9952768], [77.5935079, 12.9948082], [77.5937641, 12.9946841], [77.5940646, 12.9952928], [77.5937207, 12.9952768]]]}, "properties": {"name": "BBMP Hospital", "category": "hospital", "osm_id": 1195581196, "osm_type": "way"}}, {"type": "Feature", "geometry": {"type": "Polygon", "coordinates": [[[77.5933317, 12.8553517], [77.5932707, 12.8548448], [77.5936001, 12.8548072], [77.5935743, 12.8545923], [77.5937535, 12.8545718], [77.5937892, 12.8548688], [77.5939646, 12.8548487], [77.5939745, 12.8549308], [77.5937166, 12.8549603], [77.593735, 12.8551131], [77.5935043, 12.8551395], [77.5935271, 12.8553294], [77.5933317, 12.8553517]]]}, "properties": {"name": "park 1199400813", "category": "park", "osm_id": 1199400813, "osm_type": "way"}}, {"type": "Feature", "geometry": {"type": "Polygon", "coordinates": [[[77.5906499, 12.868599], [77.5906405, 12.8685595], [77.5910706, 12.868462], [77.5911367, 12.868739], [77.5907065, 12.8688365], [77.5906499, 12.868599]]]}, "properties": {"name": "park 1199401166", "category": "park", "osm_id": 1199401166, "osm_type": "way"}}, {"type": "Feature", "geometry": {"type": "Polygon", "coordinates": [[[77.5905906, 12.8683816], [77.5905971, 12.8684088], [77.5910346, 12.8683095], [77.5909692, 12.8680354], [77.5905316, 12.8681345], [77.5905906, 12.8683816]]]}, "properties": {"name": "park 1199401167", "category": "park", "osm_id": 1199401167, "osm_type": "way"}}, {"type": "Feature", "geometry": {"type": "Polygon", "coordinates": [[[77.5876624, 12.8454303], [77.5878753, 12.8454178], [77.5878783, 12.8453656], [77.58789, 12.8453145], [77.5879087, 12.8452691], [77.5879343, 12.8452269], [77.5879102, 12.8446946], [77.5869639, 12.844466], [77.5869891, 12.8448066], [77.5876366, 12.8447915], [77.5876624, 12.8454303]]]}, "properties": {"name": "park 1199410733", "category": "park", "osm_id": 1199410733, "osm_type": "way"}}, {"type": "Feature", "geometry": {"type": "Polygon", "coordinates": [[[77.5865626, 12.8452191], [77.5865878, 12.8455146], [77.5866448, 12.8455113], [77.5866859, 12.8459585], [77.5866469, 12.8459923], [77.5860314, 12.8452877], [77.5859532, 12.8451982], [77.5865626, 12.8452191]]]}, "properties": {"name": "park 1199410737", "category": "park", "osm_id": 1199410737, "osm_type": "way"}}, {"type": "Feature", "geometry": {"type": "Polygon", "coordinates": [[[77.587057, 12.8460435], [77.5873294, 12.8463776], [77.5873498, 12.8464146], [77.5873775, 12.8464468], [77.5874113, 12.8464729], [77.5874499, 12.8464916], [77.5874916, 12.8465023], [77.5875346, 12.8465044], [77.5875735, 12.8464988], [77.5876106, 12.8464863], [77.5876446, 12.8464673], [77.5876744, 12.8464424], [77.587699, 12.8464126], [77.5877174, 12.8463788], [77.5877291, 12.8463423], [77.5876801, 12.8456172], [77.5878914, 12.8456127], [77.5879066, 12.8456703], [77.5879303, 12.8457251], [77.5879576, 12.8457701], [77.5879906, 12.8458114], [77.5880577, 12.8468756], [77.5875593, 12.8468884], [77.5873534, 12.8468012], [77.5868739, 12.8462522], [77.586919, 12.846181], [77.587057, 12.8460435]]]}, "properties": {"name": "park 1199410738", "category": "park", "osm_id": 1199410738, "osm_type": "way"}}, {"type": "Feature", "geometry": {"type": "Polygon", "coordinates": [[[77.5650644, 12.9453111], [77.5647345, 12.9456182], [77.5647224, 12.9452967], [77.5650644, 12.9453111]]]}, "properties": {"name": "park 1203069048", "category": "park", "osm_id": 1203069048, "osm_type": "way"}}, {"type": "Feature", "geometry": {"type": "Polygon", "coordinates": [[[77.5654965, 12.9503421], [77.5663635, 12.9499916], [77.5654948, 12.9500377], [77.565494, 12.9500863], [77.5654965, 12.9503421]]]}, "properties": {"name": "park 1203069061", "category": "park", "osm_id": 1203069061, "osm_type": "way"}}, {"type": "Feature", "geometry": {"type": "Polygon", "coordinates": [[[77.5287044, 12.9071419], [77.5294554, 12.9069432], [77.5292167, 12.9061745], [77.5284469, 12.9060935], [77.5287044, 12.9071419]]]}, "properties": {"name": "park 1203175487", "category": "park", "osm_id": 1203175487, "osm_type": "way"}}, {"type": "Feature", "geometry": {"type": "Polygon", "coordinates": [[[77.5285166, 12.9041274], [77.5296003, 12.9039627], [77.5293428, 12.9033823], [77.5292811, 12.9030529], [77.5283235, 12.9032097], [77.5285166, 12.9041274]]]}, "properties": {"name": "park 1203175488", "category": "park", "osm_id": 1203175488, "osm_type": "way"}}, {"type": "Feature", "geometry": {"type": "Polygon", "coordinates": [[[77.5395499, 12.8955034], [77.5405151, 12.8960434], [77.5405283, 12.8960204], [77.5405807, 12.896049], [77.5405619, 12.8960816], [77.5405437, 12.8960717], [77.5403678, 12.8963801], [77.5403623, 12.8963963], [77.5403588, 12.8964121], [77.5403715, 12.8964376], [77.5405684, 12.8965794], [77.5406045, 12.8965688], [77.5405304, 12.8962811], [77.5405254, 12.8962629], [77.5405305, 12.8962481], [77.5406394, 12.8962081], [77.540657, 12.8961955], [77.5406566, 12.8961721], [77.540603, 12.8959733], [77.5406076, 12.895949], [77.5406175, 12.895937], [77.5408008, 12.8958859], [77.5408149, 12.895865], [77.5408245, 12.8958457], [77.5407712, 12.8956108], [77.5407796, 12.8955801], [77.5410239, 12.8955027], [77.5410604, 12.8954912], [77.5411102, 12.8954783], [77.541119, 12.8954574], [77.5411186, 12.8954233], [77.5411024, 12.8954052], [77.5407975, 12.8953688], [77.5408622, 12.8949449], [77.5410356, 12.8948929], [77.5410587, 12.8947028], [77.5410672, 12.894681], [77.5410895, 12.8946599], [77.5411177, 12.8946487], [77.5411465, 12.8946491], [77.5411745, 12.8946562], [77.5412203, 12.894586], [77.5407241, 12.8947164], [77.5406878, 12.8947537], [77.5407596, 12.8950348], [77.5407504, 12.8950611], [77.5407348, 12.8950845], [77.5407134, 12.8951034], [77.5406878, 12.8951165], [77.5396103, 12.8954002], [77.5395499, 12.8955034]]]}, "properties": {"name": "park 1203175500", "category": "park", "osm_id": 1203175500, "osm_type": "way"}}, {"type": "Feature", "geometry": {"type": "Polygon", "coordinates": [[[77.5385883, 12.8928614], [77.5400206, 12.8923908], [77.5399509, 12.8921816], [77.5405785, 12.8920221], [77.5403801, 12.8914809], [77.5402089, 12.8915129], [77.5389294, 12.8918848], [77.5391221, 12.8921084], [77.5390685, 12.8923646], [77.5384945, 12.8923123], [77.5385883, 12.8928614]]]}, "properties": {"name": "park 1203175502", "category": "park", "osm_id": 1203175502, "osm_type": "way"}}, {"type": "Feature", "geometry": {"type": "Polygon", "coordinates": [[[77.5386621, 12.8985808], [77.5387976, 12.898501], [77.5386661, 12.8976487], [77.5383134, 12.8977951], [77.5386621, 12.8985808]]]}, "properties": {"name": "park 1203175514", "category": "park", "osm_id": 1203175514, "osm_type": "way"}}, {"type": "Feature", "geometry": {"type": "Polygon", "coordinates": [[[77.5306906, 12.8996972], [77.5285596, 12.8997782], [77.5285314, 12.8995011], [77.5306906, 12.8996972]]]}, "properties": {"name": "park 1203175528", "category": "park", "osm_id": 1203175528, "osm_type": "way"}}, {"type": "Feature", "geometry": {"type": "Polygon", "coordinates": [[[77.5244585, 12.8971048], [77.5261214, 12.8965375], [77.5259337, 12.8955806], [77.5257915, 12.8955021], [77.5257915, 12.8952694], [77.5243619, 12.8952198], [77.5244585, 12.8971048]]]}, "properties": {"name": "BDA Sculpture Park", "category": "park", "osm_id": 1203175535, "osm_type": "way"}}, {"type": "Feature", "geometry": {"type": "Polygon", "coordinates": [[[77.5571452, 12.9036895], [77.5577239, 12.903579], [77.557742, 12.9034476], [77.5574778, 12.9033705], [77.557341, 12.9033535], [77.5570795, 12.9034424], [77.5571452, 12.9036895]]]}, "properties": {"name": "park 1203175539", "category": "park", "osm_id": 1203175539, "osm_type": "way"}}, {"type": "Feature", "geometry": {"type": "Polygon", "coordinates": [[[77.5615398, 12.9610829], [77.5608032, 12.961076], [77.5608063, 12.9607666], [77.5615429, 12.9607734], [77.5615398, 12.9610829]]]}, "properties": {"name": "hospital 1205832181", "category": "hospital", "osm_id": 1205832181, "osm_type": "way"}}, {"type": "Feature", "geometry": {"type": "Polygon", "coordinates": [[[77.539688, 12.9843147], [77.5399026, 12.9843252], [77.5399388, 12.9840729], [77.5397511, 12.9840481], [77.539688, 12.9843147]]]}, "properties": {"name": "park 1206776988", "category": "park", "osm_id": 1206776988, "osm_type": "way"}}, {"type": "Feature", "geometry": {"type": "Polygon", "coordinates": [[[77.5087729, 12.9662813], [77.5087085, 12.9661309], [77.5084765, 12.9655887], [77.5085543, 12.965343], [77.5090934, 12.9659467], [77.5087729, 12.9662813]]]}, "properties": {"name": "park 1207060119", "category": "park", "osm_id": 1207060119, "osm_type": "way"}}, {"type": "Feature", "geometry": {"type": "Polygon", "coordinates": [[[77.5086388, 12.9642138], [77.5090519, 12.9644098], [77.5098807, 12.9637224], [77.5100054, 12.9636139], [77.5100228, 12.9634793], [77.5091404, 12.9639471], [77.508628, 12.9639354], [77.5086352, 12.9641092], [77.5086388, 12.9642138]]]}, "properties": {"name": "park 1207060121", "category": "park", "osm_id": 1207060121, "osm_type": "way"}}, {"type": "Feature", "geometry": {"type": "Polygon", "coordinates": [[[77.5158687, 12.9602407], [77.5162831, 12.9601296], [77.516218, 12.95983], [77.5161771, 12.9596421], [77.5157306, 12.9598904], [77.5158687, 12.9602407]]]}, "properties": {"name": "park 1207060123", "category": "park", "osm_id": 1207060123, "osm_type": "way"}}, {"type": "Feature", "geometry": {"type": "Polygon", "coordinates": [[[77.5163435, 12.9666041], [77.5167471, 12.9667283], [77.5168008, 12.96562], [77.516322, 12.9656606], [77.5163435, 12.9666041]]]}, "properties": {"name": "park 1207060125", "category": "park", "osm_id": 1207060125, "osm_type": "way"}}, {"type": "Feature", "geometry": {"type": "Polygon", "coordinates": [[[77.5143935, 12.9694662], [77.5147261, 12.9694361], [77.514657, 12.9681966], [77.5142647, 12.9682123], [77.5142955, 12.9687805], [77.5143935, 12.9694662]]]}, "properties": {"name": "Nagarbavi 2nd Stage BDA Park", "category": "park", "osm_id": 1207060126, "osm_type": "way"}}, {"type": "Feature", "geometry": {"type": "Polygon", "coordinates": [[[77.5156997, 12.9712345], [77.5161067, 12.971124], [77.5165157, 12.9710234], [77.516505, 12.9709326], [77.5163716, 12.9709594], [77.5156669, 12.9711208], [77.5156997, 12.9712345]]]}, "properties": {"name": "park 1207060129", "category": "park", "osm_id": 1207060129, "osm_type": "way"}}, {"type": "Feature", "geometry": {"type": "Polygon", "coordinates": [[[77.5151271, 12.9496739], [77.5153349, 12.9497497], [77.5153826, 12.9497251], [77.5154329, 12.9497063], [77.5154851, 12.9496935], [77.51554, 12.9496868], [77.5155952, 12.9496868], [77.5156501, 12.9496935], [77.5157185, 12.9496412], [77.51609, 12.9497052], [77.5161302, 12.9498686], [77.5162174, 12.9498856], [77.5163086, 12.9493523], [77.5162563, 12.9492778], [77.5156836, 12.9491903], [77.5156256, 12.949192], [77.5155682, 12.9491999], [77.515512, 12.9492138], [77.5154605, 12.9492323], [77.5154113, 12.9492559], [77.5153648, 12.9492842], [77.5153215, 12.9493171], [77.5152691, 12.9493649], [77.515222, 12.9494178], [77.5152, 12.9494456], [77.5151807, 12.9494752], [77.5151573, 12.9495218], [77.5151403, 12.9495711], [77.5151302, 12.949622], [77.5151271, 12.9496739]]]}, "properties": {"name": "park 1207332522", "category": "park", "osm_id": 1207332522, "osm_type": "way"}}, {"type": "Feature", "geometry": {"type": "Polygon", "coordinates": [[[77.5212331, 12.9521911], [77.5211352, 12.9519689], [77.5215107, 12.9514893], [77.5215791, 12.9521388], [77.5212331, 12.9521911]]]}, "properties": {"name": "park 1207332547", "category": "park", "osm_id": 1207332547, "osm_type": "way"}}, {"type": "Feature", "geometry": {"type": "Polygon", "coordinates": [[[77.5220418, 12.9561068], [77.5222497, 12.9561016], [77.5220954, 12.9554481], [77.5219493, 12.955469], [77.5220418, 12.9561068]]]}, "properties": {"name": "park 1207332551", "category": "park", "osm_id": 1207332551, "osm_type": "way"}}, {"type": "Feature", "geometry": {"type": "Polygon", "coordinates": [[[77.5216918, 12.9549319], [77.521508, 12.9538262], [77.5218393, 12.9536955], [77.5219667, 12.9538144], [77.5221156, 12.9538941], [77.5222845, 12.954626], [77.5220834, 12.9546809], [77.5221236, 12.9548626], [77.5216918, 12.9549319]]]}, "properties": {"name": "park 1207332553", "category": "park", "osm_id": 1207332553, "osm_type": "way"}}, {"type": "Feature", "geometry": {"type": "Polygon", "coordinates": [[[77.5100858, 12.9589115], [77.5116315, 12.9582757], [77.5100376, 12.9586671], [77.5100858, 12.9589115]]]}, "properties": {"name": "park 1207332830", "category": "park", "osm_id": 1207332830, "osm_type": "way"}}, {"type": "Feature", "geometry": {"type": "Polygon", "coordinates": [[[77.506084, 12.9586475], [77.5066057, 12.9585312], [77.5065104, 12.957951], [77.5058976, 12.9581065], [77.506084, 12.9586475]]]}, "properties": {"name": "park 1207332831", "category": "park", "osm_id": 1207332831, "osm_type": "way"}}, {"type": "Feature", "geometry": {"type": "Polygon", "coordinates": [[[77.5123275, 12.956383], [77.5127815, 12.9563656], [77.5128029, 12.9564793], [77.5123385, 12.9565674], [77.5123402, 12.9565976], [77.512123, 12.9566191], [77.5121364, 12.956776], [77.5120586, 12.9567747], [77.5120626, 12.956261], [77.5120379, 12.9561636], [77.5120077, 12.9560676], [77.5119774, 12.9559865], [77.5119433, 12.9559069], [77.511943, 12.9558321], [77.5119479, 12.9557575], [77.511958, 12.9556834], [77.5119755, 12.9556015], [77.5119993, 12.9555212], [77.5120293, 12.9554429], [77.512072, 12.9553187], [77.512292, 12.9553239], [77.512298, 12.9556324], [77.5122972, 12.955733], [77.5122954, 12.9559761], [77.5122967, 12.9560232], [77.5123107, 12.9560637], [77.5123205, 12.9563132], [77.5123275, 12.956383]]]}, "properties": {"name": "park 1207332837", "category": "park", "osm_id": 1207332837, "osm_type": "way"}}, {"type": "Feature", "geometry": {"type": "Polygon", "coordinates": [[[77.4938732, 12.9788391], [77.4944727, 12.9786548], [77.4941723, 12.9778825], [77.494053, 12.977923], [77.4938732, 12.9788391]]]}, "properties": {"name": "park 1207349989", "category": "park", "osm_id": 1207349989, "osm_type": "way"}}, {"type": "Feature", "geometry": {"type": "Polygon", "coordinates": [[[77.5073715, 12.9798334], [77.5079161, 12.9796831], [77.5077685, 12.9791754], [77.5072239, 12.9793257], [77.5073715, 12.9798334]]]}, "properties": {"name": "park 1207349998", "category": "park", "osm_id": 1207349998, "osm_type": "way"}}, {"type": "Feature", "geometry": {"type": "Polygon", "coordinates": [[[77.5082446, 12.9768448], [77.508439, 12.9768056], [77.5081855, 12.9759692], [77.5079628, 12.9760372], [77.5082446, 12.9768448]]]}, "properties": {"name": "park 1207350011", "category": "park", "osm_id": 1207350011, "osm_type": "way"}}, {"type": "Feature", "geometry": {"type": "Polygon", "coordinates": [[[77.5958184, 12.9413175], [77.5965487, 12.941375], [77.5966143, 12.940584], [77.595884, 12.9405264], [77.5958184, 12.9413175]]]}, "properties": {"name": "park 1207541345", "category": "park", "osm_id": 1207541345, "osm_type": "way"}}, {"type": "Feature", "geometry": {"type": "Polygon", "coordinates": [[[77.5651395, 12.9032215], [77.5653541, 12.9032777], [77.5657591, 12.9035705], [77.5658785, 12.9034856], [77.5659884, 12.903445], [77.5659683, 12.9032816], [77.5655559, 12.9032418], [77.565566, 12.9030633], [77.5651516, 12.9030019], [77.5651395, 12.9032215]]]}, "properties": {"name": "park 1208265152", "category": "park", "osm_id": 1208265152, "osm_type": "way"}}, {"type": "Feature", "geometry": {"type": "Polygon", "coordinates": [[[77.5653423, 12.9048689], [77.5667533, 12.9060461], [77.5675405, 12.9067029], [77.5676437, 12.9065854], [77.5665453, 12.905669], [77.5665128, 12.9055732], [77.5654654, 12.9047261], [77.5653423, 12.9048689]]]}, "properties": {"name": "park 1208265155", "category": "park", "osm_id": 1208265155, "osm_type": "way"}}, {"type": "Feature", "geometry": {"type": "Polygon", "coordinates": [[[77.5633096, 12.9032842], [77.5626511, 12.9033888], [77.5625069, 12.9034476], [77.5624973, 12.9034252], [77.5624701, 12.903364], [77.5629026, 12.9031705], [77.5629227, 12.9032045], [77.5631091, 12.9031051], [77.5633096, 12.9032842]]]}, "properties": {"name": "park 1208265156", "category": "park", "osm_id": 1208265156, "osm_type": "way"}}, {"type": "Feature", "geometry": {"type": "Polygon", "coordinates": [[[77.563258, 12.9031261], [77.563388, 12.9029888], [77.5650095, 12.9043117], [77.5648083, 12.904415], [77.563258, 12.9031261]]]}, "properties": {"name": "park 1208265157", "category": "park", "osm_id": 1208265157, "osm_type": "way"}}, {"type": "Feature", "geometry": {"type": "Polygon", "coordinates": [[[77.5623436, 12.9023688], [77.562469, 12.9022264], [77.562889, 12.9025779], [77.5633087, 12.9029291], [77.5631833, 12.9030714], [77.56275, 12.9027088], [77.5623436, 12.9023688]]]}, "properties": {"name": "park 1208265158", "category": "park", "osm_id": 1208265158, "osm_type": "way"}}, {"type": "Feature", "geometry": {"type": "Polygon", "coordinates": [[[77.5622257, 12.9016103], [77.5623167, 12.9015013], [77.5613109, 12.9007038], [77.56122, 12.9008128], [77.5622257, 12.9016103]]]}, "properties": {"name": "park 1208265159", "category": "park", "osm_id": 1208265159, "osm_type": "way"}}, {"type": "Feature", "geometry": {"type": "Polygon", "coordinates": [[[77.567748, 12.9444321], [77.5677449, 12.9438792], [77.567518, 12.9438845], [77.5676163, 12.9441622], [77.567748, 12.9444321]]]}, "properties": {"name": "park 1210572433", "category": "park", "osm_id": 1210572433, "osm_type": "way"}}, {"type": "Feature", "geometry": {"type": "Polygon", "coordinates": [[[77.5802706, 12.9307325], [77.5805954, 12.9307357], [77.5806069, 12.9296371], [77.580414, 12.9296352], [77.58041, 12.9300176], [77.5803213, 12.9300167], [77.580319, 12.9302357], [77.5802758, 12.9302353], [77.5802706, 12.9307325]]]}, "properties": {"name": "Laxman Rao Park", "category": "park", "osm_id": 1215829536, "osm_type": "way"}}, {"type": "Feature", "geometry": {"type": "Polygon", "coordinates": [[[77.5800113, 12.9301848], [77.5799527, 12.9301845], [77.5799587, 12.9291424], [77.5800174, 12.9291427], [77.5800192, 12.9288246], [77.5797229, 12.9288229], [77.5797121, 12.9307304], [77.5800082, 12.9307258], [77.5800113, 12.9301848]]]}, "properties": {"name": "park 1215829539", "category": "park", "osm_id": 1215829539, "osm_type": "way"}}, {"type": "Feature", "geometry": {"type": "Polygon", "coordinates": [[[77.5803155, 12.9272461], [77.5806159, 12.9275206], [77.5806266, 12.9264357], [77.5803182, 12.9264305], [77.5803155, 12.9272461]]]}, "properties": {"name": "Laxman Rao Park", "category": "park", "osm_id": 1215829547, "osm_type": "way"}}, {"type": "Feature", "geometry": {"type": "Polygon", "coordinates": [[[77.5797447, 12.9286241], [77.5800223, 12.9286235], [77.5800198, 12.9273517], [77.5797422, 12.9273523], [77.5797429, 12.9277049], [77.5797437, 12.9280916], [77.5797447, 12.9286241]]]}, "properties": {"name": "Laxman Rao Park", "category": "park", "osm_id": 1215829550, "osm_type": "way"}}, {"type": "Feature", "geometry": {"type": "Polygon", "coordinates": [[[77.5803262, 12.9286133], [77.5806071, 12.9286113], [77.5806186, 12.9277245], [77.5803356, 12.9274409], [77.5803262, 12.9286133]]]}, "properties": {"name": "Laxman Rao Park", "category": "park", "osm_id": 1215829551, "osm_type": "way"}}, {"type": "Feature", "geometry": {"type": "Polygon", "coordinates": [[[77.5797577, 12.9271785], [77.5800255, 12.9271807], [77.5800572, 12.9235087], [77.5797894, 12.9235065], [77.5797577, 12.9271785]]]}, "properties": {"name": "Laxman Rao Park", "category": "park", "osm_id": 1215829552, "osm_type": "way"}}, {"type": "Feature", "geometry": {"type": "Polygon", "coordinates": [[[77.5803346, 12.9263012], [77.5806402, 12.9263016], [77.5806773, 12.9235795], [77.5803662, 12.9235756], [77.5803346, 12.9263012]]]}, "properties": {"name": "Laxman Rao Park", "category": "park", "osm_id": 1215829553, "osm_type": "way"}}, {"type": "Feature", "geometry": {"type": "Polygon", "coordinates": [[[77.5803929, 12.9233391], [77.5806853, 12.9233393], [77.5806866, 12.9218928], [77.5803935, 12.9218901], [77.5803929, 12.9233391]]]}, "properties": {"name": "Laxman Rao Park", "category": "park", "osm_id": 1215829554, "osm_type": "way"}}, {"type": "Feature", "geometry": {"type": "Polygon", "coordinates": [[[77.5804031, 12.9208928], [77.5804711, 12.9208934], [77.5804642, 12.9216442], [77.5806969, 12.9216493], [77.5807053, 12.9200412], [77.5804076, 12.9200397], [77.5804031, 12.9208928]]]}, "properties": {"name": "Laxman Rao Park", "category": "park", "osm_id": 1215829555, "osm_type": "way"}}, {"type": "Feature", "geometry": {"type": "Polygon", "coordinates": [[[77.5804023, 12.9198103], [77.5807054, 12.9198108], [77.580708, 12.9185127], [77.5807095, 12.917729], [77.5804064, 12.9177285], [77.5804023, 12.9198103]]]}, "properties": {"name": "Laxman Rao Park", "category": "park", "osm_id": 1215829556, "osm_type": "way"}}, {"type": "Feature", "geometry": {"type": "Polygon", "coordinates": [[[77.574897, 12.9619663], [77.5751089, 12.9618806], [77.5749759, 12.9615824], [77.5747676, 12.9616702], [77.574897, 12.9619663]]]}, "properties": {"name": "park 1216159263", "category": "park", "osm_id": 1216159263, "osm_type": "way"}}, {"type": "Feature", "geometry": {"type": "Polygon", "coordinates": [[[77.5120519, 12.9732902], [77.5126111, 12.9731582], [77.5124878, 12.9727256], [77.5119942, 12.973102], [77.5120519, 12.9732902]]]}, "properties": {"name": "park 1217243764", "category": "park", "osm_id": 1217243764, "osm_type": "way"}}, {"type": "Feature", "geometry": {"type": "Polygon", "coordinates": [[[77.5087729, 12.9662813], [77.5082217, 12.9669099], [77.5081144, 12.966825], [77.5087085, 12.9661309], [77.5087729, 12.9662813]]]}, "properties": {"name": "park 1217247613", "category": "park", "osm_id": 1217247613, "osm_type": "way"}}, {"type": "Feature", "geometry": {"type": "Polygon", "coordinates": [[[77.5100912, 12.9717925], [77.5101958, 12.9717506], [77.5098297, 12.9708371], [77.5095601, 12.97093], [77.5100912, 12.9717925]]]}, "properties": {"name": "park 1217247637", "category": "park", "osm_id": 1217247637, "osm_type": "way"}}, {"type": "Feature", "geometry": {"type": "Polygon", "coordinates": [[[77.5091793, 12.9696989], [77.509304, 12.9696453], [77.5098109, 12.9707862], [77.5095548, 12.9708685], [77.5091135, 12.9702151], [77.509127, 12.9700008], [77.5091793, 12.9696989]]]}, "properties": {"name": "park 1217247638", "category": "park", "osm_id": 1217247638, "osm_type": "way"}}, {"type": "Feature", "geometry": {"type": "Polygon", "coordinates": [[[77.5436711, 12.9329803], [77.544288, 12.9327791], [77.5441164, 12.9324627], [77.5435598, 12.9326431], [77.5436711, 12.9329803]]]}, "properties": {"name": "park 1217326872", "category": "park", "osm_id": 1217326872, "osm_type": "way"}}, {"type": "Feature", "geometry": {"type": "Polygon", "coordinates": [[[77.5613402, 12.9224607], [77.561772, 12.9223091], [77.5617036, 12.9220516], [77.5614998, 12.9221104], [77.5613402, 12.9224607]]]}, "properties": {"name": "park 1217350528", "category": "park", "osm_id": 1217350528, "osm_type": "way"}}, {"type": "Feature", "geometry": {"type": "Polygon", "coordinates": [[[77.5637564, 12.9235709], [77.5641204, 12.9234721], [77.564, 12.9230511], [77.563636, 12.9231499], [77.5637564, 12.9235709]]]}, "properties": {"name": "park 1217350529", "category": "park", "osm_id": 1217350529, "osm_type": "way"}}, {"type": "Feature", "geometry": {"type": "Polygon", "coordinates": [[[77.5611457, 12.9214686], [77.5613938, 12.9213771], [77.5614602, 12.9213341], [77.5615221, 12.9212851], [77.5615789, 12.9212307], [77.5616233, 12.9211798], [77.5616634, 12.9211256], [77.5616987, 12.9210683], [77.5617291, 12.9210085], [77.5619772, 12.9205026], [77.5617291, 12.9203797], [77.5616686, 12.9204741], [77.5611216, 12.9213274], [77.5611457, 12.9214686]]]}, "properties": {"name": "park 1217350537", "category": "park", "osm_id": 1217350537, "osm_type": "way"}}, {"type": "Feature", "geometry": {"type": "Polygon", "coordinates": [[[77.560384, 12.9216124], [77.5608587, 12.9215235], [77.5608239, 12.9213117], [77.5602365, 12.9211144], [77.560384, 12.9216124]]]}, "properties": {"name": "General Bipin Rawat Park", "category": "park", "osm_id": 1217350538, "osm_type": "way"}}, {"type": "Feature", "geometry": {"type": "Polygon", "coordinates": [[[77.5878511, 12.9160687], [77.5883675, 12.9160177], [77.5883393, 12.9155393], [77.5879671, 12.9154499], [77.5879045, 12.9158034], [77.5878511, 12.9160687]]]}, "properties": {"name": "park 1217375996", "category": "park", "osm_id": 1217375996, "osm_type": "way"}}, {"type": "Feature", "geometry": {"type": "Polygon", "coordinates": [[[77.5884968, 12.9160746], [77.5884969, 12.9160494], [77.5895527, 12.9159946], [77.5895344, 12.9164424], [77.5894927, 12.9164428], [77.5892432, 12.9164517], [77.589144, 12.9164347], [77.5884968, 12.9160746]]]}, "properties": {"name": "Jnana Sanjeevini", "category": "hospital", "osm_id": 1217375998, "osm_type": "way"}}, {"type": "Feature", "geometry": {"type": "Polygon", "coordinates": [[[77.5964382, 12.9449539], [77.5963731, 12.9450339], [77.5964543, 12.9452836], [77.5968546, 12.944883], [77.5967441, 12.9447997], [77.5966367, 12.944717], [77.5964382, 12.9449539]]]}, "properties": {"name": "Doctor Mujahid Pasha Park", "category": "park", "osm_id": 1217537982, "osm_type": "way"}}, {"type": "Feature", "geometry": {"type": "Polygon", "coordinates": [[[77.5391746, 12.8958058], [77.5391447, 12.8956639], [77.5391927, 12.8956531], [77.5392092, 12.8956255], [77.5393934, 12.8955749], [77.5394021, 12.8955772], [77.5394131, 12.8955872], [77.5394139, 12.8955933], [77.5394131, 12.8956109], [77.5394115, 12.8956232], [77.5393186, 12.8957767], [77.5392005, 12.8958006], [77.5391746, 12.8958058]]]}, "properties": {"name": "park 1217710859", "category": "park", "osm_id": 1217710859, "osm_type": "way"}}, {"type": "Feature", "geometry": {"type": "Polygon", "coordinates": [[[77.5394521, 12.896941], [77.5397605, 12.8969035], [77.5395861, 12.8965166], [77.5398973, 12.896378], [77.5398457, 12.8962536], [77.5397025, 12.8961598], [77.5393192, 12.8958707], [77.5391836, 12.8959018], [77.5394521, 12.896941]]]}, "properties": {"name": "park 1217710860", "category": "park", "osm_id": 1217710860, "osm_type": "way"}}, {"type": "Feature", "geometry": {"type": "Polygon", "coordinates": [[[77.5939023, 12.9056463], [77.5939009, 12.9055002], [77.5939031, 12.9050212], [77.593496, 12.9050215], [77.5934923, 12.9056364], [77.5939023, 12.9056463]]]}, "properties": {"name": "park 1218777643", "category": "park", "osm_id": 1218777643, "osm_type": "way"}}, {"type": "Feature", "geometry": {"type": "Polygon", "coordinates": [[[77.5629348, 12.982182], [77.5632566, 12.9821245], [77.5632868, 12.9821159], [77.5633183, 12.9821153], [77.5633478, 12.9821223], [77.5633746, 12.9821362], [77.5634001, 12.9821386], [77.5634256, 12.9821375], [77.5634586, 12.9821312], [77.5634913, 12.9821219], [77.5635194, 12.9821169], [77.5635463, 12.9821075], [77.5635697, 12.982095], [77.5635909, 12.9820792], [77.5636093, 12.9820604], [77.5636172, 12.9820443], [77.5636174, 12.9820265], [77.5636103, 12.9820107], [77.5635973, 12.981999], [77.5635825, 12.9819967], [77.5635678, 12.981999], [77.5635532, 12.9820066], [77.5635423, 12.9820186], [77.5635278, 12.9820389], [77.5635087, 12.9820552], [77.5634829, 12.9820679], [77.5634545, 12.9820732], [77.5634256, 12.9820709], [77.5633987, 12.9820645], [77.5633733, 12.9820539], [77.5633465, 12.9820366], [77.5633237, 12.9820147], [77.5632993, 12.9820022], [77.5632731, 12.9819939], [77.5632459, 12.9819899], [77.5632113, 12.9819912], [77.5631777, 12.9819996], [77.5631466, 12.9820147], [77.5630501, 12.9820944], [77.5630058, 12.9820983], [77.5629415, 12.982016], [77.5629348, 12.982182]]]}, "properties": {"name": "park 1218825664", "category": "park", "osm_id": 1218825664, "osm_type": "way"}}, {"type": "Feature", "geometry": {"type": "Polygon", "coordinates": [[[77.5877613, 12.9098413], [77.5884801, 12.9098073], [77.5883527, 12.9087968], [77.5877478, 12.9087799], [77.5877613, 12.9098413]]]}, "properties": {"name": "park 1219998589", "category": "park", "osm_id": 1219998589, "osm_type": "way"}}, {"type": "Feature", "geometry": {"type": "Polygon", "coordinates": [[[77.576032, 12.9070987], [77.5764649, 12.9070979], [77.5767146, 12.9070974], [77.5767143, 12.9069432], [77.5765047, 12.9069436], [77.5760317, 12.9069445], [77.576032, 12.9070987]]]}, "properties": {"name": "park 1220006227", "category": "park", "osm_id": 1220006227, "osm_type": "way"}}, {"type": "Feature", "geometry": {"type": "Polygon", "coordinates": [[[77.5830757, 12.9080616], [77.5838618, 12.9080504], [77.5838603, 12.9079511], [77.5838587, 12.9078428], [77.5830726, 12.9078541], [77.5830757, 12.9080616]]]}, "properties": {"name": "park 1220009721", "category": "park", "osm_id": 1220009721, "osm_type": "way"}}, {"type": "Feature", "geometry": {"type": "Polygon", "coordinates": [[[77.5642584, 12.9777061], [77.5645883, 12.9777237], [77.5645474, 12.9775061], [77.5642819, 12.9775296], [77.5642584, 12.9777061]]]}, "properties": {"name": "park 1222725580", "category": "park", "osm_id": 1222725580, "osm_type": "way"}}, {"type": "Feature", "geometry": {"type": "Polygon", "coordinates": [[[77.5263647, 12.9611395], [77.5266513, 12.9610722], [77.526358, 12.9598482], [77.5261701, 12.9598984], [77.5261134, 12.9599606], [77.5260974, 12.9599781], [77.5258409, 12.960128], [77.5262667, 12.9608023], [77.5263647, 12.9611395]]]}, "properties": {"name": "park 1224936682", "category": "park", "osm_id": 1224936682, "osm_type": "way"}}, {"type": "Feature", "geometry": {"type": "Polygon", "coordinates": [[[77.5275618, 12.9604826], [77.5278501, 12.9604231], [77.5277961, 12.9601746], [77.5275077, 12.9602342], [77.5275618, 12.9604826]]]}, "properties": {"name": "park 1225131005", "category": "park", "osm_id": 1225131005, "osm_type": "way"}}, {"type": "Feature", "geometry": {"type": "Polygon", "coordinates": [[[77.5440386, 12.889384], [77.5439286, 12.8890389], [77.5439528, 12.8888794], [77.5448862, 12.8885029], [77.5447923, 12.8876871], [77.5446555, 12.8875747], [77.5446099, 12.8871955], [77.5447547, 12.887104], [77.5448164, 12.8867197], [77.5451879, 12.8866517], [77.5451611, 12.886198], [77.5443698, 12.8862438], [77.544402, 12.8865759], [77.5440346, 12.8866687], [77.5439326, 12.8868412], [77.5439447, 12.8870177], [77.5440929, 12.8871321], [77.5441439, 12.8872099], [77.5441781, 12.8878322], [77.5441848, 12.887908], [77.5440775, 12.8882649], [77.5439139, 12.8887042], [77.5436711, 12.8887839], [77.5438951, 12.8894454], [77.5440386, 12.889384]]]}, "properties": {"name": "park 1237800223", "category": "park", "osm_id": 1237800223, "osm_type": "way"}}, {"type": "Feature", "geometry": {"type": "Polygon", "coordinates": [[[77.5621304, 12.8847145], [77.5620644, 12.8848619], [77.5620496, 12.8849352], [77.5620617, 12.8849691], [77.5621073, 12.8849744], [77.5621381, 12.8849391], [77.5621569, 12.8848397], [77.5621985, 12.884773], [77.5624613, 12.8847482], [77.5625418, 12.8847966], [77.5625485, 12.8849587], [77.5626639, 12.8849574], [77.562739, 12.8848881], [77.5630568, 12.8848776], [77.5630459, 12.8845644], [77.563317, 12.8845554], [77.5633082, 12.8843004], [77.5634957, 12.8842942], [77.5634907, 12.8841495], [77.5632432, 12.8841782], [77.5625324, 12.8844005], [77.5622722, 12.8846855], [77.5621304, 12.8847145]]]}, "properties": {"name": "park 1238059508", "category": "park", "osm_id": 1238059508, "osm_type": "way"}}, {"type": "Feature", "geometry": {"type": "Polygon", "coordinates": [[[77.5628677, 12.8868517], [77.5630514, 12.8869524], [77.5632861, 12.8869524], [77.5632875, 12.8866438], [77.5632926, 12.8866226], [77.5633026, 12.8866031], [77.563317, 12.8865863], [77.5633418, 12.8865698], [77.5633706, 12.8865615], [77.563441, 12.8865615], [77.5634598, 12.8865575], [77.5634766, 12.8865484], [77.5634878, 12.8865378], [77.5634963, 12.8865249], [77.5635014, 12.8865105], [77.5635041, 12.8864222], [77.5635088, 12.8864019], [77.5635181, 12.886383], [77.5635357, 12.8863629], [77.5635584, 12.8863484], [77.5636744, 12.8863418], [77.563673, 12.8862641], [77.5635409, 12.8862569], [77.5632627, 12.8861216], [77.5632647, 12.8863719], [77.5632535, 12.8863979], [77.5632358, 12.8864203], [77.5632148, 12.8864365], [77.5631904, 12.8864474], [77.5631641, 12.8864523], [77.5630568, 12.8864523], [77.5630568, 12.8865575], [77.5630416, 12.8865766], [77.5630226, 12.8865922], [77.5629964, 12.8866053], [77.5629676, 12.8866118], [77.5627537, 12.8866144], [77.5627809, 12.8866365], [77.5628053, 12.8866615], [77.5628312, 12.8866961], [77.5628516, 12.886734], [77.5628612, 12.8867633], [77.562867, 12.8867935], [77.5628691, 12.8868226], [77.5628677, 12.8868517]]]}, "properties": {"name": "park 1238059510", "category": "park", "osm_id": 1238059510, "osm_type": "way"}}, {"type": "Feature", "geometry": {"type": "Polygon", "coordinates": [[[77.4887907, 12.9848182], [77.4892522, 12.984788], [77.4892708, 12.9845163], [77.4887241, 12.984536], [77.4887907, 12.9848182]]]}, "properties": {"name": "park 1241552546", "category": "park", "osm_id": 1241552546, "osm_type": "way"}}, {"type": "Feature", "geometry": {"type": "Polygon", "coordinates": [[[77.4827648, 12.9807671], [77.4835565, 12.9806443], [77.4837216, 12.9814705], [77.4829027, 12.9816729], [77.4827648, 12.9807671]]]}, "properties": {"name": "park 1241555392", "category": "park", "osm_id": 1241555392, "osm_type": "way"}}, {"type": "Feature", "geometry": {"type": "Polygon", "coordinates": [[[77.5034367, 12.9749196], [77.5036848, 12.9751472], [77.5037093, 12.9751907], [77.5037263, 12.9752374], [77.5037343, 12.9752766], [77.503737, 12.9753165], [77.5037344, 12.9753563], [77.5041288, 12.9751568], [77.5039066, 12.974611], [77.5034367, 12.9749196]]]}, "properties": {"name": "park 1241556746", "category": "park", "osm_id": 1241556746, "osm_type": "way"}}, {"type": "Feature", "geometry": {"type": "Polygon", "coordinates": [[[77.4928492, 12.9679155], [77.4935217, 12.9678309], [77.493692, 12.9683369], [77.4937094, 12.9683358], [77.4937488, 12.9683332], [77.4937809, 12.9683311], [77.4938196, 12.9683286], [77.4946458, 12.9682195], [77.4946436, 12.9681293], [77.4946323, 12.9676693], [77.4947288, 12.9674967], [77.4953753, 12.9674052], [77.4954718, 12.9674837], [77.495606, 12.9676196], [77.496869, 12.9688782], [77.4976556, 12.9697057], [77.4978189, 12.9696506], [77.4981664, 12.9695332], [77.4981954, 12.9688124], [77.497819, 12.9682357], [77.4976113, 12.9681013], [77.4973627, 12.9678973], [77.4968673, 12.9669714], [77.4965506, 12.9662132], [77.4965251, 12.9660838], [77.4965165, 12.9657121], [77.496537, 12.965372], [77.4965425, 12.9653339], [77.496554, 12.9652972], [77.496571, 12.9652625], [77.4965955, 12.9652281], [77.4966256, 12.9651981], [77.4966603, 12.9651734], [77.4966987, 12.9651546], [77.4968656, 12.9650667], [77.4971429, 12.9649489], [77.4968109, 12.9643423], [77.4967006, 12.9641098], [77.4963685, 12.9641809], [77.4961209, 12.9639188], [77.495967, 12.9637182], [77.4958148, 12.9633114], [77.4956891, 12.9629529], [77.4955207, 12.962692], [77.4957877, 12.9625821], [77.4957709, 12.9624553], [77.4954296, 12.9624973], [77.4953384, 12.9620569], [77.4952073, 12.9620785], [77.4950217, 12.9612456], [77.4946948, 12.9613385], [77.4946488, 12.9620569], [77.4943151, 12.9620835], [77.4927657, 12.9625364], [77.4927913, 12.9627057], [77.4922975, 12.9625547], [77.492255, 12.9622361], [77.4919372, 12.9621686], [77.4916165, 12.9621847], [77.4914973, 12.9625182], [77.4915416, 12.962699], [77.4916523, 12.9627604], [77.4919826, 12.9627704], [77.4924933, 12.9634308], [77.4929632, 12.963741], [77.4930739, 12.9639932], [77.4931437, 12.964705], [77.4929564, 12.9647515], [77.4929258, 12.964919], [77.4926721, 12.964934], [77.4927198, 12.9657802], [77.4925836, 12.9661153], [77.4926142, 12.9663426], [77.4927215, 12.9670229], [77.4928015, 12.9675837], [77.4927981, 12.9678691], [77.4928492, 12.9679155]]]}, "properties": {"name": "Malathhalli Lake Park", "category": "park", "osm_id": 1241556749, "osm_type": "way"}}, {"type": "Feature", "geometry": {"type": "Polygon", "coordinates": [[[77.4857356, 12.9594811], [77.4862119, 12.9593599], [77.4858483, 12.9580034], [77.485372, 12.9581246], [77.4857356, 12.9594811]]]}, "properties": {"name": "park 1241557219", "category": "park", "osm_id": 1241557219, "osm_type": "way"}}, {"type": "Feature", "geometry": {"type": "Polygon", "coordinates": [[[77.4795435, 12.9590587], [77.4798269, 12.9591293], [77.481069, 12.9590139], [77.4810852, 12.9591799], [77.4816552, 12.9591255], [77.481656, 12.958968], [77.4817696, 12.9589574], [77.4817932, 12.9591983], [77.4845407, 12.9589432], [77.4845423, 12.9592014], [77.4844577, 12.9592848], [77.4838033, 12.9594986], [77.4835888, 12.959415], [77.4832669, 12.9593941], [77.4828041, 12.9595782], [77.4822155, 12.9598123], [77.4815074, 12.9599587], [77.4807242, 12.9597694], [77.4800279, 12.9594777], [77.4795602, 12.959332], [77.4795435, 12.9590587]]]}, "properties": {"name": "park 1241557236", "category": "park", "osm_id": 1241557236, "osm_type": "way"}}, {"type": "Feature", "geometry": {"type": "Polygon", "coordinates": [[[77.4759187, 12.9564554], [77.4762166, 12.9564504], [77.4766065, 12.9563708], [77.4764414, 12.9555395], [77.476312, 12.9551595], [77.4759272, 12.9551662], [77.4759187, 12.9564554]]]}, "properties": {"name": "Vishveshwaraiah Layout 6th Block Park", "category": "park", "osm_id": 1241560541, "osm_type": "way"}}, {"type": "Feature", "geometry": {"type": "Polygon", "coordinates": [[[77.5982714, 12.9313035], [77.5970946, 12.9313778], [77.5982726, 12.9309467], [77.5982714, 12.9313035]]]}, "properties": {"name": "park 1242203393", "category": "park", "osm_id": 1242203393, "osm_type": "way"}}, {"type": "Feature", "geometry": {"type": "Polygon", "coordinates": [[[77.5942946, 12.9311274], [77.5944387, 12.9311038], [77.5945243, 12.9310933], [77.5946104, 12.9310885], [77.5947073, 12.9310902], [77.5948037, 12.9310992], [77.5948991, 12.9311156], [77.5955857, 12.9312912], [77.5955823, 12.9313193], [77.5955736, 12.9313902], [77.5959582, 12.9316491], [77.5960275, 12.9313789], [77.5965576, 12.9313441], [77.5964155, 12.9307824], [77.5964109, 12.930627], [77.5964224, 12.9303119], [77.5965148, 12.9299798], [77.5965248, 12.9298973], [77.5964332, 12.929641], [77.5962322, 12.9294182], [77.5959074, 12.9293337], [77.5954274, 12.9294188], [77.5953992, 12.9294238], [77.5946451, 12.9296388], [77.5944816, 12.9300507], [77.5942749, 12.9300597], [77.5942946, 12.9311274]]]}, "properties": {"name": "Byrasandra Lake Park", "category": "park", "osm_id": 1242203428, "osm_type": "way"}}, {"type": "Feature", "geometry": {"type": "Polygon", "coordinates": [[[77.5550437, 12.8804052], [77.5554782, 12.8807517], [77.5552998, 12.8801228], [77.5550437, 12.8804052]]]}, "properties": {"name": "park 1242574024", "category": "park", "osm_id": 1242574024, "osm_type": "way"}}, {"type": "Feature", "geometry": {"type": "Polygon", "coordinates": [[[77.5882937, 12.874356], [77.5887398, 12.8744337], [77.5887168, 12.8745751], [77.5888417, 12.8745913], [77.5888499, 12.8739295], [77.588346, 12.8739023], [77.5882937, 12.874356]]]}, "properties": {"name": "park 1242749650", "category": "park", "osm_id": 1242749650, "osm_type": "way"}}, {"type": "Feature", "geometry": {"type": "Polygon", "coordinates": [[[77.5434083, 12.8639214], [77.5435907, 12.8639529], [77.5436267, 12.8639606], [77.5436637, 12.8639597], [77.5436993, 12.8639502], [77.5437312, 12.8639331], [77.5437581, 12.8639091], [77.5437784, 12.8638796], [77.543805, 12.8638419], [77.5438267, 12.8638012], [77.5438427, 12.8637594], [77.5438535, 12.8637161], [77.5438589, 12.8636718], [77.5438687, 12.8636467], [77.5438844, 12.8636247], [77.5439018, 12.863609], [77.5439222, 12.863597], [77.5439447, 12.8635894], [77.5444393, 12.8634917], [77.5443122, 12.8629174], [77.5430703, 12.8629553], [77.5433371, 12.8638967], [77.5434083, 12.8639214]]]}, "properties": {"name": "park 1243963327", "category": "park", "osm_id": 1243963327, "osm_type": "way"}}, {"type": "Feature", "geometry": {"type": "Polygon", "coordinates": [[[77.5366605, 12.8631618], [77.537144, 12.8629631], [77.5371901, 12.863164], [77.5366829, 12.8632161], [77.5366605, 12.8631618]]]}, "properties": {"name": "park 1243963341", "category": "park", "osm_id": 1243963341, "osm_type": "way"}}, {"type": "Feature", "geometry": {"type": "Polygon", "coordinates": [[[77.5334142, 12.8615276], [77.5338288, 12.8614164], [77.5333875, 12.8607043], [77.533383, 12.8607254], [77.5334074, 12.8614889], [77.5334142, 12.8615276]]]}, "properties": {"name": "park 1243963343", "category": "park", "osm_id": 1243963343, "osm_type": "way"}}, {"type": "Feature", "geometry": {"type": "Polygon", "coordinates": [[[77.5352178, 12.8597543], [77.535306, 12.8597174], [77.5356225, 12.8596834], [77.5350425, 12.8594539], [77.5351685, 12.859097], [77.5350116, 12.8590185], [77.5345369, 12.859178], [77.5345774, 12.8592444], [77.5348068, 12.8592875], [77.5350494, 12.8595799], [77.5352178, 12.8597543]]]}, "properties": {"name": "park 1243963344", "category": "park", "osm_id": 1243963344, "osm_type": "way"}}, {"type": "Feature", "geometry": {"type": "Polygon", "coordinates": [[[77.5367455, 12.8582763], [77.5364734, 12.8583765], [77.5363152, 12.8579895], [77.5369165, 12.8577412], [77.5367455, 12.8582763]]]}, "properties": {"name": "park 1243963347", "category": "park", "osm_id": 1243963347, "osm_type": "way"}}, {"type": "Feature", "geometry": {"type": "Polygon", "coordinates": [[[77.5055516, 12.8779866], [77.5066888, 12.877644], [77.5063133, 12.8768675], [77.505337, 12.8776362], [77.5055516, 12.8779866]]]}, "properties": {"name": "park 1246769917", "category": "park", "osm_id": 1246769917, "osm_type": "way"}}, {"type": "Feature", "geometry": {"type": "Polygon", "coordinates": [[[77.5202811, 12.9919908], [77.5206128, 12.9918841], [77.5202969, 12.9909519], [77.5199652, 12.9910587], [77.5202811, 12.9919908]]]}, "properties": {"name": "park 1247976109", "category": "park", "osm_id": 1247976109, "osm_type": "way"}}, {"type": "Feature", "geometry": {"type": "Polygon", "coordinates": [[[77.5166063, 12.9905547], [77.5174136, 12.9903234], [77.5175754, 12.9909891], [77.5172427, 12.9914454], [77.5171564, 12.9916195], [77.5171379, 12.9917396], [77.5169979, 12.9915818], [77.5166063, 12.9905547]]]}, "properties": {"name": "park 1247976122", "category": "park", "osm_id": 1247976122, "osm_type": "way"}}, {"type": "Feature", "geometry": {"type": "Polygon", "coordinates": [[[77.5948384, 12.9021991], [77.5945956, 12.9021979], [77.5946009, 12.9019025], [77.59486, 12.9019013], [77.5948384, 12.9021991]]]}, "properties": {"name": "park 1249810887", "category": "park", "osm_id": 1249810887, "osm_type": "way"}}, {"type": "Feature", "geometry": {"type": "Polygon", "coordinates": [[[77.5948236, 12.9024044], [77.5944521, 12.9023483], [77.5938426, 12.9023376], [77.5933336, 12.9020437], [77.5932915, 12.9021129], [77.5940913, 12.9025771], [77.5948102, 12.9025901], [77.5948236, 12.9024044]]]}, "properties": {"name": "park 1249810888", "category": "park", "osm_id": 1249810888, "osm_type": "way"}}, {"type": "Feature", "geometry": {"type": "Polygon", "coordinates": [[[77.5986035, 12.914755], [77.598618, 12.9155144], [77.5986388, 12.9166072], [77.5984232, 12.9166145], [77.598397, 12.9155122], [77.5983891, 12.9151861], [77.5983785, 12.91474], [77.5986035, 12.914755]]]}, "properties": {"name": "Rajguru Park", "category": "park", "osm_id": 1249829825, "osm_type": "way"}}, {"type": "Feature", "geometry": {"type": "Polygon", "coordinates": [[[77.5986081, 12.9146621], [77.5986727, 12.9136873], [77.5986843, 12.9135288], [77.5987394, 12.9127737], [77.5985029, 12.9127726], [77.598455, 12.9135178], [77.5983824, 12.91465], [77.5986081, 12.9146621]]]}, "properties": {"name": "Sukhdev Park", "category": "park", "osm_id": 1249829826, "osm_type": "way"}}, {"type": "Feature", "geometry": {"type": "Polygon", "coordinates": [[[77.5987461, 12.9126928], [77.5985093, 12.9126963], [77.5987416, 12.9106051], [77.598959, 12.9106204], [77.5987461, 12.9126928]]]}, "properties": {"name": "Bhagat Singh Park", "category": "park", "osm_id": 1249829827, "osm_type": "way"}}, {"type": "Feature", "geometry": {"type": "Polygon", "coordinates": [[[77.598974, 12.9104919], [77.5991612, 12.9087732], [77.599345, 12.907086], [77.5990839, 12.9070047], [77.5990175, 12.9077443], [77.5989825, 12.908089], [77.5989297, 12.9086091], [77.5989147, 12.9087568], [77.5988992, 12.9089098], [77.5988595, 12.9093001], [77.5988121, 12.9098539], [77.5987545, 12.9104772], [77.598974, 12.9104919]]]}, "properties": {"name": "Sanna Kaadu - Small Forest", "category": "park", "osm_id": 1249829828, "osm_type": "way"}}, {"type": "Feature", "geometry": {"type": "Polygon", "coordinates": [[[77.5359309, 12.8640678], [77.5362575, 12.8640535], [77.5362991, 12.8641163], [77.536302, 12.8643554], [77.5359358, 12.8643659], [77.5359309, 12.8640678]]]}, "properties": {"name": "park 1249855452", "category": "park", "osm_id": 1249855452, "osm_type": "way"}}, {"type": "Feature", "geometry": {"type": "Polygon", "coordinates": [[[77.5903998, 12.9935558], [77.5906685, 12.9943949], [77.590823, 12.9943789], [77.5906735, 12.993494], [77.5903998, 12.9935558]]]}, "properties": {"name": "Vasanthanagara Park", "category": "park", "osm_id": 1254353738, "osm_type": "way"}}, {"type": "Feature", "geometry": {"type": "Polygon", "coordinates": [[[77.5297341, 12.9603963], [77.5296053, 12.9603587], [77.529044, 12.9587581], [77.5291696, 12.9587463], [77.5292937, 12.9590993], [77.5294204, 12.9594868], [77.5297341, 12.9603963]]]}, "properties": {"name": "park 1254612789", "category": "park", "osm_id": 1254612789, "osm_type": "way"}}, {"type": "Feature", "geometry": {"type": "Polygon", "coordinates": [[[77.5968813, 12.9879363], [77.5971852, 12.9876386], [77.597062, 12.9875191], [77.5967581, 12.9878168], [77.5968813, 12.9879363]]]}, "properties": {"name": "park 1255263620", "category": "park", "osm_id": 1255263620, "osm_type": "way"}}, {"type": "Feature", "geometry": {"type": "Polygon", "coordinates": [[[77.4636878, 12.8836242], [77.4636836, 12.8838932], [77.463799, 12.8838958], [77.4637923, 12.8840671], [77.4638224, 12.8840652], [77.4638518, 12.8840581], [77.4638794, 12.8840462], [77.4639081, 12.8840267], [77.4639321, 12.8840019], [77.4639505, 12.883973], [77.4637829, 12.8836252], [77.4636878, 12.8836242]]]}, "properties": {"name": "park 1255302243", "category": "park", "osm_id": 1255302243, "osm_type": "way"}}, {"type": "Feature", "geometry": {"type": "Polygon", "coordinates": [[[77.4489167, 12.9614954], [77.4487209, 12.9600813], [77.450003, 12.9598695], [77.4496952, 12.9611398], [77.4496356, 12.9613856], [77.4489167, 12.9614954]]]}, "properties": {"name": "park 1255316354", "category": "park", "osm_id": 1255316354, "osm_type": "way"}}, {"type": "Feature", "geometry": {"type": "Polygon", "coordinates": [[[77.5924324, 12.9474781], [77.5923861, 12.9474657], [77.5922567, 12.947665], [77.5921561, 12.9478257], [77.5927945, 12.9481892], [77.5928025, 12.9481303], [77.5928052, 12.9480113], [77.5927462, 12.9476872], [77.5924324, 12.9474781]]]}, "properties": {"name": "Brains Super Speciality Hospital", "category": "hospital", "osm_id": 1257327546, "osm_type": "way"}}, {"type": "Feature", "geometry": {"type": "Polygon", "coordinates": [[[77.5336416, 12.9724061], [77.5336375, 12.9723836], [77.5335981, 12.9721682], [77.5337731, 12.9721434], [77.5338535, 12.9723689], [77.5336416, 12.9724061]]]}, "properties": {"name": "park 1258216423", "category": "park", "osm_id": 1258216423, "osm_type": "way"}}, {"type": "Feature", "geometry": {"type": "Polygon", "coordinates": [[[77.5350492, 12.97682], [77.5352801, 12.9767537], [77.5350465, 12.975981], [77.5348156, 12.9760473], [77.5350492, 12.97682]]]}, "properties": {"name": "park 1258216424", "category": "park", "osm_id": 1258216424, "osm_type": "way"}}, {"type": "Feature", "geometry": {"type": "Polygon", "coordinates": [[[77.5265962, 12.9670432], [77.526269, 12.9657886], [77.5265761, 12.9657246], [77.5268, 12.9669975], [77.5265962, 12.9670432]]]}, "properties": {"name": "park 1258216444", "category": "park", "osm_id": 1258216444, "osm_type": "way"}}, {"type": "Feature", "geometry": {"type": "Polygon", "coordinates": [[[77.5303915, 12.9576281], [77.5307201, 12.9575811], [77.5306765, 12.9574223], [77.5305209, 12.9574504], [77.5304753, 12.9573053], [77.5303332, 12.9573412], [77.5303915, 12.9576281]]]}, "properties": {"name": "park 1258216455", "category": "park", "osm_id": 1258216455, "osm_type": "way"}}, {"type": "Feature", "geometry": {"type": "Polygon", "coordinates": [[[77.5289985, 12.9580474], [77.5288104, 12.9580921], [77.5286467, 12.9576124], [77.528628, 12.9575], [77.528636, 12.9572465], [77.5286777, 12.9569526], [77.5289985, 12.9580474]]]}, "properties": {"name": "park 1258216456", "category": "park", "osm_id": 1258216456, "osm_type": "way"}}, {"type": "Feature", "geometry": {"type": "Polygon", "coordinates": [[[77.5290142, 12.9586868], [77.5288372, 12.9581509], [77.5290166, 12.958109], [77.5291901, 12.9586595], [77.5290142, 12.9586868]]]}, "properties": {"name": "park 1258216457", "category": "park", "osm_id": 1258216457, "osm_type": "way"}}, {"type": "Feature", "geometry": {"type": "Polygon", "coordinates": [[[77.5077429, 12.8154655], [77.507582, 12.8150235], [77.5077268, 12.8140924], [77.5090653, 12.8135197], [77.5093576, 12.813415], [77.5093751, 12.813504], [77.5091873, 12.8135628], [77.5086549, 12.8140637], [77.5083934, 12.8142023], [77.5083263, 12.8145266], [77.5084832, 12.8152733], [77.5081909, 12.8153609], [77.5083666, 12.8162017], [77.5075305, 12.8164353], [77.507523, 12.8157611], [77.5077429, 12.8154655]]]}, "properties": {"name": "park 1259591171", "category": "park", "osm_id": 1259591171, "osm_type": "way"}}, {"type": "Feature", "geometry": {"type": "Polygon", "coordinates": [[[77.471631, 12.9252684], [77.471631, 12.9237665], [77.4721017, 12.9236633], [77.471631, 12.9252684]]]}, "properties": {"name": "park 1262098027", "category": "park", "osm_id": 1262098027, "osm_type": "way"}}, {"type": "Feature", "geometry": {"type": "Polygon", "coordinates": [[[77.5485259, 12.8763092], [77.5493145, 12.8767629], [77.5496887, 12.8761902], [77.5493346, 12.8763131], [77.5492635, 12.8760124], [77.5487284, 12.8761628], [77.5485259, 12.8763092]]]}, "properties": {"name": "park 1263387780", "category": "park", "osm_id": 1263387780, "osm_type": "way"}}, {"type": "Feature", "geometry": {"type": "Polygon", "coordinates": [[[77.5487385, 12.8760981], [77.5492502, 12.8759341], [77.5491814, 12.87573], [77.5486696, 12.875894], [77.5487385, 12.8760981]]]}, "properties": {"name": "park 1263387781", "category": "park", "osm_id": 1263387781, "osm_type": "way"}}, {"type": "Feature", "geometry": {"type": "Polygon", "coordinates": [[[77.5206122, 12.9385628], [77.5205666, 12.9393288], [77.5204901, 12.9397431], [77.5203976, 12.9400895], [77.5203373, 12.94033], [77.5202769, 12.9404149], [77.520124, 12.9405064], [77.5201461, 12.9405729], [77.5202759, 12.9406399], [77.5211927, 12.9409181], [77.5219293, 12.9412769], [77.5227942, 12.9408227], [77.5226909, 12.9406881], [77.5226279, 12.9405966], [77.5224991, 12.940377], [77.5224294, 12.9402254], [77.5222255, 12.9396516], [77.522137, 12.9394464], [77.5220887, 12.9393771], [77.5220083, 12.9393157], [77.5214839, 12.9389484], [77.5212894, 12.9387746], [77.5212117, 12.9386752], [77.5210802, 12.9384361], [77.5210346, 12.9383197], [77.5209944, 12.9381943], [77.5209515, 12.9380805], [77.5207315, 12.9382622], [77.5206122, 12.9385628]]]}, "properties": {"name": "Nayandahalli Lake Park", "category": "park", "osm_id": 1265721075, "osm_type": "way"}}, {"type": "Feature", "geometry": {"type": "Polygon", "coordinates": [[[77.5208252, 12.9309896], [77.5215738, 12.9310053], [77.5216515, 12.9310354], [77.5217347, 12.9313203], [77.5216985, 12.9315295], [77.5216743, 12.9315177], [77.5211325, 12.9314707], [77.5208252, 12.9309896]]]}, "properties": {"name": "park 1265721109", "category": "park", "osm_id": 1265721109, "osm_type": "way"}}, {"type": "Feature", "geometry": {"type": "Polygon", "coordinates": [[[77.5129182, 12.9331801], [77.5128981, 12.9329477], [77.5129683, 12.9329678], [77.5132844, 12.9330588], [77.5136183, 12.9330457], [77.5137091, 12.9333872], [77.5131288, 12.9332718], [77.5129182, 12.9331801]]]}, "properties": {"name": "park 1265721182", "category": "park", "osm_id": 1265721182, "osm_type": "way"}}, {"type": "Feature", "geometry": {"type": "Polygon", "coordinates": [[[77.5183725, 12.9385576], [77.518508, 12.9385641], [77.5185811, 12.9375963], [77.5183015, 12.9376322], [77.5183725, 12.9385576]]]}, "properties": {"name": "park 1265721209", "category": "park", "osm_id": 1265721209, "osm_type": "way"}}, {"type": "Feature", "geometry": {"type": "Polygon", "coordinates": [[[77.5071602, 12.91327], [77.5070509, 12.9130328], [77.5076262, 12.91281], [77.5076155, 12.9128426], [77.5075874, 12.9130544], [77.5074854, 12.9132047], [77.5071602, 12.91327]]]}, "properties": {"name": "park 1265724922", "category": "park", "osm_id": 1265724922, "osm_type": "way"}}, {"type": "Feature", "geometry": {"type": "Polygon", "coordinates": [[[77.5102063, 12.9093687], [77.5102314, 12.9093221], [77.5093389, 12.9093694], [77.5093281, 12.9095027], [77.5093442, 12.9095733], [77.5094341, 12.9097854], [77.5098243, 12.9096713], [77.5101447, 12.9094108], [77.5102063, 12.9093687]]]}, "properties": {"name": "park 1265724925", "category": "park", "osm_id": 1265724925, "osm_type": "way"}}, {"type": "Feature", "geometry": {"type": "Polygon", "coordinates": [[[77.5653058, 12.900624], [77.5652556, 12.9006067], [77.5652095, 12.9005806], [77.565169, 12.9005469], [77.5651412, 12.9005143], [77.5651186, 12.9004781], [77.5651018, 12.900439], [77.5650913, 12.9003978], [77.565102, 12.9000553], [77.5650564, 12.8996972], [77.5650604, 12.8988474], [77.5650966, 12.8987834], [77.5654963, 12.8987285], [77.5661011, 12.8986984], [77.5662138, 12.8987298], [77.5662352, 12.8993703], [77.566081, 12.9002815], [77.5659455, 12.9003678], [77.5654721, 12.9004972], [77.5654949, 12.9005939], [77.5653058, 12.900624]]]}, "properties": {"name": "Yelachenahalli Kere Park", "category": "park", "osm_id": 1269267287, "osm_type": "way"}}, {"type": "Feature", "geometry": {"type": "Polygon", "coordinates": [[[77.562292, 12.9023244], [77.5624146, 12.9021882], [77.5609835, 12.9009636], [77.5608609, 12.9010997], [77.562292, 12.9023244]]]}, "properties": {"name": "park 1270568405", "category": "park", "osm_id": 1270568405, "osm_type": "way"}}, {"type": "Feature", "geometry": {"type": "Polygon", "coordinates": [[[77.5639889, 12.9079641], [77.5635235, 12.9078046], [77.5639419, 12.9077595], [77.5639889, 12.9079641]]]}, "properties": {"name": "park 1270568433", "category": "park", "osm_id": 1270568433, "osm_type": "way"}}, {"type": "Feature", "geometry": {"type": "Polygon", "coordinates": [[[77.55981, 12.9065758], [77.5607615, 12.9061634], [77.5610686, 12.9063739], [77.55981, 12.9065758]]]}, "properties": {"name": "park 1270568436", "category": "park", "osm_id": 1270568436, "osm_type": "way"}}, {"type": "Feature", "geometry": {"type": "Polygon", "coordinates": [[[77.5778261, 12.9020854], [77.5778756, 12.9020835], [77.5787039, 12.9020627], [77.5787055, 12.9019561], [77.5789802, 12.9019335], [77.5798292, 12.9018701], [77.580097, 12.9018805], [77.5804482, 12.9018463], [77.5804603, 12.9019885], [77.5816828, 12.9019622], [77.5816257, 12.9016136], [77.5815414, 12.9013777], [77.5815357, 12.9013144], [77.5815266, 12.901214], [77.5815302, 12.9010246], [77.5815606, 12.9008364], [77.5816634, 12.9000138], [77.5817742, 12.8991883], [77.5818269, 12.8984004], [77.5814594, 12.8983977], [77.581092, 12.8981585], [77.5810719, 12.897884], [77.5809431, 12.8978748], [77.5795323, 12.8969414], [77.579421, 12.8968891], [77.579311, 12.89725], [77.5778237, 12.8965427], [77.5772681, 12.896184], [77.5755112, 12.8951988], [77.5746211, 12.8946537], [77.5742349, 12.8945269], [77.5739694, 12.8945334], [77.5739305, 12.894774], [77.5745326, 12.8951949], [77.57558, 12.89631], [77.5759864, 12.8966748], [77.5765523, 12.8974957], [77.576948, 12.8980657], [77.5772805, 12.8987246], [77.5776453, 12.8998828], [77.5777731, 12.8999906], [77.5777855, 12.9000393], [77.5778264, 12.9003469], [77.5778261, 12.9020854]]]}, "properties": {"name": "Sarakki Lake Park", "category": "park", "osm_id": 1270788423, "osm_type": "way"}}, {"type": "Feature", "geometry": {"type": "Polygon", "coordinates": [[[77.5599393, 12.9033643], [77.5598988, 12.9031277], [77.5606585, 12.902942], [77.5607177, 12.9030689], [77.5599393, 12.9033643]]]}, "properties": {"name": "Vasavi Hospital", "category": "hospital", "osm_id": 1270817507, "osm_type": "way"}}, {"type": "Feature", "geometry": {"type": "Polygon", "coordinates": [[[77.5495961, 12.9012724], [77.5489041, 12.9013365], [77.5485729, 12.9014319], [77.5490583, 12.9028672], [77.5491294, 12.9038058], [77.5491026, 12.9041823], [77.5502814, 12.9040085], [77.5502855, 12.9040947], [77.5521281, 12.9036555], [77.5521938, 12.9035941], [77.5528336, 12.9034947], [77.5531718, 12.9032209], [77.5527544, 12.9019657], [77.5527437, 12.90176], [77.5517446, 12.9017888], [77.5516882, 12.9015822], [77.5495961, 12.9012724]]]}, "properties": {"name": "Dore Kere Park", "category": "park", "osm_id": 1270860707, "osm_type": "way"}}, {"type": "Feature", "geometry": {"type": "Polygon", "coordinates": [[[77.5739412, 12.9113093], [77.5739533, 12.9110034], [77.5748411, 12.9110295], [77.574833, 12.9111289], [77.5739412, 12.9113093]]]}, "properties": {"name": "park 1271076792", "category": "park", "osm_id": 1271076792, "osm_type": "way"}}, {"type": "Feature", "geometry": {"type": "Polygon", "coordinates": [[[77.5704197, 12.909057], [77.5704838, 12.9089836], [77.5707997, 12.9092485], [77.5706533, 12.9092616], [77.5704197, 12.909057]]]}, "properties": {"name": "park 1271076833", "category": "park", "osm_id": 1271076833, "osm_type": "way"}}, {"type": "Feature", "geometry": {"type": "Polygon", "coordinates": [[[77.5716278, 12.9100753], [77.5716305, 12.9099445], [77.5709344, 12.9093589], [77.5707534, 12.9093589], [77.5713716, 12.9098779], [77.5716278, 12.9100753]]]}, "properties": {"name": "park 1271076839", "category": "park", "osm_id": 1271076839, "osm_type": "way"}}, {"type": "Feature", "geometry": {"type": "Polygon", "coordinates": [[[77.5689268, 12.9184478], [77.5692782, 12.9183236], [77.569191, 12.9180818], [77.5688329, 12.9181772], [77.5689268, 12.9184478]]]}, "properties": {"name": "park 1271217741", "category": "park", "osm_id": 1271217741, "osm_type": "way"}}, {"type": "Feature", "geometry": {"type": "Polygon", "coordinates": [[[77.4737996, 12.9101981], [77.4756637, 12.9110125], [77.4757321, 12.9108086], [77.4738304, 12.9100282], [77.4737996, 12.9101981]]]}, "properties": {"name": "park 1281359305", "category": "park", "osm_id": 1281359305, "osm_type": "way"}}, {"type": "Feature", "geometry": {"type": "Polygon", "coordinates": [[[77.5771281, 12.9144489], [77.5773541, 12.9144333], [77.5772939, 12.9136031], [77.5770679, 12.9136187], [77.5771281, 12.9144489]]]}, "properties": {"name": "park 1286310817", "category": "park", "osm_id": 1286310817, "osm_type": "way"}}, {"type": "Feature", "geometry": {"type": "Polygon", "coordinates": [[[77.4989238, 12.9207392], [77.4995005, 12.9208595], [77.4995273, 12.9207366], [77.499465, 12.9206885], [77.4993987, 12.9206456], [77.499329, 12.9206082], [77.4992564, 12.9205766], [77.4991813, 12.920551], [77.4991047, 12.9205316], [77.4990268, 12.9205185], [77.498948, 12.9205118], [77.4989238, 12.9207392]]]}, "properties": {"name": "park 1286468298", "category": "park", "osm_id": 1286468298, "osm_type": "way"}}, {"type": "Feature", "geometry": {"type": "Polygon", "coordinates": [[[77.475366, 12.9297989], [77.4758287, 12.9297623], [77.4758475, 12.929344], [77.4751984, 12.9294015], [77.475366, 12.9297989]]]}, "properties": {"name": "Vishveshwaraiah Layout 1st Block Park", "category": "park", "osm_id": 1286755574, "osm_type": "way"}}, {"type": "Feature", "geometry": {"type": "Polygon", "coordinates": [[[77.4865548, 12.936895], [77.4867895, 12.9368728], [77.4868257, 12.9371813], [77.4870752, 12.9371551], [77.4867158, 12.9366036], [77.4866004, 12.9365395], [77.4865052, 12.9365421], [77.4865548, 12.936895]]]}, "properties": {"name": "park 1286755643", "category": "park", "osm_id": 1286755643, "osm_type": "way"}}, {"type": "Feature", "geometry": {"type": "Polygon", "coordinates": [[[77.5516655, 12.8909266], [77.5514643, 12.8909789], [77.5527504, 12.8924823], [77.5536187, 12.8934923], [77.5544635, 12.8944751], [77.5548988, 12.8949753], [77.5550611, 12.8949282], [77.5550571, 12.8948812], [77.5530133, 12.8924352], [77.5516655, 12.8909266]]]}, "properties": {"name": "park 1290631846", "category": "park", "osm_id": 1290631846, "osm_type": "way"}}, {"type": "Feature", "geometry": {"type": "Polygon", "coordinates": [[[77.4886858, 12.955124], [77.4889943, 12.9550233], [77.4886711, 12.9542065], [77.4884941, 12.9542927], [77.4886858, 12.955124]]]}, "properties": {"name": "park 1296085039", "category": "park", "osm_id": 1296085039, "osm_type": "way"}}, {"type": "Feature", "geometry": {"type": "Polygon", "coordinates": [[[77.4890466, 12.9520421], [77.4893256, 12.9519951], [77.4892183, 12.9515951], [77.4889152, 12.9516762], [77.4890466, 12.9520421]]]}, "properties": {"name": "park 1296085053", "category": "park", "osm_id": 1296085053, "osm_type": "way"}}, {"type": "Feature", "geometry": {"type": "Polygon", "coordinates": [[[77.588232, 12.994624], [77.5884506, 12.9945602], [77.5883755, 12.9943156], [77.5881569, 12.9943793], [77.588232, 12.994624]]]}, "properties": {"name": "park 1297674402", "category": "park", "osm_id": 1297674402, "osm_type": "way"}}, {"type": "Feature", "geometry": {"type": "Polygon", "coordinates": [[[77.5872771, 12.9949702], [77.5872932, 12.9950225], [77.5873083, 12.9950377], [77.5873254, 12.9950506], [77.5873572, 12.9950665], [77.5873918, 12.9950748], [77.5874642, 12.99508], [77.587424, 12.9949343], [77.5872771, 12.9949702]]]}, "properties": {"name": "park 1297674403", "category": "park", "osm_id": 1297674403, "osm_type": "way"}}, {"type": "Feature", "geometry": {"type": "Polygon", "coordinates": [[[77.5875105, 12.9950232], [77.5876962, 12.9950905], [77.5876587, 12.9949487], [77.5875011, 12.9949925], [77.5875105, 12.9950232]]]}, "properties": {"name": "park 1297674404", "category": "park", "osm_id": 1297674404, "osm_type": "way"}}, {"type": "Feature", "geometry": {"type": "Polygon", "coordinates": [[[77.5883071, 12.9950604], [77.5884479, 12.995144], [77.5884518, 12.9951189], [77.5884604, 12.9950949], [77.5884734, 12.9950728], [77.5884949, 12.9950493], [77.5885213, 12.9950311], [77.5885512, 12.9950192], [77.5885445, 12.9949814], [77.5883017, 12.9950395], [77.5883071, 12.9950604]]]}, "properties": {"name": "park 1297674405", "category": "park", "osm_id": 1297674405, "osm_type": "way"}}, {"type": "Feature", "geometry": {"type": "Polygon", "coordinates": [[[77.5966367, 12.944717], [77.5964382, 12.9449539], [77.5961961, 12.9447582], [77.59621, 12.9447416], [77.5963906, 12.9445249], [77.5966367, 12.944717]]]}, "properties": {"name": "Safa Medicure Hospital", "category": "hospital", "osm_id": 1298074067, "osm_type": "way"}}, {"type": "Feature", "geometry": {"type": "Polygon", "coordinates": [[[77.4719314, 12.8621852], [77.4724706, 12.8631684], [77.4727938, 12.8631174], [77.4727079, 12.8627147], [77.4725242, 12.8627487], [77.4721742, 12.8621277], [77.4719314, 12.8621852]]]}, "properties": {"name": "park 1304109163", "category": "park", "osm_id": 1304109163, "osm_type": "way"}}, {"type": "Feature", "geometry": {"type": "Polygon", "coordinates": [[[77.5598676, 12.9653952], [77.5596906, 12.965573], [77.5590174, 12.9658278], [77.558994, 12.9658308], [77.5589705, 12.9658295], [77.5589477, 12.9658239], [77.5589241, 12.9658131], [77.5589034, 12.9657978], [77.5587264, 12.9654906], [77.5590509, 12.9653691], [77.5591083, 12.9655145], [77.5594304, 12.9653938], [77.5593753, 12.965254], [77.5595822, 12.9651765], [77.5595429, 12.9650767], [77.5596977, 12.9650142], [77.5598676, 12.9653952]]]}, "properties": {"name": "park 1307300212", "category": "park", "osm_id": 1307300212, "osm_type": "way"}}, {"type": "Feature", "geometry": {"type": "Polygon", "coordinates": [[[77.5705989, 12.9532968], [77.5705954, 12.9534505], [77.5702228, 12.9534424], [77.5702191, 12.9536043], [77.5701234, 12.9536023], [77.5701039, 12.9544568], [77.5714193, 12.9544853], [77.5715125, 12.9544849], [77.5714995, 12.9543778], [77.5721857, 12.9542849], [77.5721858, 12.9542655], [77.5721861, 12.954204], [77.5721884, 12.9537726], [77.5715192, 12.9537451], [77.5715353, 12.9533256], [77.5711327, 12.9533132], [77.5706279, 12.9532977], [77.5705989, 12.9532968]]]}, "properties": {"name": "Rangadore Memorial Hospital", "category": "hospital", "osm_id": 1307949928, "osm_type": "way"}}, {"type": "Feature", "geometry": {"type": "Polygon", "coordinates": [[[77.5894229, 12.8585779], [77.589498, 12.8583321], [77.5898062, 12.8583785], [77.5898066, 12.8584032], [77.5898111, 12.8587139], [77.5894229, 12.8585779]]]}, "properties": {"name": "park 1308843403", "category": "park", "osm_id": 1308843403, "osm_type": "way"}}, {"type": "Feature", "geometry": {"type": "Polygon", "coordinates": [[[77.5845409, 12.9615373], [77.5845431, 12.9616372], [77.584585, 12.9617094], [77.584594, 12.9619717], [77.5845046, 12.9620157], [77.5842731, 12.9615712], [77.5845409, 12.9615373]]]}, "properties": {"name": "park 1311064545", "category": "park", "osm_id": 1311064545, "osm_type": "way"}}, {"type": "Feature", "geometry": {"type": "Polygon", "coordinates": [[[77.5840357, 12.9611542], [77.5836597, 12.9604331], [77.583911, 12.9602284], [77.5840184, 12.9601534], [77.5840398, 12.960193], [77.5842262, 12.9605387], [77.5844209, 12.9609956], [77.5840357, 12.9611542]]]}, "properties": {"name": "Trustwell Hospitals", "category": "hospital", "osm_id": 1311064558, "osm_type": "way"}}, {"type": "Feature", "geometry": {"type": "Polygon", "coordinates": [[[77.5871526, 12.9657224], [77.5874055, 12.9655233], [77.5874064, 12.9654126], [77.5872721, 12.9652541], [77.5869915, 12.9654998], [77.5870431, 12.9655547], [77.5870246, 12.9655707], [77.5871526, 12.9657224]]]}, "properties": {"name": "park 1311251836", "category": "park", "osm_id": 1311251836, "osm_type": "way"}}, {"type": "Feature", "geometry": {"type": "Polygon", "coordinates": [[[77.5107155, 12.8132887], [77.5105606, 12.8132764], [77.5101113, 12.8133], [77.5101583, 12.8139368], [77.5103758, 12.8142168], [77.5103487, 12.8138518], [77.5106777, 12.8136748], [77.5107155, 12.8132887]]]}, "properties": {"name": "St. John's Health Centre", "category": "hospital", "osm_id": 1314992053, "osm_type": "way"}}, {"type": "Feature", "geometry": {"type": "Polygon", "coordinates": [[[77.4350055, 12.9001259], [77.4355003, 12.9002187], [77.435967, 12.9001678], [77.4360958, 12.9001338], [77.4360998, 12.8999207], [77.4349424, 12.8998854], [77.4350055, 12.9001259]]]}, "properties": {"name": "park 1327758220", "category": "park", "osm_id": 1327758220, "osm_type": "way"}}, {"type": "Feature", "geometry": {"type": "Polygon", "coordinates": [[[77.5009409, 12.922232], [77.5014263, 12.9220019], [77.5013834, 12.9219483], [77.5013427, 12.921948], [77.501303, 12.9219392], [77.501276, 12.9219277], [77.5012512, 12.9219124], [77.5012292, 12.9218934], [77.5008523, 12.9220673], [77.5008363, 12.9221182], [77.5009409, 12.922232]]]}, "properties": {"name": "park 1327820764", "category": "park", "osm_id": 1327820764, "osm_type": "way"}}, {"type": "Feature", "geometry": {"type": "Polygon", "coordinates": [[[77.5811402, 12.8740226], [77.5807708, 12.8741625], [77.580644, 12.8739102], [77.5805099, 12.8737441], [77.580404, 12.873684], [77.5801914, 12.8731434], [77.5798662, 12.8725021], [77.5795899, 12.8718968], [77.5794626, 12.8718712], [77.5794116, 12.8718709], [77.5791701, 12.8718692], [77.5789998, 12.871868], [77.578918, 12.8726093], [77.5788376, 12.873046], [77.5788136, 12.8730951], [77.5787839, 12.8731558], [77.5786746, 12.8731774], [77.5786726, 12.8734068], [77.5787169, 12.8741847], [77.5784674, 12.8742289], [77.5785103, 12.874841], [77.5781643, 12.8749267], [77.578226, 12.875411], [77.5781268, 12.8755274], [77.5782005, 12.8757732], [77.5783923, 12.8756967], [77.5787598, 12.8753901], [77.5792801, 12.875011], [77.5795081, 12.8749325], [77.5796932, 12.8749508], [77.5801975, 12.875126], [77.5807768, 12.8752463], [77.5812824, 12.8753156], [77.5814232, 12.8752528], [77.5814387, 12.8751181], [77.5813588, 12.8747338], [77.5811402, 12.8740226]]]}, "properties": {"name": "Krishna Nagara Lake Park", "category": "park", "osm_id": 1328835858, "osm_type": "way"}}, {"type": "Feature", "geometry": {"type": "Polygon", "coordinates": [[[77.5749081, 12.8744697], [77.5747351, 12.8744462], [77.5747646, 12.8746528], [77.5761554, 12.8744344], [77.5761433, 12.8743246], [77.5757933, 12.8743207], [77.5753574, 12.8744671], [77.5749081, 12.8744697]]]}, "properties": {"name": "park 1328835873", "category": "park", "osm_id": 1328835873, "osm_type": "way"}}, {"type": "Feature", "geometry": {"type": "Polygon", "coordinates": [[[77.5326204, 12.907585], [77.5330268, 12.9071902], [77.5324702, 12.9063105], [77.5318184, 12.9053719], [77.5315958, 12.905398], [77.5326204, 12.907585]]]}, "properties": {"name": "park 1329553265", "category": "park", "osm_id": 1329553265, "osm_type": "way"}}, {"type": "Feature", "geometry": {"type": "Polygon", "coordinates": [[[77.5308609, 12.8950629], [77.5308381, 12.8954773], [77.5308661, 12.8954883], [77.5308914, 12.8955044], [77.5309129, 12.8955251], [77.5309298, 12.8955495], [77.5309414, 12.8955766], [77.5309474, 12.8956072], [77.5309468, 12.8956384], [77.5309395, 12.8956688], [77.5309259, 12.8956969], [77.5309065, 12.8957218], [77.530936, 12.8959453], [77.5309642, 12.8962499], [77.5310496, 12.89637], [77.5315449, 12.8961636], [77.5312793, 12.8955387], [77.5308609, 12.8950629]]]}, "properties": {"name": "park 1329553309", "category": "park", "osm_id": 1329553309, "osm_type": "way"}}, {"type": "Feature", "geometry": {"type": "Polygon", "coordinates": [[[77.5126661, 12.9020803], [77.5138262, 12.9020698], [77.5141346, 12.9020162], [77.5142218, 12.9019273], [77.5142057, 12.9017247], [77.5140475, 12.9015155], [77.5134748, 12.9013116], [77.5131758, 12.9010319], [77.5126567, 12.9020293], [77.5126661, 12.9020803]]]}, "properties": {"name": "park 1329553338", "category": "park", "osm_id": 1329553338, "osm_type": "way"}}, {"type": "Feature", "geometry": {"type": "Polygon", "coordinates": [[[77.5238241, 12.9093589], [77.5238952, 12.9105119], [77.5240856, 12.9105184], [77.5239931, 12.9093132], [77.5238241, 12.9093589]]]}, "properties": {"name": "park 1329553365", "category": "park", "osm_id": 1329553365, "osm_type": "way"}}, {"type": "Feature", "geometry": {"type": "Polygon", "coordinates": [[[77.5240796, 12.9129733], [77.5242295, 12.9129432], [77.5242127, 12.9126936], [77.5240417, 12.9127148], [77.5240796, 12.9129733]]]}, "properties": {"name": "park 1329553366", "category": "park", "osm_id": 1329553366, "osm_type": "way"}}, {"type": "Feature", "geometry": {"type": "Polygon", "coordinates": [[[77.5240615, 12.9130727], [77.5241131, 12.9133145], [77.5242198, 12.9132883], [77.5242043, 12.9130459], [77.5240615, 12.9130727]]]}, "properties": {"name": "park 1329553368", "category": "park", "osm_id": 1329553368, "osm_type": "way"}}, {"type": "Feature", "geometry": {"type": "Polygon", "coordinates": [[[77.5240883, 12.9134223], [77.5241493, 12.913674], [77.5242674, 12.9136465], [77.5242506, 12.9133838], [77.5240883, 12.9134223]]]}, "properties": {"name": "park 1329553369", "category": "park", "osm_id": 1329553369, "osm_type": "way"}}, {"type": "Feature", "geometry": {"type": "Polygon", "coordinates": [[[77.5240628, 12.9137995], [77.5240883, 12.9142727], [77.5243163, 12.9142047], [77.5242835, 12.9137681], [77.5240628, 12.9137995]]]}, "properties": {"name": "park 1329553370", "category": "park", "osm_id": 1329553370, "osm_type": "way"}}, {"type": "Feature", "geometry": {"type": "Polygon", "coordinates": [[[77.5239885, 12.9114549], [77.5240383, 12.9126278], [77.5242046, 12.9126211], [77.5241548, 12.9114482], [77.5239885, 12.9114549]]]}, "properties": {"name": "park 1329553371", "category": "park", "osm_id": 1329553371, "osm_type": "way"}}, {"type": "Feature", "geometry": {"type": "Polygon", "coordinates": [[[77.5762291, 12.9163058], [77.5764249, 12.9156674], [77.5761929, 12.9154831], [77.5757816, 12.915508], [77.5757721, 12.9155845], [77.5757855, 12.9160326], [77.5762291, 12.9163058]]]}, "properties": {"name": "park 1329877106", "category": "park", "osm_id": 1329877106, "osm_type": "way"}}, {"type": "Feature", "geometry": {"type": "Polygon", "coordinates": [[[77.5735952, 12.9398411], [77.5736583, 12.9398925], [77.5737038, 12.9399333], [77.5737408, 12.9399741], [77.5737736, 12.9400182], [77.5737923, 12.9398483], [77.5735952, 12.9398411]]]}, "properties": {"name": "park 1330344691", "category": "park", "osm_id": 1330344691, "osm_type": "way"}}, {"type": "Feature", "geometry": {"type": "Polygon", "coordinates": [[[77.5792184, 12.8607496], [77.5793982, 12.8618688], [77.5801519, 12.8618021], [77.58007, 12.8606646], [77.5792184, 12.8607496]]]}, "properties": {"name": "park 1337360111", "category": "park", "osm_id": 1337360111, "osm_type": "way"}}, {"type": "Feature", "geometry": {"type": "Polygon", "coordinates": [[[77.5073151, 12.814014], [77.5075887, 12.8139054], [77.5074989, 12.8135367], [77.5080031, 12.8134163], [77.5077523, 12.8123702], [77.5075372, 12.8124079], [77.507622, 12.8127362], [77.5074585, 12.8127764], [77.5075485, 12.8131143], [77.5071408, 12.8132306], [77.5073151, 12.814014]]]}, "properties": {"name": "park 1338761248", "category": "park", "osm_id": 1338761248, "osm_type": "way"}}, {"type": "Feature", "geometry": {"type": "Polygon", "coordinates": [[[77.5364275, 12.9726002], [77.5364117, 12.9725548], [77.5363084, 12.9725888], [77.5362262, 12.9723513], [77.5365876, 12.9722324], [77.5368779, 12.972137], [77.5369758, 12.9724199], [77.5366861, 12.9725152], [77.5364275, 12.9726002]]]}, "properties": {"name": "MC Layout Park", "category": "park", "osm_id": 1341450596, "osm_type": "way"}}, {"type": "Feature", "geometry": {"type": "Polygon", "coordinates": [[[77.5762855, 12.9867643], [77.5762365, 12.9871453], [77.5764866, 12.9871694], [77.5764913, 12.9871047], [77.5762855, 12.9867643]]]}, "properties": {"name": "park 1342976500", "category": "park", "osm_id": 1342976500, "osm_type": "way"}}, {"type": "Feature", "geometry": {"type": "Polygon", "coordinates": [[[77.5370448, 12.9673713], [77.537199, 12.967698], [77.5374752, 12.9676157], [77.537364, 12.967268], [77.5370448, 12.9673713]]]}, "properties": {"name": "park 1343761959", "category": "park", "osm_id": 1343761959, "osm_type": "way"}}, {"type": "Feature", "geometry": {"type": "Polygon", "coordinates": [[[77.5530186, 12.8810713], [77.5533365, 12.8809301], [77.5536597, 12.8808445], [77.5533807, 12.8806255], [77.5529234, 12.8809746], [77.5530186, 12.8810713]]]}, "properties": {"name": "park 1347917770", "category": "park", "osm_id": 1347917770, "osm_type": "way"}}, {"type": "Feature", "geometry": {"type": "Polygon", "coordinates": [[[77.5519512, 12.8752149], [77.5515189, 12.8753255], [77.5520222, 12.8756634], [77.5519512, 12.8752149]]]}, "properties": {"name": "park 1349974770", "category": "park", "osm_id": 1349974770, "osm_type": "way"}}, {"type": "Feature", "geometry": {"type": "Polygon", "coordinates": [[[77.5324268, 12.8929113], [77.532504, 12.8931897], [77.5334319, 12.8929383], [77.5330892, 12.8927638], [77.5324268, 12.8929113]]]}, "properties": {"name": "park 1349974884", "category": "park", "osm_id": 1349974884, "osm_type": "way"}}, {"type": "Feature", "geometry": {"type": "Polygon", "coordinates": [[[77.5349263, 12.8903799], [77.5349263, 12.8906222], [77.5352351, 12.8910331], [77.5355362, 12.8909819], [77.5354466, 12.890398], [77.5349263, 12.8903799]]]}, "properties": {"name": "park 1349974886", "category": "park", "osm_id": 1349974886, "osm_type": "way"}}, {"type": "Feature", "geometry": {"type": "Polygon", "coordinates": [[[77.5208747, 12.8612749], [77.5209714, 12.861627], [77.5215311, 12.861481], [77.521419, 12.8610077], [77.5211027, 12.8611446], [77.5208747, 12.8612749]]]}, "properties": {"name": "park 1349974923", "category": "park", "osm_id": 1349974923, "osm_type": "way"}}, {"type": "Feature", "geometry": {"type": "Polygon", "coordinates": [[[77.5245673, 12.8682422], [77.5241533, 12.8682555], [77.5241549, 12.8684127], [77.5245424, 12.8684112], [77.5245673, 12.8682422]]]}, "properties": {"name": "park 1349974938", "category": "park", "osm_id": 1349974938, "osm_type": "way"}}, {"type": "Feature", "geometry": {"type": "Polygon", "coordinates": [[[77.4195546, 12.8377961], [77.419906, 12.8381452], [77.4212363, 12.8378549], [77.4211344, 12.8374496], [77.4195546, 12.8377961]]]}, "properties": {"name": "park 1351199742", "category": "park", "osm_id": 1351199742, "osm_type": "way"}}, {"type": "Feature", "geometry": {"type": "Polygon", "coordinates": [[[77.5441121, 12.8814307], [77.5443018, 12.8813606], [77.5439678, 12.8806023], [77.543708, 12.8809783], [77.5441121, 12.8814307]]]}, "properties": {"name": "park 1351984409", "category": "park", "osm_id": 1351984409, "osm_type": "way"}}, {"type": "Feature", "geometry": {"type": "Polygon", "coordinates": [[[77.5396009, 12.8807935], [77.5400823, 12.8809321], [77.5402245, 12.8810314], [77.5403009, 12.8812994], [77.5404873, 12.8814328], [77.540592, 12.8815478], [77.5407153, 12.8815334], [77.5407663, 12.8816328], [77.5414204, 12.881453], [77.541351, 12.8812341], [77.541866, 12.8811765], [77.5419389, 12.8811558], [77.5417727, 12.8803027], [77.5413188, 12.8804157], [77.5412397, 12.8800718], [77.5411388, 12.8798646], [77.5399917, 12.8801115], [77.5392978, 12.8802457], [77.5392924, 12.8807203], [77.5394292, 12.8808092], [77.539499, 12.8807438], [77.5396009, 12.8807935]]]}, "properties": {"name": "Gubbalala Lake Park", "category": "park", "osm_id": 1352002175, "osm_type": "way"}}, {"type": "Feature", "geometry": {"type": "Polygon", "coordinates": [[[77.5575926, 12.9201033], [77.5574557, 12.9197134], [77.5576286, 12.919587], [77.5579133, 12.9195518], [77.5580719, 12.9195202], [77.5582089, 12.9196537], [77.5582795, 12.9199596], [77.5587457, 12.9218744], [77.558776, 12.9220668], [77.5586995, 12.9221003], [77.558542, 12.9214455], [77.5583973, 12.9209159], [77.5582723, 12.9202754], [77.5581926, 12.9199456], [77.5575926, 12.9201033]]]}, "properties": {"name": "Gururaghavendra Layout Park", "category": "park", "osm_id": 1352846823, "osm_type": "way"}}, {"type": "Feature", "geometry": {"type": "Polygon", "coordinates": [[[77.5299262, 12.8960394], [77.5302172, 12.8958943], [77.5307576, 12.8957387], [77.5307337, 12.8957224], [77.5307138, 12.8957016], [77.5306986, 12.8956773], [77.5306894, 12.8956521], [77.5306853, 12.8956256], [77.5306866, 12.8955989], [77.5305015, 12.8955793], [77.5304826, 12.8956121], [77.5304575, 12.8956406], [77.5304271, 12.8956637], [77.5303925, 12.8956805], [77.5303553, 12.8956904], [77.5303156, 12.8956928], [77.5302763, 12.8956873], [77.5302389, 12.8956741], [77.5302051, 12.8956538], [77.5300294, 12.8957963], [77.529514, 12.8959547], [77.5295091, 12.8959937], [77.5299262, 12.8960394]]]}, "properties": {"name": "park 1353399765", "category": "park", "osm_id": 1353399765, "osm_type": "way"}}, {"type": "Feature", "geometry": {"type": "Polygon", "coordinates": [[[77.4841638, 12.9971627], [77.4852875, 12.9972453], [77.4852298, 12.9970584], [77.4842262, 12.9969681], [77.4841434, 12.9969607], [77.4841638, 12.9971627]]]}, "properties": {"name": "park 1353417459", "category": "park", "osm_id": 1353417459, "osm_type": "way"}}, {"type": "Feature", "geometry": {"type": "Polygon", "coordinates": [[[77.5083971, 12.9929095], [77.5097356, 12.9931935], [77.5097616, 12.993077], [77.5084231, 12.992793], [77.5083971, 12.9929095]]]}, "properties": {"name": "park 1353420077", "category": "park", "osm_id": 1353420077, "osm_type": "way"}}, {"type": "Feature", "geometry": {"type": "Polygon", "coordinates": [[[77.5046504, 12.9913322], [77.5047442, 12.9910617], [77.5051063, 12.9905873], [77.5044358, 12.9906971], [77.5044747, 12.9911074], [77.5046504, 12.9913322]]]}, "properties": {"name": "park 1353420078", "category": "park", "osm_id": 1353420078, "osm_type": "way"}}, {"type": "Feature", "geometry": {"type": "Polygon", "coordinates": [[[77.5055113, 12.9922313], [77.5065292, 12.9924717], [77.5079025, 12.9927788], [77.5079213, 12.9926743], [77.5055301, 12.9921123], [77.5055113, 12.9922313]]]}, "properties": {"name": "park 1353420079", "category": "park", "osm_id": 1353420079, "osm_type": "way"}}, {"type": "Feature", "geometry": {"type": "Polygon", "coordinates": [[[77.5017931, 12.9908141], [77.5017019, 12.9908644], [77.5016972, 12.9909029], [77.5034937, 12.991472], [77.5034628, 12.9913603], [77.5017931, 12.9908141]]]}, "properties": {"name": "park 1353420080", "category": "park", "osm_id": 1353420080, "osm_type": "way"}}, {"type": "Feature", "geometry": {"type": "Polygon", "coordinates": [[[77.4995327, 12.9901705], [77.5011487, 12.9907023], [77.5011916, 12.990586], [77.4996614, 12.9900633], [77.4995327, 12.9901705]]]}, "properties": {"name": "park 1353420081", "category": "park", "osm_id": 1353420081, "osm_type": "way"}}, {"type": "Feature", "geometry": {"type": "Polygon", "coordinates": [[[77.5905146, 12.8602841], [77.5901196, 12.8604072], [77.590261, 12.8608259], [77.5903979, 12.860781], [77.5905146, 12.8602841]]]}, "properties": {"name": "park 1356597057", "category": "park", "osm_id": 1356597057, "osm_type": "way"}}, {"type": "Feature", "geometry": {"type": "Polygon", "coordinates": [[[77.4921218, 12.931919], [77.4927876, 12.9318602], [77.4928989, 12.9317288], [77.4928567, 12.9316197], [77.4921177, 12.9318647], [77.4921218, 12.931919]]]}, "properties": {"name": "park 1356604466", "category": "park", "osm_id": 1356604466, "osm_type": "way"}}, {"type": "Feature", "geometry": {"type": "Polygon", "coordinates": [[[77.4941026, 12.9298518], [77.4935138, 12.9300564], [77.493711, 12.9304988], [77.4941026, 12.9298518]]]}, "properties": {"name": "park 1356604467", "category": "park", "osm_id": 1356604467, "osm_type": "way"}}, {"type": "Feature", "geometry": {"type": "Polygon", "coordinates": [[[77.4595624, 12.8173499], [77.4603081, 12.8175277], [77.4605824, 12.8164341], [77.4598368, 12.8162562], [77.4595624, 12.8173499]]]}, "properties": {"name": "park 1357538544", "category": "park", "osm_id": 1357538544, "osm_type": "way"}}, {"type": "Feature", "geometry": {"type": "Polygon", "coordinates": [[[77.4712689, 12.9509234], [77.4720749, 12.9508907], [77.4720803, 12.9512135], [77.4724504, 12.9512802], [77.4722359, 12.9508972], [77.4724799, 12.9507992], [77.472433, 12.9506044], [77.4719971, 12.9507038], [77.4719797, 12.9505875], [77.4712579, 12.95074], [77.4712689, 12.9509234]]]}, "properties": {"name": "park 1360543546", "category": "park", "osm_id": 1360543546, "osm_type": "way"}}, {"type": "Feature", "geometry": {"type": "Polygon", "coordinates": [[[77.4741992, 12.9524212], [77.4737634, 12.9524264], [77.4739176, 12.9527518], [77.4740839, 12.9528825], [77.4743696, 12.9527845], [77.4741992, 12.9524212]]]}, "properties": {"name": "park 1360543548", "category": "park", "osm_id": 1360543548, "osm_type": "way"}}, {"type": "Feature", "geometry": {"type": "Polygon", "coordinates": [[[77.4739484, 12.9542875], [77.4745721, 12.9542705], [77.4745694, 12.9539242], [77.4744996, 12.9539229], [77.4741778, 12.9534524], [77.4737392, 12.9538131], [77.4739386, 12.9542653], [77.4739484, 12.9542875]]]}, "properties": {"name": "park 1360543549", "category": "park", "osm_id": 1360543549, "osm_type": "way"}}, {"type": "Feature", "geometry": {"type": "Polygon", "coordinates": [[[77.474108, 12.9717049], [77.4741982, 12.9719307], [77.4743388, 12.9722786], [77.4746048, 12.9722917], [77.4746244, 12.9718201], [77.4746289, 12.9717102], [77.474108, 12.9717049]]]}, "properties": {"name": "park 1360644139", "category": "park", "osm_id": 1360644139, "osm_type": "way"}}, {"type": "Feature", "geometry": {"type": "Polygon", "coordinates": [[[77.480548, 12.9514919], [77.4816558, 12.9514448], [77.4816585, 12.9506881], [77.4814291, 12.9506985], [77.4814305, 12.9506397], [77.4811569, 12.9506724], [77.4804609, 12.9508188], [77.480548, 12.9514919]]]}, "properties": {"name": "Government Multi-Speciality Hospital", "category": "hospital", "osm_id": 1360644157, "osm_type": "way"}}, {"type": "Feature", "geometry": {"type": "Polygon", "coordinates": [[[77.5298565, 12.9288264], [77.5299221, 12.9286761], [77.5300388, 12.9282617], [77.5297451, 12.9282513], [77.5297062, 12.9280879], [77.5294568, 12.9278957], [77.5292112, 12.9278089], [77.5292545, 12.9281025], [77.529387, 12.9285754], [77.5297679, 12.9287166], [77.5298565, 12.9288264]]]}, "properties": {"name": "park 1363986258", "category": "park", "osm_id": 1363986258, "osm_type": "way"}}, {"type": "Feature", "geometry": {"type": "Polygon", "coordinates": [[[77.5271273, 12.9336274], [77.5273043, 12.9335698], [77.5274947, 12.933413], [77.5282538, 12.9333973], [77.5282565, 12.9328196], [77.5265372, 12.9329294], [77.5267222, 12.9332823], [77.526564, 12.9333424], [77.5267732, 12.9337345], [77.5271809, 12.9339855], [77.5271273, 12.9336274]]]}, "properties": {"name": "park 1363986274", "category": "park", "osm_id": 1363986274, "osm_type": "way"}}, {"type": "Feature", "geometry": {"type": "Polygon", "coordinates": [[[77.5077604, 12.9268226], [77.5077429, 12.9266671], [77.5074519, 12.9266932], [77.5073487, 12.926671], [77.5069758, 12.926705], [77.5068605, 12.926501], [77.5067452, 12.926518], [77.5067532, 12.9265756], [77.5064877, 12.9265899], [77.5063999, 12.9266431], [77.5064515, 12.9267828], [77.5065467, 12.9267468], [77.5068283, 12.9267246], [77.5068766, 12.9267455], [77.5068873, 12.9268396], [77.5070067, 12.9268906], [77.5072789, 12.92685], [77.5076866, 12.9268657], [77.5077604, 12.9268226]]]}, "properties": {"name": "park 1364433566", "category": "park", "osm_id": 1364433566, "osm_type": "way"}}, {"type": "Feature", "geometry": {"type": "Polygon", "coordinates": [[[77.5080742, 12.9260788], [77.5079146, 12.9261011], [77.5080058, 12.9263259], [77.5079414, 12.9263285], [77.5078301, 12.9264958], [77.5078556, 12.9267141], [77.5080081, 12.9267011], [77.5080876, 12.9265912], [77.5082292, 12.9265375], [77.5080742, 12.9260788]]]}, "properties": {"name": "park 1364433567", "category": "park", "osm_id": 1364433567, "osm_type": "way"}}, {"type": "Feature", "geometry": {"type": "Polygon", "coordinates": [[[77.4538254, 12.9419093], [77.4540156, 12.942978], [77.4548149, 12.9427689], [77.4543402, 12.9422566], [77.4543162, 12.9417974], [77.4538254, 12.9419093]]]}, "properties": {"name": "park 1365570039", "category": "park", "osm_id": 1365570039, "osm_type": "way"}}, {"type": "Feature", "geometry": {"type": "Polygon", "coordinates": [[[77.4453306, 12.9467632], [77.4451429, 12.9468337], [77.4455237, 12.9483917], [77.4457946, 12.9483342], [77.4457651, 12.9479238], [77.4453306, 12.9467632]]]}, "properties": {"name": "park 1365570055", "category": "park", "osm_id": 1365570055, "osm_type": "way"}}, {"type": "Feature", "geometry": {"type": "Polygon", "coordinates": [[[77.4524827, 12.9493824], [77.4530165, 12.9490753], [77.4529776, 12.9489668], [77.4527456, 12.9489851], [77.4527496, 12.949057], [77.4524707, 12.9490766], [77.4524827, 12.9493824]]]}, "properties": {"name": "park 1365671207", "category": "park", "osm_id": 1365671207, "osm_type": "way"}}, {"type": "Feature", "geometry": {"type": "Polygon", "coordinates": [[[77.4111982, 12.946639], [77.4114329, 12.9466416], [77.4114409, 12.9459548], [77.4112062, 12.9459522], [77.4111982, 12.946639]]]}, "properties": {"name": "park 1365671216", "category": "park", "osm_id": 1365671216, "osm_type": "way"}}, {"type": "Feature", "geometry": {"type": "Polygon", "coordinates": [[[77.4116166, 12.9439465], [77.4115871, 12.9449843], [77.41174, 12.9449569], [77.4117762, 12.9440276], [77.4116166, 12.9439465]]]}, "properties": {"name": "park 1365671217", "category": "park", "osm_id": 1365671217, "osm_type": "way"}}, {"type": "Feature", "geometry": {"type": "Polygon", "coordinates": [[[77.4106416, 12.9440132], [77.4102446, 12.9446615], [77.4110225, 12.9446641], [77.4110413, 12.9442014], [77.4106416, 12.9440132]]]}, "properties": {"name": "park 1365671218", "category": "park", "osm_id": 1365671218, "osm_type": "way"}}, {"type": "Feature", "geometry": {"type": "Polygon", "coordinates": [[[77.4088713, 12.9436472], [77.4088445, 12.9446732], [77.408849, 12.9446885], [77.4088577, 12.944702], [77.40887, 12.9447125], [77.4088859, 12.9447194], [77.4089033, 12.9447213], [77.4089204, 12.944718], [77.4089357, 12.9447098], [77.4095634, 12.9437047], [77.4088713, 12.9436472]]]}, "properties": {"name": "park 1365671220", "category": "park", "osm_id": 1365671220, "osm_type": "way"}}, {"type": "Feature", "geometry": {"type": "Polygon", "coordinates": [[[77.4088767, 12.9431597], [77.408874, 12.9435727], [77.4096304, 12.9436028], [77.4098879, 12.9432015], [77.4093984, 12.9430499], [77.4088767, 12.9431597]]]}, "properties": {"name": "park 1365671221", "category": "park", "osm_id": 1365671221, "osm_type": "way"}}, {"type": "Feature", "geometry": {"type": "Polygon", "coordinates": [[[77.4350701, 12.8783984], [77.4348244, 12.8777565], [77.4334779, 12.8771995], [77.4350701, 12.8783984]]]}, "properties": {"name": "park 1368604674", "category": "park", "osm_id": 1368604674, "osm_type": "way"}}, {"type": "Feature", "geometry": {"type": "Polygon", "coordinates": [[[77.4352001, 12.8784962], [77.4356344, 12.8788233], [77.4358517, 12.8786115], [77.4362165, 12.8783997], [77.4361762, 12.8783056], [77.4358517, 12.8783108], [77.4352001, 12.8784962]]]}, "properties": {"name": "park 1368604675", "category": "park", "osm_id": 1368604675, "osm_type": "way"}}, {"type": "Feature", "geometry": {"type": "Polygon", "coordinates": [[[77.4419797, 12.8783124], [77.441994, 12.8781291], [77.4414763, 12.8780101], [77.4413395, 12.8779813], [77.4409613, 12.8779709], [77.4401218, 12.8775826], [77.4401013, 12.8778595], [77.4404865, 12.8780297], [77.4409372, 12.8782703], [77.4411303, 12.8782964], [77.4413529, 12.8782324], [77.4416023, 12.8782467], [77.4418437, 12.8783631], [77.4419797, 12.8783124]]]}, "properties": {"name": "park 1368604701", "category": "park", "osm_id": 1368604701, "osm_type": "way"}}, {"type": "Feature", "geometry": {"type": "Polygon", "coordinates": [[[77.5063629, 12.9597689], [77.5058694, 12.9598852], [77.5059324, 12.9600381], [77.50643, 12.960063], [77.5063629, 12.9597689]]]}, "properties": {"name": "park 1370235929", "category": "park", "osm_id": 1370235929, "osm_type": "way"}}, {"type": "Feature", "geometry": {"type": "Polygon", "coordinates": [[[77.5027335, 12.9412503], [77.5031443, 12.9415306], [77.5036537, 12.9407939], [77.5031608, 12.9405537], [77.5027335, 12.9412503]]]}, "properties": {"name": "park 1377355335", "category": "park", "osm_id": 1377355335, "osm_type": "way"}}, {"type": "Feature", "geometry": {"type": "Polygon", "coordinates": [[[77.5512202, 12.9972742], [77.5513417, 12.997269], [77.5513401, 12.9975315], [77.5511657, 12.9975322], [77.5512202, 12.9972742]]]}, "properties": {"name": "park 1380176403", "category": "park", "osm_id": 1380176403, "osm_type": "way"}}, {"type": "Feature", "geometry": {"type": "Polygon", "coordinates": [[[77.5488731, 12.8870288], [77.5488943, 12.8870856], [77.5494813, 12.8868371], [77.5508192, 12.8866282], [77.5515783, 12.8864504], [77.5515461, 12.8862098], [77.5504839, 12.8862319], [77.5504169, 12.8862333], [77.5504142, 12.8860791], [77.549607, 12.8863688], [77.5488684, 12.8867604], [77.5488643, 12.8869167], [77.5488731, 12.8870288]]]}, "properties": {"name": "park 1384900336", "category": "park", "osm_id": 1384900336, "osm_type": "way"}}, {"type": "Feature", "geometry": {"type": "Polygon", "coordinates": [[[77.5729204, 12.9139794], [77.5729016, 12.9136843], [77.5730737, 12.913673], [77.5731255, 12.9139789], [77.5729204, 12.9139794]]]}, "properties": {"name": "park 1385509256", "category": "park", "osm_id": 1385509256, "osm_type": "way"}}, {"type": "Feature", "geometry": {"type": "Polygon", "coordinates": [[[77.5726817, 12.914216], [77.5726734, 12.9140709], [77.5731957, 12.9140428], [77.573204, 12.914188], [77.5726817, 12.914216]]]}, "properties": {"name": "park 1385509257", "category": "park", "osm_id": 1385509257, "osm_type": "way"}}, {"type": "Feature", "geometry": {"type": "Polygon", "coordinates": [[[77.510916, 12.9835581], [77.5111145, 12.9835175], [77.5111426, 12.9829974], [77.5110354, 12.9829713], [77.5109388, 12.9834235], [77.510916, 12.9835581]]]}, "properties": {"name": "park 1390079382", "category": "park", "osm_id": 1390079382, "osm_type": "way"}}, {"type": "Feature", "geometry": {"type": "Polygon", "coordinates": [[[77.545141, 12.8664501], [77.5445617, 12.8666952], [77.5446448, 12.8668843], [77.5446851, 12.8669712], [77.5445259, 12.8670413], [77.5444856, 12.8669544], [77.5441942, 12.8670829], [77.5442277, 12.8673195], [77.5440292, 12.8673966], [77.5440359, 12.8674202], [77.5449935, 12.8672162], [77.5451879, 12.8671744], [77.5451235, 12.866892], [77.5453033, 12.8668227], [77.545141, 12.8664501]]]}, "properties": {"name": "R K gardens, BBMP Park", "category": "park", "osm_id": 1390725577, "osm_type": "way"}}, {"type": "Feature", "geometry": {"type": "Polygon", "coordinates": [[[77.5936174, 12.8651005], [77.5938371, 12.865033], [77.5937558, 12.8647816], [77.5935361, 12.8648492], [77.5936174, 12.8651005]]]}, "properties": {"name": "park 1391339681", "category": "park", "osm_id": 1391339681, "osm_type": "way"}}, {"type": "Feature", "geometry": {"type": "Polygon", "coordinates": [[[77.5876889, 12.8698755], [77.5880845, 12.8711176], [77.5881851, 12.8711058], [77.5881998, 12.8701291], [77.5876889, 12.8698755]]]}, "properties": {"name": "park 1391367665", "category": "park", "osm_id": 1391367665, "osm_type": "way"}}, {"type": "Feature", "geometry": {"type": "Polygon", "coordinates": [[[77.4431325, 12.9138923], [77.4427342, 12.9139367], [77.4428241, 12.9144596], [77.4432506, 12.9144282], [77.4431325, 12.9138923]]]}, "properties": {"name": "park 1392193966", "category": "park", "osm_id": 1392193966, "osm_type": "way"}}, {"type": "Feature", "geometry": {"type": "Polygon", "coordinates": [[[77.4430715, 12.9177367], [77.4430615, 12.9183425], [77.4433337, 12.9182504], [77.4432418, 12.9177275], [77.4430715, 12.9177367]]]}, "properties": {"name": "park 1392193967", "category": "park", "osm_id": 1392193967, "osm_type": "way"}}, {"type": "Feature", "geometry": {"type": "Polygon", "coordinates": [[[77.5764275, 12.9269903], [77.5764275, 12.9271997], [77.5764289, 12.9272213], [77.5768588, 12.9272219], [77.5768886, 12.9269971], [77.5767958, 12.9269958], [77.5764275, 12.9269903]]]}, "properties": {"name": "Yadiyuru Maternity Hospital", "category": "hospital", "osm_id": 1395462349, "osm_type": "way"}}, {"type": "Feature", "geometry": {"type": "Polygon", "coordinates": [[[77.5774733, 12.9264017], [77.5771464, 12.9264082], [77.5771431, 12.9267808], [77.5771049, 12.9271847], [77.5774895, 12.9271858], [77.5774782, 12.9266424], [77.5774733, 12.9264017]]]}, "properties": {"name": "Ayurveda Prathisthana Hospital", "category": "hospital", "osm_id": 1395462350, "osm_type": "way"}}, {"type": "Feature", "geometry": {"type": "Polygon", "coordinates": [[[77.5765219, 12.9264274], [77.5769114, 12.9264242], [77.5769138, 12.9267067], [77.5765244, 12.92671], [77.5765219, 12.9264274]]]}, "properties": {"name": "park 1395462356", "category": "park", "osm_id": 1395462356, "osm_type": "way"}}, {"type": "Feature", "geometry": {"type": "Polygon", "coordinates": [[[77.4727664, 12.9523089], [77.4731572, 12.9523048], [77.4731529, 12.9519223], [77.4727622, 12.9519264], [77.4727664, 12.9523089]]]}, "properties": {"name": "park 1410065956", "category": "park", "osm_id": 1410065956, "osm_type": "way"}}, {"type": "Feature", "geometry": {"type": "Polygon", "coordinates": [[[77.4705819, 12.9382351], [77.4706444, 12.9394052], [77.4710333, 12.9393589], [77.4709593, 12.9381778], [77.4705819, 12.9382351]]]}, "properties": {"name": "Vishveshwaraiah Layout 4th Block Park", "category": "park", "osm_id": 1410092195, "osm_type": "way"}}, {"type": "Feature", "geometry": {"type": "Polygon", "coordinates": [[[77.4826428, 12.9403875], [77.4828908, 12.9419024], [77.4831279, 12.9419006], [77.4830596, 12.9411131], [77.4830623, 12.9410454], [77.4830741, 12.9409786], [77.4830948, 12.9409139], [77.4831241, 12.9408525], [77.4831624, 12.9407942], [77.4832083, 12.9407414], [77.4832612, 12.9406951], [77.4833199, 12.9406562], [77.4833835, 12.9406254], [77.4834508, 12.9406032], [77.4835205, 12.94059], [77.4834959, 12.9404015], [77.4826428, 12.9403875]]]}, "properties": {"name": "Vishveshwaraiah Layout 3rd Block Park", "category": "park", "osm_id": 1410092219, "osm_type": "way"}}, {"type": "Feature", "geometry": {"type": "Polygon", "coordinates": [[[77.4864822, 12.983491], [77.4876774, 12.9831133], [77.487546, 12.9827187], [77.4863509, 12.9830964], [77.4864822, 12.983491]]]}, "properties": {"name": "park 1412647454", "category": "park", "osm_id": 1412647454, "osm_type": "way"}}, {"type": "Feature", "geometry": {"type": "Polygon", "coordinates": [[[77.4858941, 12.9817087], [77.4860362, 12.9821199], [77.486784, 12.9818302], [77.4866725, 12.9814605], [77.4858941, 12.9817087]]]}, "properties": {"name": "park 1412647455", "category": "park", "osm_id": 1412647455, "osm_type": "way"}}, {"type": "Feature", "geometry": {"type": "Polygon", "coordinates": [[[77.5529085, 12.9003654], [77.5520705, 12.9006162], [77.5520919, 12.9007048], [77.5530868, 12.9007374], [77.5529184, 12.9003994], [77.5529085, 12.9003654]]]}, "properties": {"name": "park 1416231938", "category": "park", "osm_id": 1416231938, "osm_type": "way"}}, {"type": "Feature", "geometry": {"type": "Polygon", "coordinates": [[[77.5176535, 12.9680203], [77.5178871, 12.9677241], [77.5179595, 12.967515], [77.5179005, 12.9672327], [77.5176736, 12.9669597], [77.5176535, 12.9680203]]]}, "properties": {"name": "park 1419884035", "category": "park", "osm_id": 1419884035, "osm_type": "way"}}, {"type": "Feature", "geometry": {"type": "Polygon", "coordinates": [[[77.5865417, 12.8820296], [77.5866348, 12.8824996], [77.5867541, 12.8825689], [77.5868131, 12.8821636], [77.5866978, 12.8821453], [77.5867286, 12.8819963], [77.5865417, 12.8820296]]]}, "properties": {"name": "park 1424925237", "category": "park", "osm_id": 1424925237, "osm_type": "way"}}, {"type": "Feature", "geometry": {"type": "Polygon", "coordinates": [[[77.5861057, 12.8798286], [77.586298, 12.8807994], [77.5863892, 12.879975], [77.5861057, 12.8798286]]]}, "properties": {"name": "park 1424925238", "category": "park", "osm_id": 1424925238, "osm_type": "way"}}, {"type": "Feature", "geometry": {"type": "Polygon", "coordinates": [[[77.5870264, 12.8804497], [77.5868974, 12.8810994], [77.5874904, 12.8811818], [77.5875199, 12.8807033], [77.5870264, 12.8804497]]]}, "properties": {"name": "park 1424925244", "category": "park", "osm_id": 1424925244, "osm_type": "way"}}, {"type": "Feature", "geometry": {"type": "Polygon", "coordinates": [[[77.5472333, 12.9258014], [77.5473896, 12.9256762], [77.5480503, 12.9264595], [77.5478941, 12.9265847], [77.5472333, 12.9258014]]]}, "properties": {"name": "Kuvempu Park", "category": "park", "osm_id": 1427123916, "osm_type": "way"}}, {"type": "Feature", "geometry": {"type": "Polygon", "coordinates": [[[77.4844531, 12.9641665], [77.4843981, 12.963993], [77.484055, 12.9640962], [77.4842591, 12.9647404], [77.4846022, 12.9646372], [77.4845181, 12.9643717], [77.4843119, 12.9644287], [77.4842518, 12.9642221], [77.4844531, 12.9641665]]]}, "properties": {"name": "RR Park", "category": "park", "osm_id": 1428274268, "osm_type": "way"}}, {"type": "Feature", "geometry": {"type": "Polygon", "coordinates": [[[77.5968499, 12.9434204], [77.5967327, 12.9441916], [77.5967219, 12.9442628], [77.5969633, 12.9443066], [77.5971222, 12.9434673], [77.5968499, 12.9434204]]]}, "properties": {"name": "Vignan Hospital", "category": "hospital", "osm_id": 1432018658, "osm_type": "way"}}, {"type": "Feature", "geometry": {"type": "Polygon", "coordinates": [[[77.5166988, 12.8936], [77.5159425, 12.8935268], [77.5160632, 12.8923555], [77.5158808, 12.8923503], [77.5159398, 12.8924993], [77.5159264, 12.8926902], [77.5158754, 12.8928993], [77.515744, 12.8931974], [77.5157467, 12.8932941], [77.5158218, 12.8936549], [77.5159103, 12.8937203], [77.516495, 12.8936706], [77.5166988, 12.8936]]]}, "properties": {"name": "park 1442517463", "category": "park", "osm_id": 1442517463, "osm_type": "way"}}, {"type": "Feature", "geometry": {"type": "Polygon", "coordinates": [[[77.588708, 12.8727452], [77.5886537, 12.8731995], [77.5890674, 12.873278], [77.5891161, 12.8731375], [77.5890379, 12.873065], [77.5889648, 12.8729877], [77.5888971, 12.8729057], [77.588833, 12.8728165], [77.5887754, 12.8727233], [77.588708, 12.8727452]]]}, "properties": {"name": "park 1445695930", "category": "park", "osm_id": 1445695930, "osm_type": "way"}}, {"type": "Feature", "geometry": {"type": "Polygon", "coordinates": [[[77.5910589, 12.8743399], [77.5913377, 12.8743417], [77.5910701, 12.874183], [77.5910589, 12.8743399]]]}, "properties": {"name": "park 1445695931", "category": "park", "osm_id": 1445695931, "osm_type": "way"}}, {"type": "Feature", "geometry": {"type": "Polygon", "coordinates": [[[77.59213, 12.8748127], [77.5918562, 12.8746601], [77.591846, 12.8747327], [77.5920962, 12.8748876], [77.59213, 12.8748127]]]}, "properties": {"name": "park 1445695932", "category": "park", "osm_id": 1445695932, "osm_type": "way"}}, {"type": "Feature", "geometry": {"type": "Polygon", "coordinates": [[[77.5864555, 12.8739631], [77.586871, 12.8740033], [77.5869271, 12.8735644], [77.5864555, 12.8739631]]]}, "properties": {"name": "park 1445695941", "category": "park", "osm_id": 1445695941, "osm_type": "way"}}, {"type": "Feature", "geometry": {"type": "Polygon", "coordinates": [[[77.5411734, 12.9618288], [77.5418078, 12.9617991], [77.5413144, 12.9611113], [77.5410815, 12.9611909], [77.5410573, 12.9612549], [77.5410882, 12.9614183], [77.5411734, 12.9618288]]]}, "properties": {"name": "park 1457945496", "category": "park", "osm_id": 1457945496, "osm_type": "way"}}, {"type": "Feature", "geometry": {"type": "Polygon", "coordinates": [[[77.5344172, 12.9547495], [77.5346679, 12.9544208], [77.5347605, 12.9544891], [77.5348679, 12.9543902], [77.5347799, 12.9543088], [77.5347426, 12.9541939], [77.534368, 12.9542942], [77.5344172, 12.9547495]]]}, "properties": {"name": "park 1457945526", "category": "park", "osm_id": 1457945526, "osm_type": "way"}}, {"type": "Feature", "geometry": {"type": "Polygon", "coordinates": [[[77.543053, 12.9962011], [77.5428675, 12.9955286], [77.5428033, 12.9955325], [77.5428544, 12.9963174], [77.543053, 12.9962011]]]}, "properties": {"name": "Shiva Sharane Akka Mahadevi Park", "category": "park", "osm_id": 1457959841, "osm_type": "way"}}, {"type": "Feature", "geometry": {"type": "Polygon", "coordinates": [[[77.5769674, 12.8705227], [77.5768903, 12.8699664], [77.5774301, 12.8699134], [77.577528, 12.8705711], [77.5769674, 12.8705227]]]}, "properties": {"name": "park 1501512918", "category": "park", "osm_id": 1501512918, "osm_type": "way"}}, {"type": "Feature", "geometry": {"type": "Polygon", "coordinates": [[[77.576732, 12.869601], [77.5768983, 12.8695722], [77.5767944, 12.8690355], [77.576783, 12.8689048], [77.5767877, 12.8688505], [77.5768078, 12.8688152], [77.5775273, 12.8687119], [77.5774998, 12.8684851], [77.5772712, 12.8685106], [77.5772524, 12.8683256], [77.5768125, 12.8682576], [77.5767636, 12.8685249], [77.5766844, 12.8686622], [77.5766053, 12.8687171], [77.576732, 12.869601]]]}, "properties": {"name": "park 1501661099", "category": "park", "osm_id": 1501661099, "osm_type": "way"}}, {"type": "Feature", "geometry": {"type": "Polygon", "coordinates": [[[77.5771692, 12.8727845], [77.5772537, 12.8727812], [77.5772946, 12.8727734], [77.5772819, 12.8725916], [77.5772712, 12.8720523], [77.5772813, 12.8717922], [77.5770579, 12.8718288], [77.5771692, 12.8727845]]]}, "properties": {"name": "park 1501691922", "category": "park", "osm_id": 1501691922, "osm_type": "way"}}, {"type": "Feature", "geometry": {"type": "Polygon", "coordinates": [[[77.5801988, 12.9947638], [77.5804491, 12.9946024], [77.5803423, 12.9943966], [77.5801559, 12.9941927], [77.5801988, 12.9947638]]]}, "properties": {"name": "park 1529969216", "category": "park", "osm_id": 1529969216, "osm_type": "way"}}, {"type": "Feature", "geometry": {"type": "Polygon", "coordinates": [[[77.5072084, 12.9617539], [77.5074869, 12.9616403], [77.5072763, 12.96115], [77.5069978, 12.9612636], [77.5070105, 12.9612933], [77.5072084, 12.9617539]]]}, "properties": {"name": "park 1537523724", "category": "park", "osm_id": 1537523724, "osm_type": "way"}}, {"type": "Feature", "geometry": {"type": "Polygon", "coordinates": [[[77.5012976, 12.9658814], [77.5026119, 12.9652881], [77.5024986, 12.9650497], [77.5023407, 12.965121], [77.5011843, 12.9656431], [77.5012976, 12.9658814]]]}, "properties": {"name": "MPM Layout Park", "category": "park", "osm_id": 1538996365, "osm_type": "way"}}, {"type": "Feature", "geometry": {"type": "Polygon", "coordinates": [[[77.5102441, 12.9632506], [77.510393, 12.9630441], [77.5104533, 12.9626977], [77.5100563, 12.9628676], [77.5102441, 12.9632506]]]}, "properties": {"name": "park 1540189000", "category": "park", "osm_id": 1540189000, "osm_type": "way"}}, {"type": "Feature", "geometry": {"type": "Polygon", "coordinates": [[[77.5115061, 12.8044675], [77.5117958, 12.8054457], [77.5121444, 12.8059636], [77.51252, 12.8058799], [77.5123858, 12.805158], [77.5125951, 12.8051319], [77.5128418, 12.8043211], [77.5128525, 12.8041118], [77.5115061, 12.8044675]]]}, "properties": {"name": "Kaggalipura Government Hospital", "category": "hospital", "osm_id": 1540946659, "osm_type": "way"}}, {"type": "Feature", "geometry": {"type": "Polygon", "coordinates": [[[77.5131825, 12.9770474], [77.5127989, 12.9772591], [77.5128767, 12.9774813], [77.5129639, 12.9776786], [77.5132187, 12.9775845], [77.5133501, 12.9775192], [77.5131825, 12.9770474]]]}, "properties": {"name": "park 1541320378", "category": "park", "osm_id": 1541320378, "osm_type": "way"}}, {"type": "Feature", "geometry": {"type": "Polygon", "coordinates": [[[77.5092551, 12.9760313], [77.509133, 12.975638], [77.5088715, 12.9757151], [77.5089935, 12.9761084], [77.5092551, 12.9760313]]]}, "properties": {"name": "park 1542847523", "category": "park", "osm_id": 1542847523, "osm_type": "way"}}, {"type": "Feature", "geometry": {"type": "Polygon", "coordinates": [[[77.4935433, 12.9736992], [77.4943131, 12.9735372], [77.4942756, 12.973349], [77.4940315, 12.9729073], [77.4935004, 12.9729073], [77.493479, 12.9729961], [77.4931973, 12.9730745], [77.4932617, 12.9735346], [77.4935433, 12.9736992]]]}, "properties": {"name": "park 1543999418", "category": "park", "osm_id": 1543999418, "osm_type": "way"}}, {"type": "Feature", "geometry": {"type": "Polygon", "coordinates": [[[77.5729853, 12.9358326], [77.5732116, 12.9358335], [77.5732136, 12.9353847], [77.5729874, 12.9353837], [77.5729853, 12.9358326]]]}, "properties": {"name": "Smt. Komala Ramachandra Park", "category": "park", "osm_id": 1545024787, "osm_type": "way"}}, {"type": "Feature", "geometry": {"type": "Polygon", "coordinates": [[[77.5784634, 12.9338313], [77.5788776, 12.9338298], [77.5788765, 12.9335202], [77.5784623, 12.9335216], [77.5784634, 12.9338313]]]}, "properties": {"name": "Ambedkar Park", "category": "park", "osm_id": 1545024827, "osm_type": "way"}}, {"type": "Feature", "geometry": {"type": "Polygon", "coordinates": [[[77.4834824, 12.9602799], [77.4837326, 12.9601644], [77.4839853, 12.9600538], [77.4842978, 12.9599251], [77.4846135, 12.959804], [77.4849321, 12.9596905], [77.484865, 12.9592644], [77.4834354, 12.9597689], [77.483249, 12.9598826], [77.4834824, 12.9602799]]]}, "properties": {"name": "Upkara Park", "category": "park", "osm_id": 1545167114, "osm_type": "way"}}, {"type": "Feature", "geometry": {"type": "Polygon", "coordinates": [[[77.4944231, 12.9587377], [77.4942689, 12.9580372], [77.4939752, 12.9580895], [77.4943346, 12.9587626], [77.4944231, 12.9587377]]]}, "properties": {"name": "park 1545325911", "category": "park", "osm_id": 1545325911, "osm_type": "way"}}, {"type": "Feature", "geometry": {"type": "Polygon", "coordinates": [[[77.4938008, 12.9574438], [77.4950105, 12.9572373], [77.4950078, 12.9571877], [77.4936305, 12.9570622], [77.4938008, 12.9574438]]]}, "properties": {"name": "park 1545325912", "category": "park", "osm_id": 1545325912, "osm_type": "way"}}, {"type": "Feature", "geometry": {"type": "Polygon", "coordinates": [[[77.499155, 12.9701138], [77.4999672, 12.9710724], [77.5006257, 12.9715207], [77.500807, 12.9717092], [77.5002552, 12.9721165], [77.4986276, 12.9702316], [77.499155, 12.9701138]]]}, "properties": {"name": "park 1545356732", "category": "park", "osm_id": 1545356732, "osm_type": "way"}}, {"type": "Feature", "geometry": {"type": "Polygon", "coordinates": [[[77.5000249, 12.9707091], [77.4994107, 12.9699929], [77.4991934, 12.9700452], [77.4998505, 12.9708476], [77.5000249, 12.9707091]]]}, "properties": {"name": "park 1545356740", "category": "park", "osm_id": 1545356740, "osm_type": "way"}}, {"type": "Feature", "geometry": {"type": "Polygon", "coordinates": [[[77.4989788, 12.9651914], [77.4993329, 12.9650293], [77.498893, 12.9645693], [77.4986328, 12.9646738], [77.4989788, 12.9651914]]]}, "properties": {"name": "park 1545949136", "category": "park", "osm_id": 1545949136, "osm_type": "way"}}, {"type": "Feature", "geometry": {"type": "Polygon", "coordinates": [[[77.5096205, 12.9821441], [77.5097439, 12.9821206], [77.5097197, 12.9819846], [77.5097921, 12.9819768], [77.5097653, 12.981867], [77.509701, 12.9817677], [77.5096366, 12.9809392], [77.5094005, 12.9810098], [77.5096205, 12.9821441]]]}, "properties": {"name": "park 1546074012", "category": "park", "osm_id": 1546074012, "osm_type": "way"}}, {"type": "Feature", "geometry": {"type": "Polygon", "coordinates": [[[77.506913, 12.9790607], [77.5068097, 12.9790883], [77.5068786, 12.9793332], [77.5071566, 12.9792589], [77.5071238, 12.9791422], [77.506949, 12.9791889], [77.506913, 12.9790607]]]}, "properties": {"name": "park 1546074398", "category": "park", "osm_id": 1546074398, "osm_type": "way"}}, {"type": "Feature", "geometry": {"type": "Polygon", "coordinates": [[[77.4899384, 12.9530341], [77.4897936, 12.9521689], [77.4895683, 12.9522212], [77.4899384, 12.9530341]]]}, "properties": {"name": "park 1547251599", "category": "park", "osm_id": 1547251599, "osm_type": "way"}}, {"type": "Feature", "geometry": {"type": "Polygon", "coordinates": [[[77.491757, 12.9546822], [77.4926341, 12.9546914], [77.4925281, 12.9544182], [77.4924188, 12.9544166], [77.4923097, 12.954421], [77.4922009, 12.9544313], [77.4920693, 12.9544518], [77.4919394, 12.954481], [77.4917087, 12.9545502], [77.491757, 12.9546822]]]}, "properties": {"name": "park 1547251603", "category": "park", "osm_id": 1547251603, "osm_type": "way"}}, {"type": "Feature", "geometry": {"type": "Polygon", "coordinates": [[[77.4916953, 12.9532694], [77.4919131, 12.9532181], [77.4919286, 12.9532145], [77.4917664, 12.9527557], [77.4916229, 12.952791], [77.4916953, 12.9532694]]]}, "properties": {"name": "park 1547251607", "category": "park", "osm_id": 1547251607, "osm_type": "way"}}, {"type": "Feature", "geometry": {"type": "Polygon", "coordinates": [[[77.490432, 12.9497353], [77.4912044, 12.9500908], [77.4910462, 12.9495628], [77.490432, 12.9497353]]]}, "properties": {"name": "park 1547251708", "category": "park", "osm_id": 1547251708, "osm_type": "way"}}, {"type": "Feature", "geometry": {"type": "Polygon", "coordinates": [[[77.489917, 12.9485485], [77.4907123, 12.9483263], [77.4905875, 12.9479107], [77.4898969, 12.948491], [77.489917, 12.9485485]]]}, "properties": {"name": "park 1547251716", "category": "park", "osm_id": 1547251716, "osm_type": "way"}}, {"type": "Feature", "geometry": {"type": "Polygon", "coordinates": [[[77.4875312, 12.9450222], [77.487794, 12.9454562], [77.4881642, 12.9453568], [77.4878852, 12.9448419], [77.4875312, 12.9450222]]]}, "properties": {"name": "park 1547251848", "category": "park", "osm_id": 1547251848, "osm_type": "way"}}, {"type": "Feature", "geometry": {"type": "Polygon", "coordinates": [[[77.4896193, 12.946588], [77.4898526, 12.9464756], [77.4895763, 12.9459842], [77.4893001, 12.9460613], [77.4896193, 12.946588]]]}, "properties": {"name": "park 1547251860", "category": "park", "osm_id": 1547251860, "osm_type": "way"}}, {"type": "Feature", "geometry": {"type": "Polygon", "coordinates": [[[77.4902469, 12.9453986], [77.4900296, 12.9454692], [77.4905795, 12.9463841], [77.4907814, 12.946289], [77.4909013, 12.9462325], [77.490389, 12.9456914], [77.490322, 12.9455659], [77.4902469, 12.9453986]]]}, "properties": {"name": "park 1547251861", "category": "park", "osm_id": 1547251861, "osm_type": "way"}}, {"type": "Feature", "geometry": {"type": "Polygon", "coordinates": [[[77.4912688, 12.9462848], [77.4909094, 12.9452078], [77.4903166, 12.9453882], [77.4904239, 12.9455869], [77.4905473, 12.9457071], [77.490845, 12.9458849], [77.4909952, 12.9459554], [77.4912366, 12.9462926], [77.4912688, 12.9462848]]]}, "properties": {"name": "park 1547463640", "category": "park", "osm_id": 1547463640, "osm_type": "way"}}, {"type": "Feature", "geometry": {"type": "Polygon", "coordinates": [[[77.4869022, 12.9433806], [77.4866366, 12.9428499], [77.4864623, 12.9429231], [77.4867278, 12.9434342], [77.4869022, 12.9433806]]]}, "properties": {"name": "park 1547463897", "category": "park", "osm_id": 1547463897, "osm_type": "way"}}, {"type": "Feature", "geometry": {"type": "Polygon", "coordinates": [[[77.4853264, 12.9412227], [77.4855544, 12.9412018], [77.4854919, 12.9410199], [77.4852902, 12.9404332], [77.4851722, 12.9404986], [77.4853264, 12.9412227]]]}, "properties": {"name": "park 1547832506", "category": "park", "osm_id": 1547832506, "osm_type": "way"}}, {"type": "Feature", "geometry": {"type": "Polygon", "coordinates": [[[77.5400649, 12.8590159], [77.5402976, 12.8589469], [77.5402339, 12.8587426], [77.5400012, 12.8588116], [77.5400649, 12.8590159]]]}, "properties": {"name": "park 1547940228", "category": "park", "osm_id": 1547940228, "osm_type": "way"}}, {"type": "Feature", "geometry": {"type": "Polygon", "coordinates": [[[77.5485742, 12.8712901], [77.5479197, 12.8712718], [77.5478178, 12.8712378], [77.5477803, 12.8711986], [77.5477293, 12.8712588], [77.5477883, 12.8716118], [77.5483355, 12.8715647], [77.5486279, 12.8714522], [77.5485742, 12.8712901]]]}, "properties": {"name": "park 1547940255", "category": "park", "osm_id": 1547940255, "osm_type": "way"}}, {"type": "Feature", "geometry": {"type": "Polygon", "coordinates": [[[77.5380802, 12.8634596], [77.5379674, 12.863456], [77.537685, 12.8631149], [77.5374993, 12.863148], [77.537304, 12.8631581], [77.5374269, 12.8632481], [77.5375423, 12.8632442], [77.5375517, 12.8635528], [77.5376442, 12.8636404], [77.5376523, 12.8637567], [77.5380948, 12.8636901], [77.5380802, 12.8634596]]]}, "properties": {"name": "park 1547940267", "category": "park", "osm_id": 1547940267, "osm_type": "way"}}, {"type": "Feature", "geometry": {"type": "Polygon", "coordinates": [[[77.5282082, 12.8606705], [77.5283155, 12.8608143], [77.5283276, 12.8608209], [77.5283373, 12.860822], [77.528347, 12.8608202], [77.5285468, 12.8607404], [77.5285513, 12.8607363], [77.5285535, 12.8607306], [77.5285527, 12.8607234], [77.5285482, 12.8607176], [77.5284617, 12.8606182], [77.52845, 12.8606089], [77.5284362, 12.8606032], [77.5284189, 12.8606014], [77.528402, 12.8606051], [77.5282256, 12.8606528], [77.5282157, 12.8606541], [77.5282089, 12.8606613], [77.5282082, 12.8606705]]]}, "properties": {"name": "park 1547940286", "category": "park", "osm_id": 1547940286, "osm_type": "way"}}]}